key,korean_text,occurrence_count,locations
app.닫기,닫기,195,web/app.js:330 | web/index.html:159 | web/index.html:159 | web/index.html:181 | web/index.html:181
app.먼저_작품을_선택해_주세요,먼저 작품을 선택해 주세요.,78,web/app.js:6604 | web/app.js:6691 | web/app.js:6726 | web/app.js:7708 | web/app.js:7870
index.메인에서_보기,메인에서 보기,49,web/index.html:406 | web/index.html:406 | web/index.html:406 | web/index.html:406 | web/index.html:425
index.적어_둔_내용은_그대로_두고_토리_분석만_보,"적어 둔 내용은 그대로 두고, 토리 분석만 보여 줍니다",34,web/index.html:621 | web/index.html:621 | web/index.html:626 | web/index.html:626 | web/index.html:631
app.토리에게_물어보기,토리에게 물어보기,25,web/app.js:9144 | web/app.js:9238 | web/app.js:9340 | web/app.js:9623 | web/app.js:9739
app.기타,기타,24,web/app.js:755 | web/app.js:798 | web/app.js:5563 | web/app.js:5584 | web/app.js:5598
app.결과_없음,(결과 없음),21,web/app.js:9132 | web/app.js:9328 | web/app.js:9611 | web/app.js:9727 | web/app.js:9814
app.제목_없음,제목 없음,20,web/app.js:6457 | web/app.js:6457 | web/app.js:8353 | web/app.js:18488 | web/app.js:24301
app.저장,저장,20,web/app.js:17181 | web/app.js:24357 | web/app.js:24490 | web/app.js:25678 | web/app.js:29134
index.끌어_순서_변경,끌어 순서 변경,20,web/index.html:402 | web/index.html:402 | web/index.html:421 | web/index.html:421 | web/index.html:452
app.확인,확인,18,web/app.js:20328 | web/app.js:20336 | web/app.js:20343 | web/app.js:20350 | web/app.js:20365
index.새_분석_있음,새 분석 있음,17,web/index.html:621 | web/index.html:626 | web/index.html:631 | web/index.html:640 | web/index.html:645
app.원고,원고,14,web/app.js:13475 | web/app.js:26175 | web/app.js:26179 | web/app.js:26552 | web/app.js:26553
app.줄간격,줄간격,13,web/app.js:3242 | web/index.html:1151 | web/index.html:1151 | web/index.html:1152 | web/index.html:1152
app.소통방으로,소통방으로,13,web/app.js:14483 | web/index.html:2610 | web/index.html:2610 | web/index.html:2610 | web/index.html:2610
app.북마크,북마크,13,web/app.js:26741 | web/app.js:26814 | web/app.js:26814 | web/app.js:26930 | web/index.html:1412
app.이전,이전,12,web/app.js:22638 | web/app.js:22640 | web/app.js:42136 | web/app.js:48019 | web/index.html:1078
app.현재_2,· 현재,11,web/app.js:8860 | web/app.js:8888 | web/app.js:9369 | web/app.js:9397 | web/app.js:10259
app.ep_index_화_ep_label_ep,${ep.index}화 · ${ep.label || ep.shortLabel || id}${mark},11,web/app.js:8861 | web/app.js:8889 | web/app.js:9370 | web/app.js:9398 | web/app.js:10260
app.목록으로,목록으로,11,web/app.js:22626 | web/app.js:22628 | web/app.js:22630 | web/app.js:22632 | web/app.js:22634
app.작가_메모,작가 메모,11,web/app.js:30751 | web/app.js:30778 | web/app.js:30779 | web/app.js:30788 | web/app.js:30789
app.본문,본문,10,web/app.js:3310 | web/app.js:31050 | web/app.js:31350 | web/app.js:31387 | web/app.js:31388
app.분석,분석 ▾,10,web/app.js:9140 | web/app.js:9234 | web/app.js:9336 | web/app.js:9619 | web/app.js:9735
app.먼저_목차에서_씬_하나를_열어_주세요,먼저 목차에서 씬 하나를 열어 주세요.,10,web/app.js:9923 | web/app.js:10125 | web/app.js:30953 | web/app.js:31040 | web/app.js:31142
app.만들기,만들기,10,web/app.js:36486 | web/app.js:36497 | web/app.js:36545 | web/app.js:37801 | web/app.js:37843
index.저장_자동_저장됨,저장 (자동 저장됨),10,web/index.html:434 | web/index.html:434 | web/index.html:442 | web/index.html:442 | web/index.html:465
index.이_기능_숨기기,이 기능 숨기기,10,web/index.html:4452 | web/index.html:4573 | web/index.html:4590 | web/index.html:4611 | web/index.html:4626
app.글꼴,글꼴,9,web/app.js:3240 | web/index.html:1131 | web/index.html:1131 | web/index.html:1131 | web/index.html:1131
app.장르,장르,9,web/app.js:5770 | web/app.js:6212 | web/app.js:6217 | web/app.js:6270 | web/index.html:503
app.자동_저장,자동 저장,9,web/app.js:7914 | web/app.js:8049 | web/app.js:42100 | web/app.js:42316 | web/app.js:43042
app.무엇을_도와드릴까요,무엇을 도와드릴까요?,9,web/app.js:12262 | web/app.js:12265 | web/app.js:12367 | web/app.js:12368 | web/app.js:12370
app.진단으로,진단으로,9,web/app.js:22626 | web/app.js:22628 | web/app.js:22630 | web/app.js:22632 | web/app.js:22634
app.목차,목차,9,web/app.js:36924 | web/app.js:47950 | web/index.html:330 | web/index.html:382 | web/index.html:382
index.선택한_키워드,선택한 키워드,9,web/index.html:573 | web/index.html:573 | web/index.html:1015 | web/index.html:1016 | web/index.html:1016
app.노랑,노랑,8,web/app.js:1240 | web/app.js:3649 | web/app.js:8274 | web/app.js:18689 | web/index.html:4529
app.파랑,파랑,8,web/app.js:1244 | web/app.js:3648 | web/app.js:8276 | web/app.js:18692 | web/index.html:4531
app.초록,초록,8,web/app.js:1246 | web/app.js:3650 | web/app.js:8277 | web/app.js:18690 | web/index.html:4530
app.option_value_열_수_있는_회차가,"<option value="""">열 수 있는 회차가 없어요</option>",8,web/app.js:8855 | web/app.js:9364 | web/app.js:10254 | web/app.js:10384 | web/app.js:10512
app.option_value_회차를_선택하세요,"<option value="""">회차를 선택하세요</option>${opts.join("""")}",8,web/app.js:8864 | web/app.js:9373 | web/app.js:10263 | web/app.js:10393 | web/app.js:10521
app.기준_회차를_선택해_주세요,기준 회차를 선택해 주세요.,8,web/app.js:9005 | web/app.js:9498 | web/app.js:10321 | web/app.js:10450 | web/app.js:10578
app.후킹형,후킹형,8,web/app.js:13115 | web/app.js:13138 | web/app.js:13140 | web/app.js:13166 | web/app.js:40162
app.기록,기록,8,web/app.js:17620 | web/app.js:17621 | web/app.js:47941 | web/index.html:1451 | web/index.html:1451
app.파일,파일,8,web/app.js:23993 | web/app.js:24778 | web/app.js:30305 | web/app.js:30410 | web/app.js:30490
app.참고자료,참고자료,8,web/app.js:24285 | web/app.js:24289 | web/app.js:24623 | web/app.js:24679 | web/app.js:24695
app.참고_자료,참고 자료,8,web/app.js:30306 | web/app.js:30753 | web/app.js:30825 | web/app.js:30835 | web/index.html:1334
index.이_안내_숨기기,이 안내 숨기기,8,web/index.html:376 | web/index.html:376 | web/index.html:395 | web/index.html:395 | web/index.html:752
index.안내_닫기,안내 닫기,8,web/index.html:376 | web/index.html:376 | web/index.html:395 | web/index.html:395 | web/index.html:752
index.취소,취소,8,web/index.html:380 | web/index.html:4080 | web/index.html:4317 | web/index.html:5113 | web/index.html:5842
index.직접_입력_후_Enter,직접 입력 후 Enter,8,web/index.html:590 | web/index.html:590 | web/index.html:1028 | web/index.html:1028 | web/index.html:4073
index.키워드_직접_입력,키워드 직접 입력,8,web/index.html:591 | web/index.html:591 | web/index.html:1029 | web/index.html:1029 | web/index.html:4073
index.직접_입력_키워드_추가,직접 입력 키워드 추가,8,web/index.html:593 | web/index.html:593 | web/index.html:1031 | web/index.html:1031 | web/index.html:4074
index.단락_스타일,단락 스타일,8,web/index.html:1120 | web/index.html:1120 | web/index.html:1120 | web/index.html:1120 | web/index.html:2075
index.글자_크기,글자 크기,8,web/index.html:1137 | web/index.html:1137 | web/index.html:1137 | web/index.html:1137 | web/index.html:2092
index.왼쪽_정렬,왼쪽 정렬,8,web/index.html:1235 | web/index.html:1235 | web/index.html:1235 | web/index.html:1235 | web/index.html:2187
index.가운데_정렬,가운데 정렬,8,web/index.html:1240 | web/index.html:1240 | web/index.html:1240 | web/index.html:1240 | web/index.html:2192
index.오른쪽_정렬,오른쪽 정렬,8,web/index.html:1245 | web/index.html:1245 | web/index.html:1245 | web/index.html:1245 | web/index.html:2197
index.양쪽_정렬,양쪽 정렬,8,web/index.html:1250 | web/index.html:1250 | web/index.html:1250 | web/index.html:1250 | web/index.html:2202
index.작성_상태,작성 상태,8,web/index.html:1597 | web/index.html:1597 | web/index.html:1598 | web/index.html:1598 | web/index.html:1598
index.다른_회차_지정,다른 회차 지정,8,web/index.html:3311 | web/index.html:5478 | web/index.html:5511 | web/index.html:5583 | web/index.html:5616
index.회차를_선택하세요,회차를 선택하세요,8,web/index.html:3317 | web/index.html:5484 | web/index.html:5517 | web/index.html:5589 | web/index.html:5622
app.주황,주황,7,web/app.js:1241 | web/app.js:8278 | web/app.js:18688 | web/index.html:4528 | web/index.html:4528
app.빨강,빨강,7,web/app.js:1242 | web/app.js:3647 | web/app.js:18687 | web/index.html:4527 | web/index.html:4527
app.보라,보라,7,web/app.js:1245 | web/app.js:8279 | web/app.js:18694 | web/index.html:4532 | web/index.html:4532
app.작품을_먼저_선택해_주세요,작품을 먼저 선택해 주세요.,7,web/app.js:1982 | web/app.js:6306 | web/app.js:15888 | web/app.js:16369 | web/app.js:25242
app.직접_입력,직접 입력,7,web/app.js:5937 | web/app.js:5944 | web/index.html:538 | web/index.html:538 | web/index.html:560
app.떡밥_복선_탐색기,떡밥·복선 탐색기,7,web/app.js:12554 | web/app.js:12568 | web/app.js:19053 | web/app.js:20323 | web/app.js:20459
app.이어서_쓰기,이어서 쓰기,7,web/app.js:13288 | web/app.js:19043 | web/app.js:20346 | web/app.js:40115 | web/app.js:40127
app.스며듦_검사,스며듦 검사,7,web/app.js:19068 | web/index.html:2573 | web/index.html:2573 | web/index.html:3186 | web/index.html:3186
app.추가_2,추가,7,web/app.js:24357 | web/app.js:24490 | web/app.js:46239 | web/index.html:593 | web/index.html:1031
app.상단_고정,상단 고정,7,web/app.js:26356 | web/app.js:26919 | web/app.js:27317 | web/app.js:34639 | web/index.html:4392
app.폴더,폴더,7,web/app.js:27206 | web/app.js:27206 | web/app.js:36925 | web/app.js:37514 | web/app.js:37538
index.글머리_기호,글머리 기호,7,web/index.html:1269 | web/index.html:1269 | web/index.html:2220 | web/index.html:2220 | web/index.html:4617
index.특수문자,특수문자,7,web/index.html:1288 | web/index.html:1288 | web/index.html:2239 | web/index.html:2239 | web/index.html:4632
index.현재_작성_중인_회차,현재 작성 중인 회차,7,web/index.html:5474 | web/index.html:5507 | web/index.html:5579 | web/index.html:5612 | web/index.html:5651
app.시놉시스,시놉시스,6,web/app.js:543 | web/app.js:549 | web/app.js:14084 | web/app.js:18729 | web/index.html:476
app.세계관,세계관,6,web/app.js:561 | web/app.js:567 | web/app.js:18731 | web/index.html:603 | web/index.html:612
app.민트,민트,6,web/app.js:1247 | web/app.js:1262 | web/index.html:4787 | web/index.html:4787 | web/index.html:4787
app.회색,회색,6,web/app.js:1252 | web/app.js:3651 | web/index.html:4533 | web/index.html:4533 | web/index.html:4533
app.글자색,글자색,6,web/app.js:4420 | web/index.html:1211 | web/index.html:1211 | web/index.html:2164 | web/index.html:2164
app.미정,미정,6,web/app.js:5742 | web/app.js:5862 | web/app.js:5872 | web/app.js:7375 | web/app.js:11800
app.씬_id,씬 #${id},6,web/app.js:8829 | web/app.js:17159 | web/app.js:25364 | web/app.js:25608 | web/app.js:42069
app.캐릭터,캐릭터,6,web/app.js:14490 | web/app.js:15108 | web/app.js:15249 | web/app.js:18732 | web/index.html:719
app.글자_수,글자 수,6,web/app.js:18079 | web/app.js:18092 | web/app.js:18105 | web/index.html:1676 | web/index.html:1676
app.문장_다듬기,문장 다듬기,6,web/app.js:19044 | web/app.js:20353 | web/app.js:41726 | web/index.html:2475 | web/index.html:3352
app.피드백_요청,피드백 요청,6,web/app.js:19050 | web/app.js:19051 | web/index.html:1379 | web/index.html:2352 | web/index.html:2469
app.손가락_놀이터,손가락 놀이터,6,web/app.js:21662 | web/index.html:3580 | web/index.html:3743 | web/index.html:3750 | web/index.html:3750
app.설정,설정,6,web/app.js:26552 | web/app.js:27909 | web/app.js:27933 | web/app.js:27937 | web/index.html:3015
app.다음,다음,6,web/app.js:42137 | web/app.js:48018 | web/index.html:1100 | web/index.html:1563 | web/index.html:1563
app.새_캐릭터,새 캐릭터,6,web/app.js:42727 | web/app.js:42731 | web/app.js:43678 | web/app.js:43682 | web/index.html:728
app.관리자_모드,관리자 모드,6,web/app.js:47696 | web/index.html:847 | web/index.html:847 | web/index.html:847 | web/index.html:847
index.키워드_태그_선택,키워드 태그 선택,6,web/index.html:578 | web/index.html:578 | web/index.html:4066 | web/index.html:4066 | web/index.html:4210
index.테마_선택,테마 선택,6,web/index.html:857 | web/index.html:857 | web/index.html:858 | web/index.html:858 | web/index.html:914
index.글자_서식,글자 서식,6,web/index.html:1106 | web/index.html:1106 | web/index.html:1180 | web/index.html:1180 | web/index.html:2134
index.취소선,취소선,6,web/index.html:1184 | web/index.html:1184 | web/index.html:2138 | web/index.html:2138 | web/index.html:2138
index.형광펜,형광펜,6,web/index.html:1195 | web/index.html:1195 | web/index.html:2148 | web/index.html:2148 | web/index.html:2735
index.분할,분할,6,web/index.html:1497 | web/index.html:1497 | web/index.html:1505 | web/index.html:1834 | web/index.html:1834
index.끌어_이동,끌어 이동,6,web/index.html:1722 | web/index.html:1722 | web/index.html:2961 | web/index.html:2961 | web/index.html:2979
index.위쪽_크기_조절,위쪽 크기 조절,6,web/index.html:1961 | web/index.html:1961 | web/index.html:2967 | web/index.html:2967 | web/index.html:2995
index.아래쪽_크기_조절,아래쪽 크기 조절,6,web/index.html:1962 | web/index.html:1962 | web/index.html:2968 | web/index.html:2968 | web/index.html:2996
index.오른쪽_크기_조절,오른쪽 크기 조절,6,web/index.html:1963 | web/index.html:1963 | web/index.html:2969 | web/index.html:2969 | web/index.html:2997
index.왼쪽_크기_조절,왼쪽 크기 조절,6,web/index.html:1964 | web/index.html:1964 | web/index.html:2970 | web/index.html:2970 | web/index.html:2998
index.오른쪽_위_크기_조절,오른쪽 위 크기 조절,6,web/index.html:1965 | web/index.html:1965 | web/index.html:2971 | web/index.html:2971 | web/index.html:2999
index.왼쪽_위_크기_조절,왼쪽 위 크기 조절,6,web/index.html:1966 | web/index.html:1966 | web/index.html:2972 | web/index.html:2972 | web/index.html:3000
index.오른쪽_아래_크기_조절,오른쪽 아래 크기 조절,6,web/index.html:1967 | web/index.html:1967 | web/index.html:2973 | web/index.html:2973 | web/index.html:3001
index.왼쪽_아래_크기_조절,왼쪽 아래 크기 조절,6,web/index.html:1968 | web/index.html:1968 | web/index.html:2974 | web/index.html:2974 | web/index.html:3002
index.스며듦_검사_결과,스며듦 검사 결과,6,web/index.html:2580 | web/index.html:2580 | web/index.html:3193 | web/index.html:3193 | web/index.html:3905
index.기준_회차,기준 회차,6,web/index.html:5471 | web/index.html:5504 | web/index.html:5576 | web/index.html:5648 | web/index.html:5692
index.다중_회차_선택,다중 회차 선택,6,web/index.html:5671 | web/index.html:5671 | web/index.html:5712 | web/index.html:5712 | web/index.html:5753
app.작품소개_기획의도,작품소개·기획의도,5,web/app.js:506 | web/app.js:510 | web/app.js:7367 | web/app.js:18706 | web/index.html:423
app.로그라인_시놉시스,로그라인·시놉시스,5,web/app.js:514 | web/app.js:518 | web/app.js:7368 | web/app.js:18719 | web/index.html:454
app.기획의도,기획의도,5,web/app.js:534 | web/app.js:540 | web/app.js:18715 | web/index.html:440 | web/index.html:2271
app.검정,검정,5,web/app.js:1250 | web/index.html:4536 | web/index.html:4536 | web/index.html:4536 | web/index.html:4536
app.장평,장평,5,web/app.js:3243 | web/index.html:1164 | web/index.html:1164 | web/index.html:2119 | web/index.html:2119
app.서식,서식,5,web/app.js:3244 | web/index.html:1108 | web/index.html:1108 | web/index.html:2065 | web/index.html:2065
app.주인공,주인공,5,web/app.js:5547 | web/app.js:11722 | web/app.js:11816 | web/app.js:42464 | web/index.html:1988
app.조연,조연,5,web/app.js:5547 | web/app.js:11724 | web/app.js:11818 | web/app.js:42466 | web/index.html:1990
app.단역,단역,5,web/app.js:5547 | web/app.js:11725 | web/app.js:11819 | web/app.js:42467 | web/index.html:1991
app.일반소설,일반소설,5,web/app.js:5549 | web/index.html:509 | web/index.html:518 | web/index.html:4031 | web/index.html:4175
app.떡밥,떡밥,5,web/app.js:7351 | web/app.js:25892 | web/app.js:25947 | web/app.js:47968 | web/index.html:2822
app.편집_중,편집 중,5,web/app.js:7950 | web/app.js:7974 | web/app.js:7977 | web/app.js:24527 | web/app.js:44137
app.피드백_요청_중,피드백 요청 중…,5,web/app.js:9096 | web/app.js:9169 | web/app.js:9291 | web/app.js:9782 | web/app.js:12972
app.브레인스토밍_중,브레인스토밍 중…,5,web/app.js:10693 | web/app.js:10697 | web/app.js:10756 | web/app.js:10760 | web/app.js:12978
app.반전_개연성_검사기,반전 & 개연성 검사기,5,web/app.js:12573 | web/app.js:12589 | web/app.js:19054 | web/app.js:20331 | web/app.js:20464
app.결과를_복사했어요,결과를 복사했어요.,5,web/app.js:13298 | web/app.js:13302 | web/app.js:13613 | web/app.js:19845 | web/app.js:41765
app.복사에_실패했어요,복사에 실패했어요.,5,web/app.js:13615 | web/app.js:18573 | web/app.js:23359 | web/app.js:23931 | web/app.js:41767
app.회차_id,회차 #${id},5,web/app.js:16291 | web/app.js:45394 | web/app.js:45394 | web/app.js:45407 | web/app.js:45411
app.알림,알림,5,web/app.js:16911 | web/app.js:17062 | web/app.js:25890 | web/app.js:25892 | web/app.js:25955
app.흥행작_프로파일_연결,흥행작 프로파일 연결,5,web/app.js:18702 | web/app.js:18750 | web/index.html:763 | web/index.html:763 | web/index.html:768
app.브레인스토밍,브레인스토밍,5,web/app.js:19049 | web/app.js:19052 | web/app.js:20339 | web/index.html:2468 | web/index.html:5603
app.세계관_묘사,세계관 묘사,5,web/app.js:19057 | web/app.js:20361 | web/index.html:2476 | web/index.html:3399 | web/index.html:3399
app.글럼프_응급실,글럼프 응급실,5,web/app.js:19063 | web/index.html:2481 | web/index.html:3538 | web/index.html:3541 | web/index.html:3541
app.투고_공모전용_시놉시스,투고·공모전용 시놉시스,5,web/app.js:19067 | web/app.js:20368 | web/index.html:2477 | web/index.html:3406 | web/index.html:3406
app.원고_내용이_너무_짧아요_조금_더_써주시면,"원고 내용이 너무 짧아요, 조금 더 써주시면 맥락을 파악할 수 있어요",5,web/app.js:22876 | web/app.js:22936 | web/app.js:23044 | web/app.js:23160 | web/app.js:23221
app.이름,이름,5,web/app.js:23446 | web/app.js:36735 | web/app.js:42726 | web/app.js:43677 | web/index.html:5993
app.수집,수집,5,web/app.js:23869 | web/index.html:810 | web/index.html:2569 | web/index.html:2787 | web/index.html:3196
app.폴더를_찾지_못했어요,폴더를 찾지 못했어요.,5,web/app.js:27397 | web/app.js:27487 | web/app.js:27498 | web/app.js:27705 | web/app.js:35102
app.이_폴더,이 폴더,5,web/app.js:27402 | web/app.js:27402 | web/app.js:27408 | web/app.js:37982 | web/app.js:37982
app.테마색,테마색,5,web/app.js:28300 | web/index.html:4772 | web/index.html:4772 | web/index.html:4772 | web/index.html:4772
app.등장_인물,등장 인물,5,web/app.js:30752 | web/app.js:42485 | web/app.js:42495 | web/index.html:1322 | web/index.html:1322
app.기능,기능,5,web/app.js:30972 | web/app.js:47175 | web/app.js:47296 | web/index.html:1723 | web/index.html:4827
app.다듬은_결과,다듬은 결과,5,web/app.js:40867 | web/app.js:40953 | web/app.js:40969 | web/app.js:41343 | web/index.html:3890
app.스며듦_검사하기,스며듦 검사하기,5,web/app.js:41044 | web/app.js:41154 | web/index.html:2578 | web/index.html:3191 | web/index.html:3903
app.복사,복사,5,web/app.js:41399 | web/index.html:2570 | web/index.html:3197 | web/index.html:3860 | web/index.html:3909
app.분할_다른_회차를_화면_나누기_또는_팝업으로,분할: 다른 회차를 화면 나누기 또는 팝업으로 엽니다 (Ctrl+Alt+S / Ctrl+Alt+P),5,web/app.js:44374 | web/index.html:1496 | web/index.html:1496 | web/index.html:5216 | web/index.html:5216
app.가져오기,가져오기,5,web/app.js:46032 | web/app.js:46052 | web/app.js:46505 | web/app.js:46535 | web/index.html:4318
app.휴지통,휴지통,5,web/app.js:47678 | web/index.html:4852 | web/index.html:5080 | web/index.html:5080 | web/index.html:5084
app.다크_모드,다크 모드,5,web/app.js:48165 | web/index.html:4793 | web/index.html:4793 | web/index.html:4793 | web/index.html:4793
index.세피아,세피아,5,web/index.html:4784 | web/index.html:4784 | web/index.html:4784 | web/index.html:4784 | web/index.html:5385
app.작품소개,작품소개,4,web/app.js:525 | web/app.js:531 | web/index.html:432 | web/index.html:2254
app.로그라인,로그라인,4,web/app.js:552 | web/app.js:558 | web/app.js:18730 | web/index.html:463
app.단어,단어,4,web/app.js:900 | web/app.js:1064 | web/app.js:1988 | web/index.html:1679
app.자,자,4,web/app.js:1064 | web/app.js:1988 | web/index.html:5166 | web/index.html:5172
app.토리,토리,4,web/app.js:1239 | web/app.js:19071 | web/app.js:22488 | web/index.html:4869
app.비슷하지만_다른_표현을_찾고_싶을_때_유용해,비슷하지만 다른 표현을 찾고 싶을 때 유용해요.,4,web/app.js:2353 | web/app.js:2519 | web/app.js:2572 | web/index.html:1590
app.대립_인물,대립 인물,4,web/app.js:5547 | web/app.js:11723 | web/app.js:11817 | web/index.html:1989
app.단편,단편,4,web/app.js:5552 | web/app.js:5718 | web/index.html:4034 | web/index.html:4178
app.메인_장르,메인 장르,4,web/app.js:5959 | web/app.js:36788 | web/index.html:4048 | web/index.html:4192
app.서브_장르,서브 장르,4,web/app.js:6009 | web/app.js:36789 | web/index.html:4053 | web/index.html:4197
app.하위_장르,하위 장르,4,web/app.js:6227 | web/app.js:6232 | web/index.html:545 | web/index.html:554
app.이름_없음,이름 없음,4,web/app.js:7399 | web/app.js:8005 | web/app.js:28018 | web/app.js:42530
app.저장_대기_중,저장 대기 중…,4,web/app.js:7676 | web/app.js:8156 | web/app.js:43170 | web/app.js:44159
app.피드백_중,피드백 중…,4,web/app.js:9092 | web/app.js:9165 | web/app.js:9287 | web/app.js:9778
app.선택한_회차_원고가_비어_있어요,선택한 회차 원고가 비어 있어요.,4,web/app.js:9222 | web/app.js:9273 | web/app.js:9669 | web/app.js:11524
app.현재_열린_회차가_없어요_다른_회차를_지정해,현재 열린 회차가 없어요. 다른 회차를 지정해 주세요.,4,web/app.js:10328 | web/app.js:10457 | web/app.js:10585 | web/app.js:19441
app.설정_붕괴_감지기,설정 붕괴 감지기,4,web/app.js:11178 | web/index.html:1383 | web/index.html:2463 | web/index.html:5727
app.검사_중,검사 중…,4,web/app.js:11427 | web/app.js:11544 | web/app.js:11643 | web/app.js:33480
app.요청_내용,요청 내용,4,web/app.js:12139 | web/app.js:13675 | web/index.html:2522 | web/index.html:3247
app.예_6장_단서가_너무_약하니_더_날카롭게_짚,예: 6장 단서가 너무 약하니 더 날카롭게 짚어 줘.,4,web/app.js:12570 | web/app.js:20327 | web/index.html:3414 | web/index.html:3414
app.결과,결과,4,web/app.js:13476 | web/app.js:13501 | web/index.html:2537 | web/index.html:3855
app.저장_중,저장 중…,4,web/app.js:14319 | web/app.js:24381 | web/app.js:42624 | web/app.js:43159
app.이전_대화,이전 대화,4,web/app.js:15008 | web/app.js:15008 | web/app.js:15041 | web/app.js:15120
app.p_class_hint_가상_독자를_불러오,"<p class=""hint"">가상 독자를 불러오지 못했어요.</p>",4,web/app.js:16142 | web/app.js:16390 | web/app.js:16396 | web/app.js:16575
app.이_회차,이 회차,4,web/app.js:17049 | web/app.js:45549 | web/app.js:45743 | web/index.html:4713
app.집필_시간,집필 시간,4,web/app.js:18080 | web/app.js:18093 | web/app.js:18106 | web/index.html:3067
app.떡밥모음,떡밥모음,4,web/app.js:18700 | web/app.js:18740 | web/index.html:739 | web/index.html:5794
app.참고자료_출처,참고자료·출처,4,web/app.js:18733 | web/app.js:18777 | web/index.html:819 | web/index.html:1798
app.메모,+ 메모,4,web/app.js:18770 | web/index.html:413 | web/index.html:807 | web/index.html:996
app.비우기,비우기,4,web/app.js:18772 | web/index.html:808 | web/index.html:1046 | web/index.html:3259
app.회차_요약,회차 요약,4,web/app.js:19045 | web/app.js:19046 | web/index.html:2459 | web/index.html:5686
app.다음_아이디어_제안,다음 아이디어 제안,4,web/app.js:19047 | web/app.js:19048 | web/index.html:2467 | web/index.html:5570
app.흥행_공식_분석_2,흥행 공식 분석,4,web/app.js:19061 | web/app.js:21503 | web/index.html:2480 | web/index.html:3428
app.10분_뇌_빼고_쓰기,10분 뇌 빼고 쓰기,4,web/app.js:21655 | web/index.html:3560 | web/index.html:3632 | web/index.html:3793
app.럭키_문장_뽑기,럭키 문장 뽑기,4,web/app.js:21659 | web/index.html:3572 | web/index.html:3629 | web/index.html:3712
app.북마크를_해제했어요,북마크를 해제했어요.,4,web/app.js:26378 | web/app.js:26514 | web/app.js:27764 | web/app.js:27807
app.설정집,설정집,4,web/app.js:26553 | web/app.js:47620 | web/index.html:313 | web/index.html:388
app.북마크_해제,북마크 해제,4,web/app.js:26584 | web/app.js:26930 | web/app.js:29820 | web/index.html:4585
app.북마크하기,북마크하기,4,web/app.js:29820 | web/index.html:4388 | web/index.html:4551 | web/index.html:4715
app.참고_자료_링크_파일,참고 자료 (링크·파일),4,web/app.js:30824 | web/app.js:30834 | web/index.html:1334 | web/index.html:1334
app.전체보기,전체보기,4,web/app.js:31026 | web/index.html:2616 | web/index.html:2666 | web/index.html:5226
app.먼저_새_작품을_만들어_주세요,먼저 새 작품을 만들어 주세요.,4,web/app.js:37087 | web/app.js:37788 | web/app.js:37899 | web/app.js:43673
app.새_폴더,새 폴더,4,web/app.js:37800 | web/app.js:37807 | web/app.js:37842 | web/app.js:37846
app.문장_다듬기_비교,문장 다듬기 비교,4,web/app.js:40866 | web/app.js:40968 | web/app.js:41340 | web/index.html:3875
app.좌클릭_요약_목록_우클릭_토리야_요약해_줘,좌클릭: 요약 목록 · 우클릭: 토리야 요약해 줘,4,web/app.js:41898 | web/app.js:41981 | web/index.html:1613 | web/index.html:1613
app.이_회차에_등장하는_인물_연결,이 회차에 등장하는 인물 연결,4,web/app.js:42484 | web/app.js:42494 | web/index.html:1322 | web/index.html:1322
app.먼저_회차를_열어_주세요,먼저 회차를 열어 주세요.,4,web/app.js:42641 | web/app.js:42712 | web/app.js:42722 | web/app.js:45555
app.작품_id,작품 #${id},4,web/app.js:46602 | web/app.js:46722 | web/app.js:46825 | web/app.js:46844
app.확인_요청을_보냈어요_새_버전이_있으면_안내,확인 요청을 보냈어요. 새 버전이 있으면 안내가 떠요.,4,web/app.js:46911 | web/app.js:46996 | electron/main.js:580 | electron/main.js:755
app.업데이트_확인에_실패했습니다,업데이트 확인에 실패했습니다.,4,web/app.js:46968 | web/app.js:46969 | web/app.js:47008 | electron/main.js:766
index.바인더_닫기,바인더 닫기,4,web/index.html:288 | web/index.html:288 | web/index.html:289 | web/index.html:289
index.폴더_개수,폴더 개수,4,web/index.html:332 | web/index.html:332 | web/index.html:332 | web/index.html:332
index.원고_개수,원고 개수,4,web/index.html:334 | web/index.html:334 | web/index.html:334 | web/index.html:334
index.세계관_구조,세계관 구조,4,web/index.html:616 | web/index.html:616 | web/index.html:2305 | web/index.html:2305
index.바인더_열기,바인더 열기,4,web/index.html:924 | web/index.html:924 | web/index.html:924 | web/index.html:924
index.회차_제목,회차 제목,4,web/index.html:1095 | web/index.html:1095 | web/index.html:1900 | web/index.html:1900
index.실행_취소_다시_실행,실행 취소 · 다시 실행,4,web/index.html:1112 | web/index.html:1112 | web/index.html:2068 | web/index.html:2068
index.실행_취소_Ctrl_Z,실행 취소 (Ctrl+Z),4,web/index.html:1113 | web/index.html:1113 | web/index.html:2069 | web/index.html:2069
index.실행_취소,실행 취소,4,web/index.html:1113 | web/index.html:1113 | web/index.html:2069 | web/index.html:2069
index.다시_실행_Ctrl_Y,다시 실행 (Ctrl+Y),4,web/index.html:1114 | web/index.html:1114 | web/index.html:2070 | web/index.html:2070
index.다시_실행,다시 실행,4,web/index.html:1114 | web/index.html:1114 | web/index.html:2070 | web/index.html:2070
index.단락_글꼴_크기_줄간격_장평,단락 · 글꼴 · 크기 · 줄간격 · 장평,4,web/index.html:1118 | web/index.html:1118 | web/index.html:2073 | web/index.html:2073
index.장평_우클릭_전체에_적용,장평 · 우클릭: 전체에 적용,4,web/index.html:1163 | web/index.html:1163 | web/index.html:2118 | web/index.html:2118
index.장평_글자_가로_비율,장평 (글자 가로 비율 %),4,web/index.html:1164 | web/index.html:1164 | web/index.html:2119 | web/index.html:2119
index.굵게_Ctrl_B,굵게 (Ctrl+B),4,web/index.html:1181 | web/index.html:1181 | web/index.html:2135 | web/index.html:2135
index.기울임_Ctrl_I,기울임 (Ctrl+I),4,web/index.html:1182 | web/index.html:1182 | web/index.html:2136 | web/index.html:2136
index.밑줄_Ctrl_U,밑줄 (Ctrl+U),4,web/index.html:1183 | web/index.html:1183 | web/index.html:2137 | web/index.html:2137
index.색_음영,색 · 음영,4,web/index.html:1188 | web/index.html:1188 | web/index.html:2141 | web/index.html:2141
index.형광펜_문장_드래그_후_클릭하면_바로_칠해집,형광펜 · 문장 드래그 후 클릭하면 바로 칠해집니다 · 우클릭: 색 고르기,4,web/index.html:1194 | web/index.html:1194 | web/index.html:2147 | web/index.html:2147
index.글자색_클릭_적용_우클릭_팔레트,글자색 · 클릭: 적용 · 우클릭: 팔레트,4,web/index.html:1210 | web/index.html:1210 | web/index.html:2163 | web/index.html:2163
index.텍스트_음영상자_클릭_상자_채우기_없애기_우,텍스트 음영상자 · 클릭: 상자 채우기/없애기 · 우클릭: 색 고르기,4,web/index.html:1221 | web/index.html:1221 | web/index.html:2174 | web/index.html:2174
index.텍스트_음영상자,텍스트 음영상자,4,web/index.html:1222 | web/index.html:1222 | web/index.html:2175 | web/index.html:2175
index.정렬,정렬,4,web/index.html:1234 | web/index.html:1234 | web/index.html:2186 | web/index.html:2186
index.단_나누기_2단_다시_누르면_해제,단 나누기 (2단) · 다시 누르면 해제,4,web/index.html:1255 | web/index.html:1255 | web/index.html:2207 | web/index.html:2207
index.단_나누기,단 나누기,4,web/index.html:1255 | web/index.html:1255 | web/index.html:2207 | web/index.html:2207
index.글머리_특수문자,글머리 · 특수문자,4,web/index.html:1263 | web/index.html:1263 | web/index.html:2214 | web/index.html:2214
index.글머리_기호_클릭_적용_우클릭_기호_선택,글머리 기호 · 클릭: 적용 · 우클릭: 기호 선택,4,web/index.html:1268 | web/index.html:1268 | web/index.html:2219 | web/index.html:2219
index.특수문자_클릭_기호_선택,특수문자 · 클릭: 기호 선택,4,web/index.html:1287 | web/index.html:1287 | web/index.html:2238 | web/index.html:2238
index.서식_도구_접기,서식 도구 접기,4,web/index.html:1302 | web/index.html:1302 | web/index.html:1303 | web/index.html:1303
index.도구_아이콘_접기,도구 아이콘 접기,4,web/index.html:1545 | web/index.html:1545 | web/index.html:1546 | web/index.html:1546
index.요약_칸_다시_보이기,요약 칸 다시 보이기,4,web/index.html:1626 | web/index.html:1626 | web/index.html:1627 | web/index.html:1627
index.도구_아이콘_다시_보이기,도구 아이콘 다시 보이기,4,web/index.html:1635 | web/index.html:1635 | web/index.html:1636 | web/index.html:1636
index.서식_도구_다시_보이기,서식 도구 다시 보이기,4,web/index.html:1644 | web/index.html:1644 | web/index.html:1645 | web/index.html:1645
index.클릭_공백_표시_전환_더블클릭_목표_기준,클릭: 공백 표시 전환 · 더블클릭: 목표 기준,4,web/index.html:1677 | web/index.html:1677 | web/index.html:1678 | web/index.html:1678
index.클릭_단어_글자_표시_전환_더블클릭_목표_기,클릭: 단어/글자 표시 전환 · 더블클릭: 목표 기준,4,web/index.html:1679 | web/index.html:1679 | web/index.html:1680 | web/index.html:1680
index.끌어_좌우_너비_조절,끌어 좌우 너비 조절,4,web/index.html:1828 | web/index.html:1828 | web/index.html:5249 | web/index.html:5249
index.캐릭터_이름,캐릭터 이름,4,web/index.html:1986 | web/index.html:1986 | web/index.html:1986 | web/index.html:1986
index.설정_문서,설정 문서,4,web/index.html:2264 | web/index.html:2264 | web/index.html:2281 | web/index.html:2281
index.SuperTORY_닫기,SuperTORY 닫기,4,web/index.html:2341 | web/index.html:2341 | web/index.html:2342 | web/index.html:2342
index.기능_목록으로,기능 목록으로,4,web/index.html:2450 | web/index.html:2450 | web/index.html:2451 | web/index.html:2451
index.이_결과를_토리_수집창고에_저장,이 결과를 토리 수집창고에 저장,4,web/index.html:2569 | web/index.html:2569 | web/index.html:3196 | web/index.html:3196
index.독자_목록으로,독자 목록으로,4,web/index.html:2687 | web/index.html:2687 | web/index.html:2687 | web/index.html:2687
index.첨부_취소,첨부 취소,4,web/index.html:2711 | web/index.html:2711 | web/index.html:2711 | web/index.html:2711
index.보낼_메시지,보낼 메시지,4,web/index.html:2714 | web/index.html:2714 | web/index.html:2785 | web/index.html:2785
index.토리_열기,토리 열기,4,web/index.html:2834 | web/index.html:2834 | web/index.html:2834 | web/index.html:2834
index.팝업_닫기,팝업 닫기,4,web/index.html:2964 | web/index.html:2964 | web/index.html:2964 | web/index.html:2964
index.회차_선택,회차 선택,4,web/index.html:3988 | web/index.html:5607 | web/index.html:5609 | web/index.html:5620
index.예_별이_지는_밤,예: 별이 지는 밤,4,web/index.html:4022 | web/index.html:4022 | web/index.html:4163 | web/index.html:4163
index.장르_태그에서_고르기,장르·태그에서 고르기,4,web/index.html:4062 | web/index.html:4062 | web/index.html:4206 | web/index.html:4206
index.씬_구분_기준,씬 구분 기준,4,web/index.html:4277 | web/index.html:4279 | web/index.html:4279 | web/index.html:4280
index.쨍한_빨강,쨍한 빨강,4,web/index.html:4537 | web/index.html:4537 | web/index.html:4537 | web/index.html:4537
index.쨍한_주황,쨍한 주황,4,web/index.html:4538 | web/index.html:4538 | web/index.html:4538 | web/index.html:4538
index.쨍한_노랑,쨍한 노랑,4,web/index.html:4539 | web/index.html:4539 | web/index.html:4539 | web/index.html:4539
index.쨍한_초록,쨍한 초록,4,web/index.html:4540 | web/index.html:4540 | web/index.html:4540 | web/index.html:4540
index.쨍한_파랑,쨍한 파랑,4,web/index.html:4541 | web/index.html:4541 | web/index.html:4541 | web/index.html:4541
index.쨍한_보라,쨍한 보라,4,web/index.html:4542 | web/index.html:4542 | web/index.html:4542 | web/index.html:4542
index.쨍한_회색,쨍한 회색,4,web/index.html:4543 | web/index.html:4543 | web/index.html:4543 | web/index.html:4543
index.아이보리_기본,아이보리 (기본),4,web/index.html:4775 | web/index.html:4775 | web/index.html:4775 | web/index.html:4775
index.하얀색,하얀색,4,web/index.html:4778 | web/index.html:4778 | web/index.html:4778 | web/index.html:4778
index.연한_회색,연한 회색,4,web/index.html:4781 | web/index.html:4781 | web/index.html:4781 | web/index.html:4781
index.라벤더,라벤더,4,web/index.html:4790 | web/index.html:4790 | web/index.html:4790 | web/index.html:4790
index.칠판_모드,칠판 모드,4,web/index.html:4796 | web/index.html:4796 | web/index.html:4796 | web/index.html:4796
index.본문_기본_글자색,본문 기본 글자색,4,web/index.html:4810 | web/index.html:4810 | web/index.html:4810 | web/index.html:4810
index.사용자_관리,사용자 관리,4,web/index.html:4850 | web/index.html:4997 | web/index.html:4997 | web/index.html:5001
index.작품_관리,작품 관리,4,web/index.html:4851 | web/index.html:5039 | web/index.html:5039 | web/index.html:5043
index.목차_닫기,목차 닫기,4,web/index.html:5303 | web/index.html:5303 | web/index.html:5303 | web/index.html:5303
app.작품을_한눈에_소개하는_글을_여기에_적어_보,작품을 한눈에 소개하는 글을 여기에 적어 보세요.,3,web/app.js:527 | web/index.html:2265 | web/index.html:2265
app.기획_의도_테마_전하고_싶은_메시지를_여기에,기획 의도·테마·전하고 싶은 메시지를 여기에 적어 보세요.,3,web/app.js:536 | web/index.html:2282 | web/index.html:2282
app.예_기억을_잃은_탐정이_자신의_과거를_쫓다,예: 기억을 잃은 탐정이 자신의 과거를 쫓다 도시의 비밀에 맞선다.,3,web/app.js:554 | web/index.html:469 | web/index.html:469
app.전체,전체,3,web/app.js:1037 | web/index.html:1805 | web/index.html:2820
app.분홍,분홍,3,web/app.js:1243 | web/app.js:8275 | web/app.js:18695
app.원고에서_고르거나_입력,원고에서 고르거나 입력,3,web/app.js:2347 | web/index.html:1586 | web/index.html:1586
app.단어찾기,단어찾기,3,web/app.js:2356 | web/index.html:1580 | web/index.html:4728
app.본문에서_단어나_문장을_드래그로_선택한_뒤,본문에서 단어나 문장을 드래그로 선택한 뒤 다시 시도해 주세요.,3,web/app.js:2379 | web/app.js:14741 | web/app.js:25825
app.찾기,찾기,3,web/app.js:2585 | web/index.html:1558 | web/index.html:1588
app.타자기_모드_입력_줄을_화면_중앙에_고정,타자기 모드 · 입력 줄을 화면 중앙에 고정,3,web/app.js:2843 | web/index.html:1430 | web/index.html:1430
app.제목_1,제목 1,3,web/app.js:3311 | web/index.html:1122 | web/index.html:2077
app.제목_2,제목 2,3,web/app.js:3312 | web/index.html:1123 | web/index.html:2078
app.제목_3,제목 3,3,web/app.js:3313 | web/index.html:1124 | web/index.html:2079
app.인용,인용,3,web/app.js:3314 | web/index.html:1125 | web/index.html:2080
app.캡션,캡션,3,web/app.js:3315 | web/index.html:1126 | web/index.html:2081
app.네온_핑크,네온 핑크,3,web/app.js:3655 | web/index.html:4598 | web/index.html:4598
app.네온_노랑,네온 노랑,3,web/app.js:3656 | web/index.html:4599 | web/index.html:4599
app.네온_초록,네온 초록,3,web/app.js:3657 | web/index.html:4600 | web/index.html:4600
app.네온_시안,네온 시안,3,web/app.js:3658 | web/index.html:4601 | web/index.html:4601
app.네온_주황,네온 주황,3,web/app.js:3659 | web/index.html:4602 | web/index.html:4602
app.기본_색,기본 색,3,web/app.js:4428 | web/index.html:4597 | web/index.html:4597
app.한글,한글,3,web/app.js:5004 | web/app.js:23989 | web/app.js:45292
app.수정,수정,3,web/app.js:5546 | web/app.js:29063 | web/app.js:46242
app.완성,완성,3,web/app.js:5546 | web/app.js:34641 | web/index.html:1604
app.웹소설,웹소설,3,web/app.js:5550 | web/index.html:4032 | web/index.html:4176
app.동화,동화,3,web/app.js:5551 | web/index.html:4033 | web/index.html:4177
app.에세이,에세이,3,web/app.js:5553 | web/index.html:4035 | web/index.html:4179
app.번역,번역,3,web/app.js:5554 | web/index.html:4036 | web/index.html:4180
app.정보_전달,정보 전달,3,web/app.js:5555 | web/index.html:4037 | web/index.html:4181
app.논문,논문,3,web/app.js:5556 | web/index.html:4038 | web/index.html:4182
app.자서전_회고록,자서전·회고록,3,web/app.js:5557 | web/index.html:4039 | web/index.html:4183
app.시,시,3,web/app.js:5558 | web/index.html:4040 | web/index.html:4184
app.시나리오_희곡,시나리오·희곡,3,web/app.js:5559 | web/index.html:4041 | web/index.html:4185
app.일기_기록,일기·기록,3,web/app.js:5560 | web/index.html:4042 | web/index.html:4186
app.보고서,보고서,3,web/app.js:5561 | web/index.html:4043 | web/index.html:4187
app.칼럼_비평,칼럼·비평,3,web/app.js:5562 | web/index.html:4044 | web/index.html:4188
app.19금,19금,3,web/app.js:5625 | web/app.js:5874 | web/app.js:18992
app.로맨스,로맨스,3,web/app.js:5627 | web/app.js:5714 | web/app.js:18945
app.판타지,판타지,3,web/app.js:5628 | web/app.js:5713 | web/app.js:18935
app.우클릭_장르_변경,우클릭: 장르 변경,3,web/app.js:6220 | web/index.html:530 | web/index.html:530
app.작품을_먼저_선택해_주세요_2,작품을 먼저 선택해 주세요,3,web/app.js:6221 | web/app.js:6238 | web/app.js:6775
app.우클릭_하위_장르_변경,우클릭: 하위 장르 변경,3,web/app.js:6237 | web/index.html:552 | web/index.html:552
app.우클릭_작품_종류_변경,우클릭: 작품 종류 변경,3,web/app.js:6775 | web/index.html:516 | web/index.html:516
app.자동_저장_중,자동 저장 중…,3,web/app.js:7722 | web/app.js:43399 | web/app.js:44251
app.자동_저장됨_stamp,자동 저장됨 ${stamp},3,web/app.js:7741 | web/app.js:43448 | web/app.js:44273
app.저장됨_stamp,저장됨 ${stamp},3,web/app.js:7741 | web/app.js:43449 | web/app.js:44273
app.새_메모,새 메모,3,web/app.js:8673 | web/index.html:413 | web/index.html:413
app.p_class_hint_열_수_있는_회차가,"<p class=""hint"">열 수 있는 회차가 없어요.</p>",3,web/app.js:8879 | web/app.js:9388 | web/app.js:11221
app.피드백_요청이_끝났어요,피드백 요청이 끝났어요.,3,web/app.js:9134 | web/app.js:9816 | web/app.js:13053
app.ep_index_화,"${ep?.index || ""?""}화",3,web/app.js:9257 | web/app.js:9661 | web/app.js:11514
app.요약_중,요약 중…,3,web/app.js:9572 | web/app.js:9686 | web/app.js:41850
app.회차_요약_중,회차 요약 중…,3,web/app.js:9576 | web/app.js:9690 | web/app.js:12974
app.삭제,삭제,3,web/app.js:9874 | web/app.js:29069 | web/app.js:46240
app.다음_아이디어_제안_중,다음 아이디어 제안 중…,3,web/app.js:10909 | web/app.js:10962 | web/app.js:12976
app.중복_체크_중,중복 체크 중…,3,web/app.js:11083 | web/app.js:11087 | web/app.js:12970
app.SETTING_BREAK_SCAN_LABE,${SETTING_BREAK_SCAN_LABEL}가 끝났어요.,3,web/app.js:11467 | web/app.js:11683 | web/app.js:13045
app.설정_미기입,설정 미기입,3,web/app.js:11740 | web/app.js:11835 | web/app.js:19971
app.추가_요청_선택,추가 요청 (선택),3,web/app.js:12139 | web/app.js:20477 | web/index.html:2510
app.예_집사의_배신,예: 집사의 배신,3,web/app.js:12563 | web/index.html:3286 | web/index.html:3286
app.예_12장,예: 12장,3,web/app.js:12564 | web/index.html:3289 | web/index.html:3289
app.선택_삭제,선택 삭제,3,web/app.js:12567 | web/app.js:12588 | web/index.html:3297
app.예_주인공의_불안을_더_드러내_줘_대화_위주,예: 주인공의 불안을 더 드러내 줘. / 대화 위주로 이어 써 줘.,3,web/app.js:12594 | web/index.html:2523 | web/index.html:2523
app.다듬을_문장_문단을_드래그로_선택해_주세요,다듬을 문장·문단을 드래그로 선택해 주세요.,3,web/app.js:12841 | web/app.js:41570 | web/app.js:41734
app.이어서_쓰는_중,이어서 쓰는 중…,3,web/app.js:12982 | web/app.js:13206 | web/app.js:13210
app.내용_없음,(내용 없음),3,web/app.js:13505 | web/app.js:25167 | web/app.js:25639
app.복사할_내용이_없어요,복사할 내용이 없어요.,3,web/app.js:13610 | web/app.js:15309 | web/app.js:20223
app.토리에게_보낼_요청을_적어_주세요,토리에게 보낼 요청을 적어 주세요.,3,web/app.js:13674 | web/index.html:3256 | web/index.html:3256
app.시작부터_결말까지_전체_줄거리를_간단히_적어,시작부터 결말까지 전체 줄거리를 간단히 적어 두세요.,3,web/app.js:13797 | web/index.html:474 | web/index.html:474
app.예_주인공의_감정을_과장하지_말_것_반전을,예: 주인공의 감정을 과장하지 말 것. / 반전을 미리 말하지 말 것. / 문체는 담백하게.,3,web/app.js:14300 | web/index.html:2990 | web/index.html:2990
app.저장됨,저장됨,3,web/app.js:14313 | web/app.js:42614 | web/app.js:43160
app.인물_ch_id_2,인물#${ch.id},3,web/app.js:14463 | web/app.js:14469 | web/app.js:20119
app.복사에_실패했어요_직접_선택해서_복사해_주세,복사에 실패했어요. 직접 선택해서 복사해 주세요.,3,web/app.js:15326 | web/app.js:20239 | web/app.js:38572
app.보내기,보내기,3,web/app.js:15661 | web/index.html:2717 | web/index.html:2788
app.p_class_hint_먼저_작품을_선택해,"<p class=""hint"">먼저 작품을 선택해 주세요.</p>",3,web/app.js:15779 | web/app.js:15847 | web/app.js:20003
app.인물_id,인물#${id},3,web/app.js:15791 | web/app.js:15829 | web/app.js:20014
app.p_class_hint_독자_목록을_불러오,"<p class=""hint"">독자 목록을 불러오지 못했어요.</p>",3,web/app.js:16149 | web/app.js:16404 | web/app.js:16578
app.가상_독자,가상 독자,3,web/app.js:16168 | web/app.js:16183 | web/index.html:2704
app.떡밥_회수,떡밥 회수,3,web/app.js:16942 | web/app.js:16950 | web/app.js:17060
app.알림_패널_접기,알림 패널 접기,3,web/app.js:17014 | web/index.html:2802 | web/index.html:2802
app.켜진_알림,켜진 알림,3,web/app.js:17027 | web/index.html:2813 | web/index.html:2813
app.전체_알림,전체 알림,3,web/app.js:17029 | web/index.html:2815 | web/index.html:2815
app.클릭_집필_시간_기록_시작_정지_글자수는_자,클릭: 집필 시간 기록 시작/정지 · 글자수는 자동 · 우클릭: 달력·설정,3,web/app.js:17573 | web/index.html:1450 | web/index.html:1450
app.r_chars_0_toLocaleStrin,"${(r.chars || 0).toLocaleString(""ko-KR"")}자",3,web/app.js:18079 | web/app.js:18092 | web/app.js:18105
app.폰_연동,폰 연동,3,web/app.js:18613 | web/app.js:47490 | web/index.html:3016
app.생각수첩,생각수첩,3,web/app.js:18699 | web/index.html:404 | web/index.html:989
app.장르_키워드,장르·키워드,3,web/app.js:18727 | web/index.html:493 | web/index.html:1006
app.토리의_수집창고,토리의 수집창고,3,web/app.js:18734 | web/app.js:18766 | web/index.html:798
app.중복_체크,중복 체크,3,web/app.js:19058 | web/index.html:1387 | web/index.html:2464
app.흥행_공식_피드백,흥행 공식 피드백,3,web/app.js:19062 | web/app.js:21442 | web/index.html:2470
app.비어_있음,· (비어 있음),3,web/app.js:21341 | web/app.js:21344 | web/app.js:21347
app.멘탈_비타민,멘탈 비타민,3,web/app.js:21656 | web/index.html:3584 | web/index.html:3657
app.와일드카드_스파크,와일드카드 스파크,3,web/app.js:21657 | web/index.html:3556 | web/index.html:3643
app.빈칸_채우기_게임,빈칸 채우기 게임,3,web/app.js:21658 | web/index.html:3568 | web/index.html:3671
app.핑퐁_릴레이,핑퐁 릴레이,3,web/app.js:21660 | web/index.html:3564 | web/index.html:3686
app.캐릭터_1_1_청문회,캐릭터 1:1 청문회,3,web/app.js:21661 | web/index.html:3576 | web/index.html:3728
app.회차,회차,3,web/app.js:22406 | web/app.js:24766 | web/app.js:27724
app.복사했어요,복사했어요.,3,web/app.js:23357 | web/app.js:23920 | web/app.js:23929
app.메모_2,메모,3,web/app.js:23889 | web/app.js:26663 | web/index.html:841
app.분할_제목,분할 제목,3,web/app.js:24263 | web/index.html:1899 | web/index.html:1899
app.텍스트로_불러온_참고자료를_SuperTORY,텍스트로 불러온 참고자료를 SuperTORY에서 편집합니다,3,web/app.js:24534 | web/index.html:1913 | web/index.html:1913
app.링크,링크,3,web/app.js:24778 | web/app.js:24854 | web/index.html:1806
app.떡밥_던지기,떡밥 던지기,3,web/app.js:25680 | web/index.html:751 | web/index.html:5791
app.상단에_고정했어요,상단에 고정했어요.,3,web/app.js:26306 | web/app.js:27759 | web/app.js:27802
app.박스로_묶기,박스로 묶기,3,web/app.js:26908 | web/index.html:4480 | web/index.html:4513
app.같은_상위_안_목록_맨_위에_고정해요,같은 상위 안 목록 맨 위에 고정해요,3,web/app.js:26923 | web/index.html:4477 | web/index.html:4510
app.목록에서_북마크_표시를_켜요,목록에서 북마크 표시를 켜요,3,web/app.js:26934 | web/index.html:4469 | web/index.html:4502
app.이_원고,이 원고,3,web/app.js:27531 | web/app.js:27531 | web/app.js:27650
app.선택한_글의_서식_글꼴_크기_색_굵기_등_만,선택한 글의 서식(글꼴·크기·색·굵기 등)만 복사해요,3,web/app.js:29799 | web/index.html:4707 | web/index.html:4707
app.상단_색_북마크에_이_회차를_고정해요,상단 색 북마크에 이 회차를 고정해요,3,web/app.js:29818 | web/app.js:29824 | web/index.html:4716
app.먼저_본문에서_단어_문장을_드래그로_선택하세,먼저 본문에서 단어·문장을 드래그로 선택하세요,3,web/app.js:29840 | web/app.js:29848 | web/app.js:29856
app.토리는_문장을_억지로_다듬지_않아요_이미_충,토리는 문장을 억지로 다듬지 않아요. 이미 충분히 완성도가 높다고 판단되면 대체하기 적합한 다른 문장을 제안해 드려요. 나머지는 작가님의 선택입니다.,3,web/app.js:29863 | web/index.html:4740 | web/index.html:4740
app.제목,제목,3,web/app.js:30423 | web/app.js:38090 | web/index.html:4149
app.불러오는_중,불러오는 중…,3,web/app.js:31568 | web/index.html:5055 | web/index.html:5070
app.뷰어_창_최대화,뷰어 창 최대화,3,web/app.js:32922 | web/index.html:5291 | web/index.html:5291
app.입력,입력,3,web/app.js:36717 | web/app.js:36730 | web/index.html:5988
app.장르를_선택해_주세요,장르를 선택해 주세요,3,web/app.js:36819 | web/index.html:4050 | web/index.html:4194
app.세부_장르를_선택해_주세요,세부 장르를 선택해 주세요,3,web/app.js:36847 | web/index.html:4055 | web/index.html:4199
app.폴더_만들기,폴더 만들기,3,web/app.js:37797 | web/app.js:37839 | web/app.js:37874
app.폴더_이름,폴더 이름,3,web/app.js:37799 | web/app.js:37841 | web/app.js:37876
app.여기에_글을_쓰세요_글은_이_컴퓨터에_저장됩,여기에 글을 쓰세요. 글은 이 컴퓨터에 저장됩니다. 오른쪽 클릭으로 이미지를 넣을 수 있어요.,3,web/app.js:38124 | web/index.html:1663 | web/index.html:1663
app.회차_본문이_1_200자_이상일_때_사용할,"회차 본문이 1,200자 이상일 때 사용할 수 있어요",3,web/app.js:38395 | web/index.html:1088 | web/index.html:1088
app.본문에서는,본문에서는,3,web/app.js:39049 | web/app.js:39082 | web/app.js:39115
app.전개형,전개형,3,web/app.js:40162 | web/index.html:2557 | web/index.html:2557
app.전환형,전환형,3,web/app.js:40162 | web/index.html:2558 | web/index.html:2558
app.원문과_결과를_비교한_뒤_반영_여부를_고르세,원문과 결과를 비교한 뒤 반영 여부를 고르세요.,3,web/app.js:40868 | web/app.js:40970 | web/index.html:3882
app.다듬은_결과_수정_가능,다듬은 결과 (수정 가능),3,web/app.js:41380 | web/index.html:3892 | web/index.html:3892
app.이전_회차,이전 회차,3,web/app.js:42136 | web/index.html:1076 | web/index.html:1076
app.다음_회차,다음 회차,3,web/app.js:42137 | web/index.html:1099 | web/index.html:1099
app.오프라인_이_기기에_보관_중,오프라인 — 이 기기에 보관 중…,3,web/app.js:43170 | web/app.js:43661 | web/app.js:44159
app.회차를_완성으로_바꾸면_가상독자_댓글을_받을,회차를 완성으로 바꾸면 가상독자 댓글을 받을 수 있어요,3,web/app.js:43319 | web/index.html:5283 | web/index.html:5283
app.함께보는_회차를_자유롭게_편집합니다_한_번,함께보는 회차를 자유롭게 편집합니다. 한 번 켜면 끄기 전까지 유지됩니다.,3,web/app.js:44142 | web/index.html:1852 | web/index.html:1852
app.현재_회차,현재 회차,3,web/app.js:45558 | web/app.js:45745 | web/index.html:5275
app.아직_고른_파일이_없어요,아직 고른 파일이 없어요.,3,web/app.js:45994 | web/app.js:48997 | web/index.html:4107
app.문서_가져오기,문서 가져오기,3,web/app.js:46024 | web/index.html:245 | web/index.html:4091
app.파일_선택,파일 선택,3,web/app.js:46029 | web/app.js:46056 | web/index.html:4104
app.업데이트,업데이트,3,web/app.js:46877 | web/index.html:6009 | electron/main.js:473
app.숨긴_기능,숨긴 기능,3,web/app.js:47090 | web/app.js:47986 | web/index.html:4966
app.바인더,바인더,3,web/app.js:47977 | web/index.html:204 | web/index.html:204
app.건너뛰기,건너뛰기,3,web/app.js:48026 | web/app.js:48027 | web/app.js:48028
index.목차_글자_줄간격_조절,목차 글자·줄간격 조절,3,web/index.html:355 | web/index.html:355 | web/index.html:356
index.키워드,키워드,3,web/index.html:569 | web/index.html:4059 | web/index.html:4203
index.토리의_소제목_추천,토리의 소제목 추천,3,web/index.html:1087 | web/index.html:1087 | web/index.html:3208
index.맞춤법,맞춤법,3,web/index.html:1345 | web/index.html:1345 | web/index.html:1353
index.분석,분석,3,web/index.html:1364 | web/index.html:1364 | web/index.html:1371
index.검색,검색,3,web/index.html:1463 | web/index.html:1463 | web/index.html:1470
index.뷰어,뷰어,3,web/index.html:1478 | web/index.html:1478 | web/index.html:1486
index.확장,확장,3,web/index.html:1529 | web/index.html:1529 | web/index.html:1537
index.목록_2,← 목록,3,web/index.html:2452 | web/index.html:2853 | web/index.html:3854
index.서사_템포_amp_훅_분석기,서사 템포 &amp; 훅 분석기,3,web/index.html:2462 | web/index.html:5498 | web/index.html:5531
index.가상_독자_목록,가상 독자 목록,3,web/index.html:2665 | web/index.html:2670 | web/index.html:2670
index.대화,대화,3,web/index.html:2783 | web/index.html:2783 | web/index.html:2854
index.장르_선택,장르 선택,3,web/index.html:2921 | web/index.html:2921 | web/index.html:2922
index.작품_종류_선택,작품 종류 선택,3,web/index.html:2925 | web/index.html:2925 | web/index.html:2926
index.토리_모드_선택,토리 모드 선택,3,web/index.html:2931 | web/index.html:2931 | web/index.html:2932
index.제목_방식,제목 방식,3,web/index.html:4150 | web/index.html:4150 | web/index.html:4151
index.편집자_메모,편집자 메모,3,web/index.html:4353 | web/index.html:4353 | web/index.html:4354
index.수정_내역,수정 내역,3,web/index.html:4357 | web/index.html:4357 | web/index.html:4358
index.이름_바꾸기,이름 바꾸기,3,web/index.html:4384 | web/index.html:4464 | web/index.html:4497
index.폴더_색,폴더 색,3,web/index.html:4523 | web/index.html:4523 | web/index.html:4524
index.목표_일괄_적용,목표 일괄 적용,3,web/index.html:4651 | web/index.html:4651 | web/index.html:4652
index.붙여넣기_옵션,붙여넣기 옵션,3,web/index.html:4699 | web/index.html:4702 | web/index.html:4702
index.기본_글자색,기본 글자색,3,web/index.html:4805 | web/index.html:4806 | web/index.html:4806
index.정보_도움말,정보 · 도움말,3,web/index.html:4848 | web/index.html:4856 | web/index.html:4856
index.설정_옵션,설정 옵션,3,web/index.html:4849 | web/index.html:4945 | web/index.html:4945
index.새로고침,새로고침,3,web/index.html:5050 | web/index.html:5065 | web/index.html:5088
index.감정_곡선,감정 곡선,3,web/index.html:5537 | web/index.html:5537 | web/index.html:5538
index.다중_회차_지정,다중 회차 지정,3,web/index.html:5659 | web/index.html:5703 | web/index.html:5744
app.작품소개와_기획의도를_나란히_편집합니다,작품소개와 기획의도를 나란히 편집합니다.,2,web/app.js:507 | web/app.js:511
app.로그라인과_시놉시스를_나란히_편집합니다,로그라인과 시놉시스를 나란히 편집합니다.,2,web/app.js:515 | web/app.js:519
app.작품_전체_줄거리를_본문처럼_넓게_편집합니다,작품 전체 줄거리를 본문처럼 넓게 편집합니다.,2,web/app.js:544 | web/index.html:2054
app.작품의_기본_바탕이_되는_공간과_시간선입니다,작품의 기본 바탕이 되는 공간과 시간선입니다.,2,web/app.js:576 | web/index.html:619
app.이_세계를_다른_세계관과_다르게_만드는_단,이 세계를 다른 세계관과 다르게 만드는 단 하나의 핵심 규칙입니다.,2,web/app.js:586 | web/index.html:638
app.사람들이_살아가는_데_필요한_최소한의_사회적,사람들이 살아가는 데 필요한 최소한의 사회적 약속입니다.,2,web/app.js:605 | web/index.html:671
app.주인공과_인물들이_부딪히게_될_주체들입니다,주인공과 인물들이 부딪히게 될 주체들입니다.,2,web/app.js:615 | web/index.html:690
app.기타_기존_메모_2,기타 · 기존 메모,2,web/app.js:754 | web/index.html:703
app.공백포함,공백포함,2,web/app.js:898 | web/index.html:1677
app.공백제외,공백제외,2,web/app.js:899 | web/index.html:1678
app.글자,글자,2,web/app.js:901 | web/index.html:1680
app.현재,현재,2,web/app.js:1037 | web/index.html:1675
app.목표,목표,2,web/app.js:1044 | web/index.html:1697
app.약_0분,약 0분,2,web/app.js:1210 | web/index.html:1683
app.약_sec_초,약 ${sec}초,2,web/app.js:1213 | web/app.js:46631
app.흰색,흰색,2,web/app.js:1251 | web/index.html:5381
app.문장_구절이면_안의_핵심_단어_표현을_골라,문장·구절이면 안의 핵심 단어·표현을 골라 각각 비슷한 말을 찾아 줘요.,2,web/app.js:2352 | web/app.js:2518
app.바탕,바탕,2,web/app.js:5007 | web/app.js:5080
app.개요,개요,2,web/app.js:5546 | web/index.html:1600
app.일상,일상,2,web/app.js:5597 | web/app.js:5703
app.무협,무협,2,web/app.js:5633 | web/app.js:18975
app.장르문학,장르문학,2,web/app.js:5637 | web/app.js:5648
app.학원,학원,2,web/app.js:5650 | web/app.js:5711
app.이세계,이세계,2,web/app.js:5658 | web/app.js:18937
app.사이버펑크,사이버펑크,2,web/app.js:5668 | web/app.js:18968
app.서스펜스,서스펜스,2,web/app.js:5685 | web/app.js:18962
app.성장,성장,2,web/app.js:5704 | web/app.js:5712
app.혼합,혼합,2,web/app.js:5731 | web/app.js:5741
app.원문_언어,원문 언어,2,web/app.js:5962 | web/app.js:36793
app.번역문_언어,번역문 언어,2,web/app.js:6014 | web/app.js:36794
app.제거,제거,2,web/app.js:6510 | web/app.js:36593
app.escapeHtml_label_제거,${escapeHtml(label)} 제거,2,web/app.js:6510 | web/app.js:36593
app.키워드는_최대_KEYWORD_MAX_개까지,키워드는 최대 ${KEYWORD_MAX}개까지 넣을 수 있어요.,2,web/app.js:6653 | web/app.js:36627
app.작품_종류,작품 종류,2,web/app.js:6772 | web/app.js:6773
app.목록에서_현재_작품_이동,목록에서 현재 작품 이동,2,web/app.js:7013 | web/app.js:7018
app.선택한_회차_원고가_비어_있어요_본문을_쓴,선택한 회차 원고가 비어 있어요. 본문을 쓴 뒤 다시 요청해 주세요.,2,web/app.js:9080 | web/app.js:9560
app.편집자_독자_관점으로_이_회차를_살펴보는_중,편집자·독자 관점으로 이 회차를 살펴보는 중…,2,web/app.js:9101 | web/app.js:9784
app.회차_요약을_받았어요,회차 요약을 받았어요.,2,web/app.js:9613 | web/app.js:13051
app.선택한_회차_원고가_비어_있어요_본문을_쓴_2,선택한 회차 원고가 비어 있어요. 본문을 쓴 뒤 다시 시도해 주세요.,2,web/app.js:10650 | web/app.js:10869
app.목차에서_선택한_회차_위치를_찾지_못했어요,목차에서 선택한 회차 위치를 찾지 못했어요.,2,web/app.js:10657 | web/app.js:10876
app.브레인스토밍_결과를_받았어요,브레인스토밍 결과를 받았어요.,2,web/app.js:10729 | web/app.js:10794
app.ep_index_화_2,${ep.index}화,2,web/app.js:11108 | web/app.js:13007
app.장르_세계관_캐릭터_키워드_중_하나_이상_설,장르·세계관·캐릭터·키워드 중 하나 이상 설정해 주세요. 판단 근거가 필요해요.,2,web/app.js:11385 | web/app.js:11621
app.세계관_캐릭터_설정과_원고를_대조하는_중,세계관·캐릭터 설정과 원고를 대조하는 중…,2,web/app.js:11433 | web/app.js:11649
app.인물_ch_id,"인물#${ch.id || ""?""}",2,web/app.js:11718 | web/app.js:11812
app.강점_String_full_strengths,"강점: ${String(full.strengths_md).replace(/\s+/g, "" "").trim().slice(0, 200)}",2,web/app.js:11733 | web/app.js:11828
app.약점_String_full_weaknesse,"약점: ${String(full.weaknesses_md).replace(/\s+/g, "" "").trim().slice(0, 200)}",2,web/app.js:11734 | web/app.js:11829
app.강점_String_ch_strengths_m,"강점: ${String(ch.strengths_md).replace(/\s+/g, "" "").trim().slice(0, 160)}",2,web/app.js:11737 | web/app.js:11832
app.약점_String_ch_weaknesses,"약점: ${String(ch.weaknesses_md).replace(/\s+/g, "" "").trim().slice(0, 160)}",2,web/app.js:11738 | web/app.js:11833
app.복선을_선택하거나_아래에서_추가,복선을 선택하거나 아래에서 추가,2,web/app.js:11920 | web/index.html:3281
app.스페셜_기능,스페셜 기능,2,web/app.js:12163 | web/index.html:2479
app.아직_분석한_흥행_작품이_없어요_흥행_공식,아직 분석한 흥행 작품이 없어요. 흥행 공식 분석을 먼저 이용하세요.,2,web/app.js:12332 | web/index.html:2504
app.단서가_원고에_심겼는지_를_봐요_반전이_설,「단서가 원고에 심겼는지」를 봐요. 반전이 설득력 있는지는 반전 & 개연성 검사기를 이용해 주세요.,2,web/app.js:12556 | web/app.js:20461
app.복선_저장,복선 저장,2,web/app.js:12566 | web/index.html:3296
app.반전이_억지스럽지_않은지_를_봐요_단서가,「반전이 억지스럽지 않은지」를 봐요. 단서가 잘 심겼는지는 떡밥·복선 탐색기를 이용해 주세요.,2,web/app.js:12575 | web/app.js:20466
app.예_반전이_억지로_느껴지는지_독자가_납득할지,"예: 반전이 억지로 느껴지는지, 독자가 납득할지 엄하게 봐 줘.",2,web/app.js:12591 | web/app.js:20335
app.반전이_일어나는_장의_원고를_먼저_열어_주세,반전이 일어나는 장의 원고를 먼저 열어 주세요.,2,web/app.js:12801 | web/app.js:12891
app.검수할_원고를_먼저_열어_주세요,검수할 원고를 먼저 열어 주세요.,2,web/app.js:12802 | web/app.js:12892
app.이어_쓰려면_먼저_씬을_열어_주세요,이어 쓰려면 먼저 씬을 열어 주세요.,2,web/app.js:12814 | web/app.js:13182
app.다듬을_문장을_직접_입력해_주세요,다듬을 문장을 직접 입력해 주세요.,2,web/app.js:12840 | web/app.js:41569
app.이어_쓰려면_원고_본문이_필요해요_본문을_먼,이어 쓰려면 원고 본문이 필요해요. 본문을 먼저 적어 주세요.,2,web/app.js:12857 | web/app.js:13190
app.생각_중,생각 중…,2,web/app.js:12983 | web/app.js:15585
app.넣을_결과가_없어요,넣을 결과가 없어요.,2,web/app.js:13067 | web/app.js:19257
app.원고에_넣으려면_먼저_씬을_열어_주세요_복사,원고에 넣으려면 먼저 씬을 열어 주세요. 복사 버튼을 써도 됩니다.,2,web/app.js:13071 | web/app.js:19261
app.결과를_찾지_못했어요,결과를 찾지 못했어요.,2,web/app.js:13490 | web/app.js:13523
app.클릭하여_작성,클릭하여 작성,2,web/app.js:14115 | web/index.html:2389
app.저장_실패,저장 실패,2,web/app.js:14331 | web/app.js:43157
app.who_에게_말걸기_Enter_전송_Shi,${who}에게 말걸기 (Enter 전송 Shift + Enter 줄바꿈),2,web/app.js:14491 | web/app.js:16174
app.who_에게_보낼_메시지,${who}에게 보낼 메시지,2,web/app.js:14492 | web/app.js:16175
app.대화할_인물을_먼저_골라_주세요,대화할 인물을 먼저 골라 주세요.,2,web/app.js:14509 | web/app.js:15552
app.대화를_찾지_못했어요,대화를 찾지 못했어요.,2,web/app.js:15128 | web/app.js:15174
app.복사되었습니다,복사되었습니다,2,web/app.js:15324 | web/app.js:20237
app.친절한_조수,친절한 조수,2,web/app.js:15689 | web/index.html:2934
app.진지_비서,진지 비서,2,web/app.js:15690 | web/index.html:2938
app.친구,친구,2,web/app.js:15691 | web/index.html:2942
app.애교,애교,2,web/app.js:15692 | web/index.html:2946
app.선생님,선생님,2,web/app.js:15693 | web/index.html:2950
app.투덜이,투덜이,2,web/app.js:15694 | web/index.html:2954
app.p_class_hint_설정집에_인물이_없,"<p class=""hint"">설정집에 인물이 없어요.<br>캐릭터를 먼저 만든 뒤 대화 상대로 고를 수 있어요.</p>",2,web/app.js:15785 | web/app.js:15851
app.내_캐릭터_전체보기,내 캐릭터 전체보기,2,web/app.js:15894 | web/index.html:2908
app.소개는_잘리지_않고_전부_보여_줍니다_고른,소개는 잘리지 않고 전부 보여 줍니다. 고른 뒤 대화 시작을 눌러 주세요.,2,web/app.js:15898 | web/index.html:2911
app.p_class_hint_작품을_먼저_선택해,"<p class=""hint"">작품을 먼저 선택해 주세요.</p>",2,web/app.js:16133 | web/app.js:16568
app.가상_독자_전체보기,가상 독자 전체보기,2,web/app.js:16377 | web/index.html:2892
app.독자를_한_명_골라주세요,독자를 한 명 골라주세요,2,web/app.js:16429 | web/index.html:2672
app.최소_3명을_골라주세요,최소 3명을 골라주세요,2,web/app.js:16601 | web/index.html:2680
app.흥행_프로파일을_불러오지_못했어요,흥행 프로파일을 불러오지 못했어요.,2,web/app.js:16822 | web/app.js:21386
app.씬_bait_recoverSceneId,씬 #${bait.recoverSceneId},2,web/app.js:16944 | web/app.js:25632
app.회차_미정,회차 미정,2,web/app.js:16965 | web/app.js:17064
app.option_value_회차가_없어요_op,"<option value="""">(회차가 없어요)</option>",2,web/app.js:17153 | web/app.js:25359
app.알림_만들기,알림 만들기,2,web/app.js:17178 | web/index.html:5889
app.알림_저장,알림 저장,2,web/app.js:17181 | web/index.html:5917
app.날짜,날짜,2,web/app.js:17406 | web/app.js:18078
app.토리의_응원,토리의 응원,2,web/app.js:17834 | web/index.html:3164
app.월,월,2,web/app.js:18104 | web/index.html:3028
app.기록_선택_삭제,기록 선택 삭제,2,web/app.js:18176 | web/index.html:3045
app.달력에서_지울_날짜를_고르세요,달력에서 지울 날짜를 고르세요,2,web/app.js:18182 | web/index.html:3048
app.토리와_처음_만난_날,토리와 처음 만난 날,2,web/app.js:18336 | web/index.html:3060
app.기록_달력_설정,기록 달력·설정,2,web/app.js:18608 | web/app.js:47486
app.글쓰기_기록_열기,글쓰기 기록 열기,2,web/app.js:18609 | web/app.js:47487
app.연동_코드_핸드폰_기록_포함,연동 코드 · 핸드폰 기록 포함,2,web/app.js:18614 | web/app.js:47491
app.떡밥_2,+ 떡밥,2,web/app.js:18745 | web/index.html:748
app.자료_2,+ 자료,2,web/app.js:18781 | web/index.html:828
app.추가,+ 추가,2,web/app.js:18872 | web/index.html:1045
app.직접_작성하기,직접 작성하기,2,web/app.js:19069 | web/index.html:2457
app.앞부분,앞부분,2,web/app.js:19079 | web/index.html:3496
app.중간부분,중간부분,2,web/app.js:19079 | web/index.html:3497
app.결말부분,결말부분,2,web/app.js:19079 | web/index.html:3498
app.긴장,긴장,2,web/app.js:19197 | web/app.js:19281
app.해소,해소,2,web/app.js:19197 | web/app.js:39168
app.분석할_회차를_먼저_골라_주세요,분석할 회차를 먼저 골라 주세요.,2,web/app.js:19699 | web/app.js:19700
app.복사하지_못했어요,복사하지 못했어요.,2,web/app.js:19848 | web/app.js:19851
app.2명_이상_골라주세요,2명 이상 골라주세요,2,web/app.js:19912 | web/index.html:2627
app.상황_설정하기,상황 설정하기,2,web/app.js:19933 | web/index.html:2649
app.대화를_쓰는_중,대화를 쓰는 중…,2,web/app.js:20188 | web/index.html:2642
app.막힌_지점에서_여러_방향의_확장_아이디어를,"막힌 지점에서, 여러 방향의 확장 아이디어를 자유롭게 탐색해요.",2,web/app.js:20340 | web/index.html:5606
app.회차를_나누지_못했어요_제목_형식_제1화_제,"회차를 나누지 못했어요. 제목 형식(제1화, # 제목 등)이 있는지 확인해 주세요.",2,web/app.js:21078 | web/app.js:21103
app.캐릭터_퍼스널컬러_찾기,캐릭터 퍼스널컬러 찾기,2,web/app.js:21663 | web/index.html:3752
app.가상_플레이리스트_뽑기,가상 플레이리스트 뽑기,2,web/app.js:21664 | web/index.html:3756
app.무드보드_둘러보기,무드보드 둘러보기,2,web/app.js:21665 | web/index.html:3760
app.단어집_둘러보기,단어집 둘러보기,2,web/app.js:21666 | web/index.html:3764
app.캐릭터_타로_풀이,캐릭터 타로 풀이,2,web/app.js:21667 | web/index.html:3768
app.작명소,작명소,2,web/app.js:21668 | web/index.html:3772
app.수정금지_타이머,수정금지 타이머,2,web/app.js:21707 | web/index.html:3802
app.블라인드_모드,블라인드 모드,2,web/app.js:21714 | web/index.html:3806
app.지우개_봉인_챌린지,지우개 봉인 챌린지,2,web/app.js:21721 | web/index.html:3810
app.스프린트,스프린트,2,web/app.js:21891 | web/app.js:22058
app.지금까지_written_자,지금까지 ${written}자,2,web/app.js:21906 | web/app.js:21919
app.장면,장면,2,web/app.js:22385 | web/app.js:22404
app.원고_커서_위치에_이어_넣었어요,원고 커서 위치에 이어 넣었어요.,2,web/app.js:22422 | web/app.js:22472
app.이번에는_못_보여_줬어요,이번에는 못 보여 줬어요.,2,web/app.js:22592 | web/app.js:23525
app.잘_쉬고_오세요_한_글자도_안_써도_괜찮아요,잘 쉬고 오세요. 한 글자도 안 써도 괜찮아요.,2,web/app.js:23336 | web/app.js:23592
app.텍스트,텍스트,2,web/app.js:23990 | web/app.js:45294
app.파일을_읽지_못했어요,파일을 읽지 못했어요.,2,web/app.js:24041 | web/app.js:24067
app.자료_이름,자료 이름,2,web/app.js:24259 | web/app.js:24881
app.분할_화면,분할 화면,2,web/app.js:24280 | web/index.html:1847
app.참고자료_출처_추가,참고자료·출처 추가,2,web/app.js:24356 | web/index.html:5927
app.지원_형식_PDF_DOCX_HWP_HWPX,"지원 형식: PDF, DOCX, HWP/HWPX, TXT, MD, RTF, ODT",2,web/app.js:24388 | web/app.js:30543
app.파일이_너무_커요_SOURCE_FILE_MA,파일이 너무 커요. ${SOURCE_FILE_MAX_BYTES / (1024 * 1024)}MB 이하만 올려 주세요.,2,web/app.js:24392 | web/app.js:30546
app.옛_Word_doc_는_DOCX로_저장한_뒤,옛 Word(.doc)는 DOCX로 저장한 뒤 올려 주세요.,2,web/app.js:24416 | web/app.js:30566
app.파일에서_글자를_꺼내지_못했어요,파일에서 글자를 꺼내지 못했어요.,2,web/app.js:24423 | web/app.js:30574
app.편집,편집,2,web/app.js:24527 | web/index.html:1915
app.참고자료_편집_중_SuperTORY,참고자료 · 편집 중 (SuperTORY),2,web/app.js:24591 | web/app.js:24971
app.내보내기에_실패했습니다,내보내기에 실패했습니다.,2,web/app.js:24638 | web/app.js:45760
app.참고자료_링크_미리보기,참고자료 · 링크 미리보기,2,web/app.js:24898 | web/app.js:24931
app.떡밥모음에_넣기,떡밥모음에 넣기,2,web/app.js:25681 | web/index.html:5843
app.이번_회차에서_떡밥_회수_예정이_있어요,이번 회차에서 떡밥 회수 예정이 있어요!,2,web/app.js:25886 | web/index.html:5872
app.떡밥모음_열기,떡밥모음 열기,2,web/app.js:25898 | web/index.html:5876
app.새_씬,새 씬,2,web/app.js:26196 | web/app.js:38084
app.새_하위_원고,새 하위 원고,2,web/app.js:26196 | web/app.js:38084
app.최근_작업,최근 작업,2,web/app.js:27109 | web/app.js:27133
app.권_부,권/부,2,web/app.js:27253 | web/app.js:27253
app.목차_맨_위에_고정해요,목차 맨 위에 고정해요,2,web/app.js:27321 | web/index.html:4393
app.label_폴더를_휴지통으로_옮겼어요,「${label}」 폴더를 휴지통으로 옮겼어요.,2,web/app.js:27476 | web/app.js:38005
app.폴더_색을_바꿀_수_없어요,폴더 색을 바꿀 수 없어요.,2,web/app.js:27744 | web/app.js:27787
app.박스를_바꿀_수_없어요,박스를 바꿀 수 없어요.,2,web/app.js:27752 | web/app.js:27795
app.박스를_해제했어요,박스를 해제했어요.,2,web/app.js:27754 | web/app.js:27797
app.박스로_묶었어요,박스로 묶었어요.,2,web/app.js:27754 | web/app.js:27797
app.고정을_바꿀_수_없어요,고정을 바꿀 수 없어요.,2,web/app.js:27757 | web/app.js:27800
app.고정을_해제했어요,고정을 해제했어요.,2,web/app.js:27759 | web/app.js:27802
app.북마크를_바꿀_수_없어요,북마크를 바꿀 수 없어요.,2,web/app.js:27762 | web/app.js:27805
app.북마크했어요,북마크했어요.,2,web/app.js:27764 | web/app.js:27807
app.작품,작품,2,web/app.js:27967 | web/app.js:27967
app.현재_회차에만_적용하려면_먼저_회차를_열어,현재 회차에만 적용하려면 먼저 회차를 열어 주세요.,2,web/app.js:28817 | web/app.js:29758
app.수정할_각주를_찾지_못했어요,수정할 각주를 찾지 못했어요.,2,web/app.js:29123 | web/app.js:30029
app.각주_내용,각주 내용,2,web/app.js:29131 | web/app.js:29218
app.삭제할_각주를_찾지_못했어요,삭제할 각주를 찾지 못했어요.,2,web/app.js:29159 | web/app.js:30035
app.이_회차에서_제거,이 회차에서 제거,2,web/app.js:30415 | web/app.js:30428
app.창_모드,창 모드,2,web/app.js:31026 | web/app.js:32921
app.큰_창,큰 창,2,web/app.js:31051 | web/index.html:5204
app.저장_대기,저장 대기…,2,web/app.js:31122 | web/app.js:43158
app.종이책,종이책,2,web/app.js:31226 | web/index.html:5270
app.핸드폰,핸드폰,2,web/app.js:31227 | web/index.html:5271
app.리더기,리더기,2,web/app.js:31228 | web/index.html:5272
app.회차를_누르면_이동합니다,회차를 누르면 이동합니다,2,web/app.js:31436 | web/index.html:5301
app.뷰어_전체_원고,뷰어 · 전체 원고,2,web/app.js:31567 | web/app.js:32880
app.뷰어_title,뷰어 · ${title},2,web/app.js:31591 | web/app.js:32881
app.i_1_페이지,${i + 1}페이지,2,web/app.js:32139 | web/app.js:32166
app.최대화,최대화,2,web/app.js:32921 | web/index.html:5293
app.Gemini_검사기,Gemini 검사기,2,web/app.js:33506 | web/index.html:1768
app.서식_도구를_숨겼어요,서식 도구를 숨겼어요.,2,web/app.js:33668 | web/app.js:33691
app.서식_도구를_다시_열었어요,서식 도구를 다시 열었어요.,2,web/app.js:33669 | web/app.js:33748
app.label_을_를_숨겼습니다,「${label}」을(를) 숨겼습니다.,2,web/app.js:33922 | web/app.js:47290
app.label_을_를_다시_표시합니다,「${label}」을(를) 다시 표시합니다.,2,web/app.js:33922 | web/app.js:47300
app.숨긴_안내_없음,숨긴 안내 없음,2,web/app.js:33936 | web/index.html:4989
app.씬_목록_접기,씬 목록 접기,2,web/app.js:34494 | web/app.js:34495
app.씬_목록_펼치기,씬 목록 펼치기,2,web/app.js:34494 | web/app.js:34495
app.p_class_hint_scene_empt,"<p class=""hint scene-empty-hint"">아직 회차가 없어요.</p>",2,web/app.js:34594 | web/app.js:34918
app.끌어_폴더_순서_바꾸기,끌어 폴더 순서 바꾸기,2,web/app.js:34850 | web/app.js:34981
app.반가워요_작가님,반가워요 작가님,2,web/app.js:36147 | web/index.html:947
app.장르를_선택해_주세요_토리_학습에_필요해요,장르를 선택해 주세요. 토리 학습에 필요해요.,2,web/app.js:36512 | web/app.js:46397
app.미분류,미분류,2,web/app.js:36924 | web/app.js:37973
app.정리할_챕터가_없어요,정리할 챕터가 없어요.,2,web/app.js:37168 | web/app.js:37762
app.폴더_folderN_개,폴더 ${folderN}개,2,web/app.js:37436 | web/app.js:37437
app.원고_sceneN_개,원고 ${sceneN}개,2,web/app.js:37443 | web/app.js:37444
app.n_장,${n}장,2,web/app.js:37872 | web/app.js:37902
app.번호,번호,2,web/app.js:37952 | web/index.html:4619
app.이미_그_위치에_있어요,이미 그 위치에 있어요.,2,web/app.js:37969 | web/app.js:38644
app.하위_원고_만들기,하위 원고 만들기,2,web/app.js:38086 | web/index.html:4371
app.회차_추가,회차 추가,2,web/app.js:38086 | web/index.html:4460
app.토리가_첫_문장을_고민하고_있어요,토리가 첫 문장을 고민하고 있어요…,2,web/app.js:38334 | web/index.html:3232
app.36화_2,36화,2,web/app.js:38406 | web/app.js:38406
app.외전_3화_2,외전 3화,2,web/app.js:38412 | web/app.js:38412
app.토리가_소제목을_고민하고_있어요,토리가 소제목을 고민하고 있어요…,2,web/app.js:38531 | web/index.html:3213
app.index_화,${index}화,2,web/app.js:38957 | web/app.js:38988
app.이_회차는,이 회차는,2,web/app.js:39082 | web/app.js:39115
app.프로젝트_누적_정보와_설정_캐릭터를_참고해,프로젝트 누적 정보와 설정·캐릭터를 참고해,2,web/app.js:39515 | web/app.js:39518
app.기록_없음,(기록 없음),2,web/app.js:39627 | web/app.js:39628
app.연결된_프로파일_없음,연결된 프로파일 없음,2,web/app.js:39788 | web/app.js:39796
app.짧게,짧게,2,web/app.js:40107 | web/index.html:3327
app.중간,중간,2,web/app.js:40119 | web/index.html:3331
app.길게,길게,2,web/app.js:40131 | web/index.html:3335
app.장면까지,장면까지,2,web/app.js:40143 | web/index.html:3339
app.자동_조절,자동 조절,2,web/app.js:40152 | web/index.html:3343
app.다음_회차에_바로_이어지는_전개,다음 회차에 바로 이어지는 전개,2,web/app.js:40389 | web/app.js:40466
app.오른팔_부상,오른팔 부상,2,web/app.js:40502 | web/app.js:40563
app.드래곤,드래곤,2,web/app.js:40510 | web/app.js:40571
app.이_작품의_세계관_안에서_통용되는_규범,이 작품의 세계관 안에서 통용되는 규범,2,web/app.js:40518 | web/app.js:40579
app.그_인물_자신의_확립된_캐릭터,그 인물 자신의 확립된 캐릭터,2,web/app.js:40522 | web/app.js:40583
app.처럼_보였다,~처럼 보였다,2,web/app.js:40526 | web/app.js:40587
app.같았다,~같았다,2,web/app.js:40526 | web/app.js:40587
app.저는_한_이유로_다듬기가_필요해_보였어요,저는 ~한 이유로 다듬기가 필요해 보였어요,2,web/app.js:40738 | web/app.js:40816
app.작가님의_생각은_어떤가요_이_문장으로_대체하,작가님의 생각은 어떤가요? 이 문장으로 대체하시겠어요?,2,web/app.js:40930 | web/app.js:40949
app.원문과_다듬은_결과를_비교한_뒤_반영_여부를,원문과 다듬은 결과를 비교한 뒤 반영 여부를 고르세요.,2,web/app.js:40956 | web/app.js:41366
app.이_문장으로_바꿔요,이 문장으로 바꿔요,2,web/app.js:41401 | web/index.html:3908
app.그대로_둘래요,그대로 둘래요,2,web/app.js:41402 | web/index.html:3910
app.문장_다듬는_중,문장 다듬는 중…,2,web/app.js:41632 | web/app.js:41638
app.요약,요약,2,web/app.js:41897 | web/index.html:1614
app.토리야_요약해_줘,토리야 요약해 줘,2,web/app.js:41909 | web/app.js:47501
app.본문을_요약해_요약_칸에_넣기,본문을 요약해 요약 칸에 넣기,2,web/app.js:41910 | web/app.js:47502
app.탭_닫기,탭 닫기,2,web/app.js:42159 | web/app.js:42159
app.씬_nextId,씬 #${nextId},2,web/app.js:42345 | web/app.js:42407
app.등장_인물_연결을_저장하는_중,등장 인물 연결을 저장하는 중…,2,web/app.js:42608 | web/app.js:42657
app.저장에_실패했어요_다시_저장을_눌러_주세요,저장에 실패했어요. 다시 저장을 눌러 주세요.,2,web/app.js:42610 | web/app.js:42701
app.변경됨_저장을_눌러_이_회차에_반영하세요,변경됨 · 저장을 눌러 이 회차에 반영하세요.,2,web/app.js:42612 | web/app.js:42634
app.인물을_체크한_뒤_저장을_눌러_주세요,인물을 체크한 뒤 저장을 눌러 주세요.,2,web/app.js:42619 | web/index.html:1753
app.보관,보관,2,web/app.js:43156 | web/app.js:43157
app.오프라인_보관_중,오프라인 보관 중…,2,web/app.js:43399 | web/app.js:44251
app.토리_새_분석,토리 새 분석,2,web/app.js:43763 | web/index.html:4328
app.보여줄_토리_분석이_없어요,보여줄 토리 분석이 없어요.,2,web/app.js:43782 | web/app.js:43794
app.label_을_를_토리_분석으로_바꿀까요,「${label}」을(를) 토리 분석으로 바꿀까요? 지금 적어 둔 내용은 사라집니다.,2,web/app.js:43806 | web/app.js:43834
app.토리_분석으로_바꿨어요,토리 분석으로 바꿨어요.,2,web/app.js:43827 | web/app.js:43849
app.이_인물,이 인물,2,web/app.js:43999 | web/app.js:43999
app.자유_편집,자유 편집,2,web/app.js:44137 | web/index.html:1854
app.분할,분할 ▾,2,web/app.js:44373 | web/index.html:5217
app.보기_방식,보기 방식 ▾,2,web/app.js:44393 | web/index.html:1864
app.편집_가능,편집 가능,2,web/app.js:45045 | web/app.js:45072
app.읽기_전용,읽기 전용,2,web/app.js:45045 | web/app.js:45069
app.챕터,챕터,2,web/app.js:45387 | web/app.js:45387
app.선택_회차,선택 회차,2,web/app.js:45506 | web/app.js:45744
app.파일을_고르면_몇_개_씬으로_나뉘는지_보여,파일을 고르면 몇 개 씬으로 나뉘는지 보여 드려요.,2,web/app.js:45921 | web/index.html:4311
app.교정본_가져오기,교정본 가져오기,2,web/app.js:46024 | web/index.html:261
app.교정_비교_보고서_단순_텍스트_대조,교정 비교 보고서 (단순 텍스트 대조),2,web/app.js:46092 | web/index.html:4127
app.교정본으로_덮어쓰기,교정본으로 덮어쓰기,2,web/app.js:46097 | web/index.html:4138
app.새_작품으로_만들기,새 작품으로 만들기,2,web/app.js:46102 | web/index.html:4227
app.현재_작품에_새_챕터로_넣기,현재 작품에 새 챕터로 넣기,2,web/app.js:46103 | web/index.html:4228
app.현재_작품의_챕터에_새_씬으로_넣기,현재 작품의 챕터에 새 씬으로 넣기,2,web/app.js:46104 | web/index.html:4229
app.지금_열린_씬에_덮어쓰기,지금 열린 씬에 덮어쓰기,2,web/app.js:46105 | web/index.html:4230
app.새_소설,새 소설,2,web/app.js:46141 | web/app.js:49000
app.가져온_문서_제목_또는_파일_이름_을_그대로,가져온 문서 제목(또는 파일 이름)을 그대로 씁니다.,2,web/app.js:46155 | web/index.html:4165
app.오탈자,오탈자,2,web/app.js:46236 | web/app.js:46262
app.아직_작품이_없어요,아직 작품이 없어요.,2,web/app.js:46594 | web/app.js:46713
app.쿼터_제한에_도달했습니다_잠시_후_다시_시도,쿼터 제한에 도달했습니다. 잠시 후 다시 시도해주세요,2,web/app.js:46658 | web/app.js:46699
app.업데이트를_나중에_설치할_수_있습니다,업데이트를 나중에 설치할 수 있습니다.,2,web/app.js:46926 | electron/main.js:599
app.현재_최신_버전이네요_새_버전이_있으면_안내,현재 최신 버전이네요. 새 버전이 있으면 안내가 떠요.,2,web/app.js:46958 | electron/main.js:616
app.업데이트를_지금은_확인할_수_없습니다,업데이트를 지금은 확인할 수 없습니다.,2,web/app.js:46964 | electron/main.js:637
app.숨긴_기능_없음,숨긴 기능 없음,2,web/app.js:47279 | web/index.html:4973
app.로컬_사용자,로컬 사용자,2,web/app.js:47779 | web/index.html:5010
app.로그인_없음_로컬,로그인 없음 (로컬),2,web/app.js:47781 | web/index.html:5012
app.로컬_무료_전체_기능,로컬 무료 (전체 기능),2,web/app.js:47782 | web/index.html:5019
app.제한_없음,제한 없음,2,web/app.js:47783 | web/index.html:5020
app.해당_없음,해당 없음,2,web/app.js:47787 | web/index.html:5028
app.도우미,도우미,2,web/app.js:47959 | web/index.html:2368
app.기본,기본,2,web/app.js:48143 | web/index.html:3962
app.주간,주간,2,web/app.js:48153 | web/app.js:48154
app.야간,야간,2,web/app.js:48163 | web/app.js:48164
app.토리의_추억_교실,토리의 추억 교실,2,web/app.js:48204 | web/app.js:48205
app.토리의_몽상_시간,토리의 몽상 시간,2,web/app.js:48275 | web/app.js:48276
app.집필이_지루하거나_집중이_안_될_땐_테마를,"집필이 지루하거나 집중이 안 될 땐, 테마를 바꿔 분위기를 전환해 보세요.",2,web/app.js:48379 | web/index.html:4956
app.시선의_흐름과_색조가_바뀌면_뇌가_환기되어,시선의 흐름과 색조가 바뀌면 뇌가 환기되어 새로운 몰입을 도와줍니다.,2,web/app.js:48380 | web/index.html:4957
index.공지와_이벤트_팝업,공지와 이벤트 팝업,2,web/index.html:147 | web/index.html:147
index.이벤트_팝업_닫기,이벤트 팝업 닫기,2,web/index.html:159 | web/index.html:159
index.공지_팝업_닫기,공지 팝업 닫기,2,web/index.html:181 | web/index.html:181
index.새_글쓰기_문서_가져오기_작품_내보내기,새 글쓰기 · 문서 가져오기 · 작품 내보내기,2,web/index.html:214 | web/index.html:214
index.추가_시작하기,추가 · 시작하기,2,web/index.html:215 | web/index.html:215
index.추가_메뉴,추가 메뉴,2,web/index.html:220 | web/index.html:220
index.새_글쓰기,새 글쓰기,2,web/index.html:231 | web/index.html:4016
index.작품_내보내기,작품 내보내기,2,web/index.html:275 | web/index.html:3937
index.우클릭으로_작품_순서를_바꿀_수_있어요,우클릭으로 작품 순서를 바꿀 수 있어요,2,web/index.html:281 | web/index.html:281
index.작품_선택,작품 선택,2,web/index.html:282 | web/index.html:282
index.우클릭_작품_순서_변경,우클릭: 작품 순서 변경,2,web/index.html:282 | web/index.html:282
index.바인더_선택,바인더 선택,2,web/index.html:295 | web/index.html:295
index.클릭_목차_한눈에_보기,클릭: 목차 한눈에 보기,2,web/index.html:324 | web/index.html:324
index.폴더_원고_개수,폴더·원고 개수,2,web/index.html:331 | web/index.html:331
index.클릭_맨_아래_폴더_추가_끌어다_놓기_원하는,클릭: 맨 아래 폴더 추가 · 끌어다 놓기: 원하는 위치에 바로 추가,2,web/index.html:342 | web/index.html:342
index.새_폴더_추가,새 폴더 추가,2,web/index.html:343 | web/index.html:343
index.클릭_스크롤로_글자_줄간격_조절_우클릭_글자,클릭: 스크롤로 글자·줄간격 조절 · 우클릭: 글자 크기·줄간격 메뉴,2,web/index.html:354 | web/index.html:354
index.삽입_위치_취소,삽입 위치 취소,2,web/index.html:380 | web/index.html:380
index.작품소개_메인에서_보기,작품소개 메인에서 보기,2,web/index.html:435 | web/index.html:435
index.작품을_한눈에_소개하는_글을_적어_두세요,작품을 한눈에 소개하는 글을 적어 두세요.,2,web/index.html:438 | web/index.html:438
index.기획의도_메인에서_보기,기획의도 메인에서 보기,2,web/index.html:443 | web/index.html:443
index.왜_이_작품을_쓰는지_전하고_싶은_메시지를,"왜 이 작품을 쓰는지, 전하고 싶은 메시지를 적어 두세요.",2,web/index.html:446 | web/index.html:446
index.로그라인_메인에서_보기,로그라인 메인에서 보기,2,web/index.html:466 | web/index.html:466
index.시놉시스_메인에서_보기,시놉시스 메인에서 보기,2,web/index.html:479 | web/index.html:479
index.작품_전체_줄거리_시놉시스를_적어_두세요,작품 전체 줄거리·시놉시스를 적어 두세요.,2,web/index.html:485 | web/index.html:485
index.우클릭,우클릭,2,web/index.html:505 | web/index.html:4967
index.우클릭으로_작품_종류를_바꿀_수_있어요,우클릭으로 작품 종류를 바꿀 수 있어요,2,web/index.html:507 | web/index.html:507
index.작품_종류_우클릭으로_변경,작품 종류 (우클릭으로 변경),2,web/index.html:515 | web/index.html:515
index.우클릭으로_장르를_바꿀_수_있어요,우클릭으로 장르를 바꿀 수 있어요,2,web/index.html:520 | web/index.html:520
index.메인_장르_우클릭으로_변경,메인 장르 (우클릭으로 변경),2,web/index.html:529 | web/index.html:529
index.메인_장르_직접_입력,메인 장르 직접 입력,2,web/index.html:539 | web/index.html:539
index.하위_장르_우클릭으로_변경,하위 장르 (우클릭으로 변경),2,web/index.html:551 | web/index.html:551
index.하위_장르_직접_입력,하위 장르 직접 입력,2,web/index.html:561 | web/index.html:561
index.태그에서_고르기,태그에서 고르기,2,web/index.html:574 | web/index.html:574
index.태그_고르기,태그 고르기,2,web/index.html:580 | web/index.html:1019
index.예_현실에_가상이_섞인_형태_현대_도시_숨겨,예: 현실에 가상이 섞인 형태 (현대 도시 + 숨겨진 이능 사회),2,web/index.html:623 | web/index.html:623
index.예_현대_근미래_중세_아포칼립스_이후_등,예: 현대 · 근미래 · 중세 · 아포칼립스 이후 등,2,web/index.html:628 | web/index.html:628
index.예_해안_도시_하버라인과_그_지하_구역_이야,예: 해안 도시 하버라인과 그 지하 구역 (이야기의 80%가 여기서 진행),2,web/index.html:633 | web/index.html:633
index.예_감정을_연료로_쓰는_이능_마법_고도화된,예: 감정을 연료로 쓰는 이능 · 마법 · 고도화된 AI · 신의 현신 등,2,web/index.html:642 | web/index.html:642
index.예_강한_감정일수록_이능이_커지지만_감정_소,"예: 강한 감정일수록 이능이 커지지만, 감정 소모 후 하루간 무력해진다",2,web/index.html:647 | web/index.html:647
index.예_무한정_쓸_수_없음_과다_사용_시_기억,예: 무한정 쓸 수 없음 · 과다 사용 시 기억 일부 소실,2,web/index.html:652 | web/index.html:652
index.예_10년째_이어지는_검은_비_재앙_만성적,예: 10년째 이어지는 ‘검은 비’ 재앙 · 만성적 자원 부족 · 진행 중인 전쟁,2,web/index.html:661 | web/index.html:661
index.예_야외_활동이_금지되고_빗물을_막는_기업이,"예: 야외 활동이 금지되고, 빗물을 막는 기업이 사실상 도시를 지배한다",2,web/index.html:666 | web/index.html:666
index.예_방재_기업_연합이_통치_왕_신관_군대_등,예: 방재 기업 연합이 통치 · 왕 · 신관 · 군대 등,2,web/index.html:675 | web/index.html:675
index.예_크레딧_화폐_통신은_발달했으나_장거리_이,예: 크레딧 화폐 · 통신은 발달했으나 장거리 이동은 허가제 · ‘안전’이 최고 가치,2,web/index.html:680 | web/index.html:680
index.예_이능_보유자는_우대_노노출_구역_거주자는,"예: 이능 보유자는 우대, 노노출 구역 거주자는 차별받는다",2,web/index.html:685 | web/index.html:685
index.예_방재_기업_연합_vs_지하_저항_조직_서,예: 방재 기업 연합 vs 지하 저항 조직 ‘서킷’ · 이능자 길드,2,web/index.html:694 | web/index.html:694
index.예_재앙_대응_독점을_둘러싼_이권_이능의_공,예: 재앙 대응 독점을 둘러싼 이권 · 이능의 공개/은폐 노선 대립,2,web/index.html:699 | web/index.html:699
index.캐릭터,+ 캐릭터,2,web/index.html:728 | web/index.html:2317
index.캐릭터_목록,캐릭터 목록,2,web/index.html:731 | web/index.html:731
index.빈_떡밥_추가,빈 떡밥 추가,2,web/index.html:748 | web/index.html:748
index.떡밥_목록,떡밥 목록,2,web/index.html:754 | web/index.html:754
index.흥행_프로파일_선택,흥행 프로파일 선택,2,web/index.html:784 | web/index.html:784
index.이_작품에서_연결_해제,이 작품에서 연결 해제,2,web/index.html:786 | web/index.html:786
index.메모로_직접_추가,메모로 직접 추가,2,web/index.html:807 | web/index.html:807
index.수집_전부_비우기,수집 전부 비우기,2,web/index.html:808 | web/index.html:808
index.토리_수집창고_목록,토리 수집창고 목록,2,web/index.html:811 | web/index.html:811
index.자료_추가,자료 추가,2,web/index.html:828 | web/index.html:828
index.참고자료_출처_목록,참고자료·출처 목록,2,web/index.html:831 | web/index.html:831
index.아이디어_메모,아이디어 메모,2,web/index.html:839 | web/index.html:839
index.바인더_너비_조절,바인더 너비 조절,2,web/index.html:922 | web/index.html:922
index.끌어_바인더_너비_조절,끌어 바인더 너비 조절,2,web/index.html:922 | web/index.html:922
index.토리는_수퍼토리에_탑재된_AI_어시스턴트예요,토리는 수퍼토리에 탑재된 AI 어시스턴트예요.,2,web/index.html:949 | web/index.html:4871
index.편집자처럼_원고의_구조를_보고_비평가처럼_장,"편집자처럼 원고의 구조를 보고, 비평가처럼 장르와 완성도를 판단하고, 많은 이야기를 읽어온 독자처럼 몰입감을 살펴요. 토리가 작가님의 글을 대신 써드리지는 않아요. 하지만 작품의 인물, 세계관, 줄거리 흐름을 기억해 스스로 보기 어려운 원고의 입체적인 모습을 보여드릴게요.",2,web/index.html:950 | web/index.html:4872
index.창작의_즐거움은_작가님_몫이랍니다,창작의 즐거움은 작가님 몫이랍니다. ❤️,2,web/index.html:951 | web/index.html:4873
index.시작_안내,시작 안내,2,web/index.html:958 | web/index.html:958
index.생각수첩_보드,생각수첩 보드,2,web/index.html:986 | web/index.html:986
index.장르_키워드_메인,장르·키워드 메인,2,web/index.html:1003 | web/index.html:1003
index.설정집_메인_목록,설정집 메인 목록,2,web/index.html:1036 | web/index.html:1036
index.회차_이동,회차 이동,2,web/index.html:1069 | web/index.html:1069
index.열린_회차_탭,열린 회차 탭,2,web/index.html:1070 | web/index.html:1070
index.이전_다음_회차,이전·다음 회차,2,web/index.html:1075 | web/index.html:1075
index.현재_회차_제목,현재 회차 제목,2,web/index.html:1094 | web/index.html:1094
index.현재_회차_제목_수정_가능,현재 회차 제목 (수정 가능),2,web/index.html:1096 | web/index.html:1096
index.취소선_Ctrl_Shift_X,취소선 (Ctrl+Shift+X),2,web/index.html:1184 | web/index.html:1184
index.도구_아이콘,도구 아이콘,2,web/index.html:1307 | web/index.html:1307
index.현재_원고의_철자_맞춤법_띄어쓰기를_검사합니,현재 원고의 철자·맞춤법·띄어쓰기를 검사합니다,2,web/index.html:1345 | web/index.html:1345
index.원고_분석_방식_선택,원고 분석 방식 선택,2,web/index.html:1363 | web/index.html:1363
index.분석_방식,분석 방식,2,web/index.html:1373 | web/index.html:1373
index.원고를_집중_분석하여_편집자와_독자_관점의,원고를 집중 분석하여 편집자와 독자 관점의 피드백을 드려요.,2,web/index.html:1380 | web/index.html:2355
index.북마크_목록_각_항목에_이유를_적을_수_있어,북마크 목록 · 각 항목에 이유를 적을 수 있어요,2,web/index.html:1411 | web/index.html:1411
index.타자기_모드,타자기 모드,2,web/index.html:1431 | web/index.html:1431
index.찾기_Ctrl_F,찾기 (Ctrl+F),2,web/index.html:1463 | web/index.html:1463
index.뷰어_PDF_종이책_핸드폰_리더기_편집_불가,뷰어 · PDF · 종이책 · 핸드폰 · 리더기 (편집 불가),2,web/index.html:1477 | web/index.html:1477
index.분할_방식,분할 방식,2,web/index.html:1507 | web/index.html:1507
index.화면_나누기,↔ 화면 나누기,2,web/index.html:1509 | web/index.html:1867
index.팝업으로_보기,⧉ 팝업으로 보기,2,web/index.html:1513 | web/index.html:1871
index.확장_전체보기_F10,확장 · 전체보기 (F10),2,web/index.html:1528 | web/index.html:1528
index.원고_찾기,원고 찾기,2,web/index.html:1556 | web/index.html:1556
index.찾을_내용,찾을 내용,2,web/index.html:1559 | web/index.html:1559
index.북마크_목록,북마크 목록,2,web/index.html:1568 | web/index.html:1568
index.유사단어_찾기,유사단어 찾기,2,web/index.html:1578 | web/index.html:1578
index.예_주인공이_낯선_편지를_발견한다,예: 주인공이 낯선 편지를 발견한다.,2,web/index.html:1616 | web/index.html:1616
index.이_씬_요약,이 씬 요약,2,web/index.html:1616 | web/index.html:1616
index.오른쪽_클릭_이미지_넣기_페이지_색,오른쪽 클릭: 이미지 넣기 · 페이지 색,2,web/index.html:1652 | web/index.html:1652
index.글자_수와_목표,글자 수와 목표,2,web/index.html:1667 | web/index.html:1667
index.현재_원고_작품_전체_전환,현재 원고 ↔ 작품 전체 전환,2,web/index.html:1673 | web/index.html:1673
index.글자_수_범위_전환,글자 수 범위 전환,2,web/index.html:1674 | web/index.html:1674
index.씬_개수,씬 개수,2,web/index.html:1681 | web/index.html:1681
index.예상_읽기_시간_분당_약_200단어_한글은,예상 읽기 시간 (분당 약 200단어 · 한글은 분당 약 500자),2,web/index.html:1683 | web/index.html:1683
index.우클릭_게이지_색_선택,우클릭: 게이지 색 선택,2,web/index.html:1685 | web/index.html:1685
index.우클릭_목표_일괄_적용,우클릭: 목표 일괄 적용,2,web/index.html:1695 | web/index.html:1695
index.목표_수_우클릭_일괄_적용,목표 수 · 우클릭: 일괄 적용,2,web/index.html:1696 | web/index.html:1696
index.목표_수,목표 수,2,web/index.html:1698 | web/index.html:1698
index.씬_기능,씬 기능,2,web/index.html:1721 | web/index.html:1721
index.기능_닫기,기능 닫기,2,web/index.html:1724 | web/index.html:1724
index.본문에_포함되지_않는_개별_메모입니다,본문에 포함되지 않는 개별 메모입니다.,2,web/index.html:1732 | web/index.html:1732
index.새_인물을_만들고_인물_작성_페이지로_이동,새 인물을 만들고 인물 작성 페이지로 이동,2,web/index.html:1743 | web/index.html:1743
index.등장_인물_선택,등장 인물 선택,2,web/index.html:1745 | web/index.html:1745
index.시점_인물,시점 인물,2,web/index.html:1748 | web/index.html:1748
index.이_회차_등장_인물_시점_연결_저장,이 회차 등장 인물·시점 연결 저장,2,web/index.html:1754 | web/index.html:1754
index.맞춤법_검사,맞춤법 검사,2,web/index.html:1761 | web/index.html:1761
index.현재_작성_중인_페이지,현재 작성 중인 페이지,2,web/index.html:1763 | web/index.html:3307
index.검사_방식_비교,검사 방식 비교,2,web/index.html:1766 | web/index.html:1766
index.Gemini로_맞춤법_띄어쓰기_검사_기본,Gemini로 맞춤법·띄어쓰기 검사 (기본),2,web/index.html:1768 | web/index.html:1768
index.글자_수_제한,글자 수 제한,2,web/index.html:1770 | web/index.html:1779
index.특징,특징,2,web/index.html:1771 | web/index.html:1780
index.안정성,안정성,2,web/index.html:1772 | web/index.html:1781
index.실패_시,실패 시,2,web/index.html:1773 | web/index.html:1782
index.바른한글_공개_검사기_사용_막힐_수_있음,바른한글 공개 검사기 사용 (막힐 수 있음),2,web/index.html:1777 | web/index.html:1777
index.웹_링크_추가,웹 링크 추가,2,web/index.html:1800 | web/index.html:1800
index.PDF_Word_한글_텍스트_파일_추가,PDF·Word·한글·텍스트 파일 추가,2,web/index.html:1801 | web/index.html:1801
index.자료_종류,자료 종류,2,web/index.html:1804 | web/index.html:1804
index.화면_나누기_너비_조절,화면 나누기 너비 조절,2,web/index.html:1827 | web/index.html:1827
index.끌어_팝업_창_이동,끌어 팝업 창 이동,2,web/index.html:1838 | web/index.html:1838
index.팝업_창_이동,팝업 창 이동,2,web/index.html:1839 | web/index.html:1839
index.화면_나누기_팝업_선택_닫기,화면 나누기 / 팝업 선택 · 닫기,2,web/index.html:1863 | web/index.html:1863
index.보기_방식,보기 방식,2,web/index.html:1865 | web/index.html:1865
index.분할_닫기,분할 닫기,2,web/index.html:1880 | web/index.html:1880
index.함께볼_항목,함께볼 항목,2,web/index.html:1884 | web/index.html:1884
index.분할_내용,분할 내용,2,web/index.html:1894 | web/index.html:1894
index.참고자료_파일_뷰어,참고자료 파일 뷰어,2,web/index.html:1904 | web/index.html:1904
index.이_자료만_파일로_내보내기,이 자료만 파일로 내보내기,2,web/index.html:1921 | web/index.html:1921
index.참고자료_내보내기_형식,참고자료 내보내기 형식,2,web/index.html:1925 | web/index.html:1925
index.PDF_뷰어,PDF 뷰어,2,web/index.html:1936 | web/index.html:1936
index.링크_미리보기,링크 미리보기,2,web/index.html:1937 | web/index.html:1937
index.참고자료_본문,참고자료 본문,2,web/index.html:1945 | web/index.html:1945
index.참고자료_본문이_여기_표시됩니다_편집을_켜면,참고자료 본문이 여기 표시됩니다. 편집을 켜면 바로 수정할 수 있어요.,2,web/index.html:1946 | web/index.html:1946
index.분할_원고,분할 원고,2,web/index.html:1957 | web/index.html:1957
index.함께보는_회차의_원고가_여기_표시됩니다_자유,함께보는 회차의 원고가 여기 표시됩니다. 자유 편집을 켜면 바로 수정할 수 있어요.,2,web/index.html:1958 | web/index.html:1958
index.캐릭터_역할,캐릭터 역할,2,web/index.html:1987 | web/index.html:1987
index.캐릭터_이미지,캐릭터 이미지,2,web/index.html:1994 | web/index.html:1994
index.캐릭터_이미지_미리보기,캐릭터 이미지 미리보기,2,web/index.html:1996 | web/index.html:1996
index.예_김_지은,"예: 김, 지은",2,web/index.html:2007 | web/index.html:2007
index.예_밤에만_일하는_서점_주인,예: 밤에만 일하는 서점 주인,2,web/index.html:2013 | web/index.html:2013
index.외모_성격_과거_목표_등_자유롭게_적으세요,"외모, 성격, 과거, 목표 등 자유롭게 적으세요.",2,web/index.html:2019 | web/index.html:2019
index.예_빠른_판단력_검을_잘_다룸_주변_사람을,"예: 빠른 판단력, 검을 잘 다룸, 주변 사람을 잘 챙김",2,web/index.html:2026 | web/index.html:2026
index.예_고집에_셈_과거_트라우마_거짓말에_약함,"예: 고집에 셈, 과거 트라우마, 거짓말에 약함",2,web/index.html:2032 | web/index.html:2032
index.독자에게_보이지_않는_비밀_설정이나_수정_메,독자에게 보이지 않는 비밀 설정이나 수정 메모,2,web/index.html:2036 | web/index.html:2036
index.예_검은_여우,예: 검은 여우,2,web/index.html:2042 | web/index.html:2042
index.설정_문서_편집,설정 문서 편집,2,web/index.html:2049 | web/index.html:2049
index.설정_문서_글자_서식,설정 문서 글자 서식,2,web/index.html:2063 | web/index.html:2063
index.세계관_편집,세계관 편집,2,web/index.html:2292 | web/index.html:2292
index.캐릭터_메인,캐릭터 메인,2,web/index.html:2310 | web/index.html:2310
index.캐릭터_카드_목록,캐릭터 카드 목록,2,web/index.html:2321 | web/index.html:2321
index.SuperTORY_AI_도우미,SuperTORY AI 도우미,2,web/index.html:2325 | web/index.html:2325
index.SuperTORY_너비_조절,SuperTORY 너비 조절,2,web/index.html:2331 | web/index.html:2331
index.끌어_SuperTORY_너비_조절,끌어 SuperTORY 너비 조절,2,web/index.html:2332 | web/index.html:2332
index.토리_패널,토리 패널,2,web/index.html:2359 | web/index.html:2359
index.좌클릭_도우미_우클릭_토리_모드_선택,좌클릭: 도우미 · 우클릭: 토리 모드 선택,2,web/index.html:2367 | web/index.html:2367
index.작가_지침_작성,작가 지침 작성,2,web/index.html:2386 | web/index.html:2386
index.작가_지침,작가 지침,2,web/index.html:2388 | web/index.html:2981
index.도우미_요청_선택_결과,도우미 요청·선택·결과,2,web/index.html:2414 | web/index.html:2414
index.도우미_설정_창_안내,도우미 설정 창 안내,2,web/index.html:2492 | web/index.html:2492
index.흥행_공식_분석_안내,흥행 공식 분석 안내,2,web/index.html:2496 | web/index.html:2496
index.글럼프_응급실_안내,글럼프 응급실 안내,2,web/index.html:2499 | web/index.html:2499
index.요청_내용을_크게_보기,요청 내용을 크게 보기,2,web/index.html:2515 | web/index.html:2515
index.이전_결과_목록,이전 결과 목록,2,web/index.html:2539 | web/index.html:2539
index.결과를_팝업으로_크게_보기,결과를 팝업으로 크게 보기,2,web/index.html:2542 | web/index.html:2542
index.여기에서_답변을_보실_수_있어요,여기에서 답변을 보실 수 있어요,2,web/index.html:2550 | web/index.html:2550
index.이어서_쓰기_스타일_결과,이어서 쓰기 스타일 결과,2,web/index.html:2552 | web/index.html:2552
index.이어_쓰기_스타일,이어 쓰기 스타일,2,web/index.html:2555 | web/index.html:2555
index.스타일별_이어_쓰기_결과,스타일별 이어 쓰기 결과,2,web/index.html:2562 | web/index.html:2562
index.결과_활용,결과 활용,2,web/index.html:2568 | web/index.html:2568
index.내_캐릭터와_대화하기,내 캐릭터와 대화하기,2,web/index.html:2595 | web/index.html:2615
index.내_캐릭터_대화_모드,내 캐릭터 대화 모드,2,web/index.html:2605 | web/index.html:2605
index.1_1_대화,1:1 대화,2,web/index.html:2606 | web/index.html:2656
index.인물_카드를_한눈에_펼쳐_보기,인물 카드를 한눈에 펼쳐 보기,2,web/index.html:2616 | web/index.html:2616
index.대화_상대_인물,대화 상대 인물,2,web/index.html:2620 | web/index.html:2620
index.시뮬레이션_등장인물_선택,시뮬레이션 등장인물 선택,2,web/index.html:2628 | web/index.html:2628
index.프리셋_상황,프리셋 상황,2,web/index.html:2632 | web/index.html:2632
index.예_왕실_연회장에서_한쪽이_가짜_약혼을_폭로,예: 왕실 연회장에서 한쪽이 가짜 약혼을 폭로한다.,2,web/index.html:2634 | web/index.html:2634
index.논쟁_스크립트,논쟁 스크립트,2,web/index.html:2643 | web/index.html:2643
index.다시_뽑기,다시 뽑기,2,web/index.html:2647 | web/index.html:3722
index.가상_독자_목록_모드,가상 독자 목록 모드,2,web/index.html:2655 | web/index.html:2655
index.토론_패널,토론 패널,2,web/index.html:2657 | web/index.html:2692
index.독자_카드를_한눈에_펼쳐_보기,독자 카드를 한눈에 펼쳐 보기,2,web/index.html:2666 | web/index.html:2666
index.0_5명_선택됨,0 / 5명 선택됨,2,web/index.html:2677 | web/index.html:2896
index.토론할_가상_독자_고르기,토론할 가상 독자 고르기,2,web/index.html:2678 | web/index.html:2678
index.다른_독자_고르기,다른 독자 고르기,2,web/index.html:2699 | web/index.html:2699
index.가상_독자와의_대화,가상 독자와의 대화,2,web/index.html:2708 | web/index.html:2708
index.이_독자에게_말걸기_10_Enter_전송_S,이 독자에게 말걸기&#10;(Enter 전송 Shift + Enter 줄바꿈),2,web/index.html:2714 | web/index.html:2714
index.원고_첨부,원고 첨부,2,web/index.html:2716 | web/index.html:2872
index.토리_답변_드래그_후_클릭_형광펜_우클릭_색,토리 답변 드래그 후 클릭: 형광펜 · 우클릭: 색 고르기,2,web/index.html:2734 | web/index.html:2734
index.크기_조절_가능한_팝업으로_대화,크기 조절 가능한 팝업으로 대화,2,web/index.html:2745 | web/index.html:2745
index.팝업창,팝업창,2,web/index.html:2745 | web/index.html:2745
index.지운_대화_이전_대화_목록,지운 대화·이전 대화 목록,2,web/index.html:2751 | web/index.html:2751
index.히스토리,히스토리,2,web/index.html:2751 | web/index.html:2751
index.현재_대화를_비우고_히스토리에_보관,현재 대화를 비우고 히스토리에 보관,2,web/index.html:2758 | web/index.html:2758
index.대화_지우기,대화 지우기,2,web/index.html:2758 | web/index.html:2758
index.흥행_프로파일을_근거로_분석가_세션을_엽니다,흥행 프로파일을 근거로 분석가 세션을 엽니다,2,web/index.html:2769 | web/index.html:2769
index.흥행요인_분석가_소환,흥행요인 분석가 소환,2,web/index.html:2770 | web/index.html:2770
index.일반_대화로_돌아가기,일반 대화로 돌아가기,2,web/index.html:2781 | web/index.html:2781
index.토리에게_말걸기_10_Enter_전송_Shi,토리에게 말걸기&#10;(Enter 전송 Shift + Enter 줄바꿈),2,web/index.html:2785 | web/index.html:2785
index.선택_문장_또는_최근_답변을_수집창고에,선택 문장 또는 최근 답변을 수집창고에,2,web/index.html:2787 | web/index.html:2787
index.토리_알림_센터,토리 알림 센터,2,web/index.html:2796 | web/index.html:2796
index.토리_알림,토리 알림,2,web/index.html:2809 | web/index.html:5854
index.알림_필터,알림 필터,2,web/index.html:2819 | web/index.html:2819
index.알림_목록,알림 목록,2,web/index.html:2826 | web/index.html:2826
index.이전_대화_목록,이전 대화 목록,2,web/index.html:2850 | web/index.html:2850
index.대화_내용,대화 내용,2,web/index.html:2851 | web/index.html:2851
index.이_기록_삭제,이 기록 삭제,2,web/index.html:2858 | web/index.html:3859
index.첨부할_회차_선택,첨부할 회차 선택,2,web/index.html:2876 | web/index.html:2876
index.회차_고르기,회차 고르기,2,web/index.html:2878 | web/index.html:3994
index.가상_독자_전체_목록,가상 독자 전체 목록,2,web/index.html:2897 | web/index.html:2897
index.내_캐릭터_전체_목록,내 캐릭터 전체 목록,2,web/index.html:2913 | web/index.html:2913
index.접기,접기,2,web/index.html:2982 | web/index.html:2982
index.작가_지침_접기,작가 지침 접기,2,web/index.html:2982 | web/index.html:2982
index.기록_메뉴,기록 메뉴,2,web/index.html:3012 | web/index.html:3012
index.이전_달,이전 달,2,web/index.html:3023 | web/index.html:3023
index.다음_달,다음 달,2,web/index.html:3025 | web/index.html:3025
index.글쓰기_달력,글쓰기 달력,2,web/index.html:3030 | web/index.html:3030
index.기록_지우기,기록 지우기,2,web/index.html:3032 | web/index.html:3032
index.모든_날짜의_글자수_집필_시간을_지웁니다,모든 날짜의 글자수·집필 시간을 지웁니다,2,web/index.html:3037 | web/index.html:3037
index.날짜를_골라_지웁니다,날짜를 골라 지웁니다,2,web/index.html:3043 | web/index.html:3043
index.현재_집계_요약,현재 집계 요약,2,web/index.html:3077 | web/index.html:3077
index.폰에서_보낸_글,폰에서 보낸 글,2,web/index.html:3154 | web/index.html:3154
index.AI_결과_본문,AI 결과 본문,2,web/index.html:3185 | web/index.html:3185
index.요청_내용_크게_보기,요청 내용 크게 보기,2,web/index.html:3255 | web/index.html:3255
index.요청_내용_비우기,요청 내용 비우기,2,web/index.html:3259 | web/index.html:3259
index.요청을_반영하고_토리에게_물어봅니다,요청을 반영하고 토리에게 물어봅니다,2,web/index.html:3261 | web/index.html:3261
index.복선_반전_검수,복선·반전 검수,2,web/index.html:3275 | web/index.html:3275
index.등록된_복선_선택,등록된 복선 선택,2,web/index.html:3280 | web/index.html:3280
index.2장_수상한_태도_10_6장_밤중에_외출,2장: 수상한 태도&#10;6장: 밤중에 외출,2,web/index.html:3293 | web/index.html:3293
index.이어서_쓰기_옵션,이어서 쓰기 옵션,2,web/index.html:3301 | web/index.html:3301
index.이어_쓸_페이지,이어 쓸 페이지,2,web/index.html:3302 | web/index.html:3304
index.이어_쓸_회차_선택,이어 쓸 회차 선택,2,web/index.html:3316 | web/index.html:3316
index.이어_쓸_분량,이어 쓸 분량,2,web/index.html:3322 | web/index.html:3324
index.예_대화_위주로_긴장감을_높여_줘_다음엔_편,예: 대화 위주로 / 긴장감을 높여 줘 / 다음엔 편지가 도착한다,2,web/index.html:3348 | web/index.html:3348
index.예_더_짧게_긴장감_있게_구어체로_비유를_줄,예: 더 짧게 / 긴장감 있게 / 구어체로 / 비유를 줄여 줘 / 대사만 손봐 줘,2,web/index.html:3362 | web/index.html:3362
index.다듬고_싶은_문장_문단을_여기에_직접_입력하,다듬고 싶은 문장·문단을 여기에 직접 입력하거나 붙여 넣으세요.,2,web/index.html:3386 | web/index.html:3386
index.브레인스토밍_옵션,브레인스토밍 옵션,2,web/index.html:3394 | web/index.html:3394
index.예_왕궁_내부_묘사_마법_체계_설명_시장_골,예: 왕궁 내부 묘사 / 마법 체계 설명 / 시장 골목의 분위기,2,web/index.html:3401 | web/index.html:3401
index.흥행_공식_분석_단계,흥행 공식 분석 단계,2,web/index.html:3431 | web/index.html:3431
index.분석할_완결작_제목,분석할 완결작 제목,2,web/index.html:3459 | web/index.html:3459
index.규모_기준,규모 기준,2,web/index.html:3465 | web/index.html:3465
index.예_600,예: 600,2,web/index.html:3472 | web/index.html:3472
index.예_20,예: 20,2,web/index.html:3482 | web/index.html:3482
index.예_10,예: 10,2,web/index.html:3485 | web/index.html:3485
index.구간_선택,구간 선택,2,web/index.html:3495 | web/index.html:3495
index.글럼프_도구,글럼프 도구,2,web/index.html:3554 | web/index.html:3554
index.지금_막힌_지점,지금 막힌 지점,2,web/index.html:3592 | web/index.html:3592
index.막힌_이유,막힌 이유,2,web/index.html:3605 | web/index.html:3605
index.휴식_선택,휴식 선택,2,web/index.html:3619 | web/index.html:3619
index.오늘은_여기까지,오늘은 여기까지,2,web/index.html:3698 | web/index.html:3707
index.한두_문장만_이어서_써_보세요,한두 문장만 이어서 써 보세요.,2,web/index.html:3702 | web/index.html:3702
index.딴짓_끝내기,딴짓 끝내기,2,web/index.html:3785 | web/index.html:3785
index.뇌_빼고_쓰기_모드,뇌 빼고 쓰기 모드,2,web/index.html:3800 | web/index.html:3800
index.결과_히스토리_목록,결과 히스토리 목록,2,web/index.html:3851 | web/index.html:3851
index.결과_내용,결과 내용,2,web/index.html:3852 | web/index.html:3852
index.보관된_결과_본문,보관된 결과 본문,2,web/index.html:3857 | web/index.html:3857
index.원문과_다듬은_결과_비교,원문과 다듬은 결과 비교,2,web/index.html:3884 | web/index.html:3884
index.대안_표현_목록,대안 표현 목록,2,web/index.html:3891 | web/index.html:3891
index.내보내기_경로,내보내기 경로,2,web/index.html:3946 | web/index.html:3946
index.비우면_다운로드_폴더에_저장됩니다,비우면 다운로드 폴더에 저장됩니다,2,web/index.html:3957 | web/index.html:3957
index.내보내기_저장_폴더_경로,내보내기 저장 폴더 경로,2,web/index.html:3958 | web/index.html:3958
index.폴더_찾아보기,폴더 찾아보기,2,web/index.html:3960 | web/index.html:3960
index.이_경로로_저장,이 경로로 저장,2,web/index.html:3961 | web/index.html:3961
index.다운로드_폴더로,다운로드 폴더로,2,web/index.html:3962 | web/index.html:3962
index.열기,열기,2,web/index.html:3963 | web/index.html:4581
index.탐색기에서_폴더_열기,탐색기에서 폴더 열기,2,web/index.html:3963 | web/index.html:3963
index.내보내기_범위,내보내기 범위,2,web/index.html:3981 | web/index.html:3981
index.전체_원고,전체 원고,2,web/index.html:3984 | web/index.html:5276
index.내보낼_회차_선택,내보낼 회차 선택,2,web/index.html:3992 | web/index.html:3992
index.작품의_장르와_분위기_키워드를_자세히_알려줄,"작품의 장르와 분위기, 키워드를 자세히 알려줄수록 토리가 작가님의 세계관을 더 정확하게 이해해요!",2,web/index.html:4026 | web/index.html:4170
index.꼼꼼하게_채워주실수록_내_원고에_딱_맞는_스,꼼꼼하게 채워주실수록 내 원고에 딱 맞는 스마트한 도움을 드립니다.,2,web/index.html:4027 | web/index.html:4171
index.장르_하위_태그,장르 · 하위 태그,2,web/index.html:4068 | web/index.html:4212
index.교정본_처리_방식,교정본 처리 방식,2,web/index.html:4111 | web/index.html:4111
index.비워_두면_위에서_고른_제목을_씁니다,비워 두면 위에서 고른 제목을 씁니다,2,web/index.html:4259 | web/index.html:4259
index.예,예: ///,2,web/index.html:4308 | web/index.html:4308
index.요약_수치,요약 수치,2,web/index.html:4351 | web/index.html:4351
index.원고_목록_메뉴,원고 목록 메뉴,2,web/index.html:4368 | web/index.html:4368
index.상단_색_북마크에_고정해요,상단 색 북마크에 고정해요,2,web/index.html:4389 | web/index.html:4552
index.Word_한글_등_파일로_내려받아요,Word·한글 등 파일로 내려받아요,2,web/index.html:4402 | web/index.html:4720
index.목차_글자_줄간격,목차 글자·줄간격,2,web/index.html:4411 | web/index.html:4411
index.작게,작게,2,web/index.html:4414 | web/index.html:4414
index.크게,크게,2,web/index.html:4416 | web/index.html:4416
index.크기_선택,크기 선택,2,web/index.html:4418 | web/index.html:4418
index.좁게,좁게,2,web/index.html:4431 | web/index.html:4431
index.넓게,넓게,2,web/index.html:4433 | web/index.html:4433
index.줄간격_선택,줄간격 선택,2,web/index.html:4435 | web/index.html:4435
index.폴더_챕터_메뉴,폴더(챕터) 메뉴,2,web/index.html:4457 | web/index.html:4457
index.이_폴더_이름을_수정해요,이 폴더 이름을 수정해요,2,web/index.html:4465 | web/index.html:4498
index.색상_표시,색상 표시,2,web/index.html:4472 | web/index.html:4505
index.폴더_아이콘_색을_바꿔요,폴더 아이콘 색을 바꿔요,2,web/index.html:4473 | web/index.html:4506
index.테두리_상자_스타일을_켜거나_꺼요,테두리 상자 스타일을 켜거나 꺼요,2,web/index.html:4481 | web/index.html:4514
index.폴더_버리기,폴더 버리기,2,web/index.html:4485 | web/index.html:4518
index.폴더_메뉴,폴더 메뉴,2,web/index.html:4490 | web/index.html:4490
index.폴더_선_색_선택,폴더 선 색 선택,2,web/index.html:4525 | web/index.html:4525
index.없음,없음,2,web/index.html:4526 | web/index.html:4526
index.색_없음,색 없음,2,web/index.html:4526 | web/index.html:4526
index.폴더_색_선택_쨍한_색,폴더 색 선택 (쨍한 색),2,web/index.html:4535 | web/index.html:4535
index.설정집_메뉴,설정집 메뉴,2,web/index.html:4548 | web/index.html:4548
index.북마크_메뉴,북마크 메뉴,2,web/index.html:4578 | web/index.html:4578
index.색_팔레트,색 팔레트,2,web/index.html:4595 | web/index.html:4595
index.직접_색_고르기,직접 색 고르기,2,web/index.html:4608 | web/index.html:4608
index.글머리_기호_선택,글머리 기호 선택,2,web/index.html:4616 | web/index.html:4616
index.번호_목록,번호 목록,2,web/index.html:4620 | web/index.html:4620
index.특수문자_선택,특수문자 선택,2,web/index.html:4631 | web/index.html:4631
index.전체_문서_적용,전체 문서 적용,2,web/index.html:4641 | web/index.html:4641
index.게이지_색,게이지 색,2,web/index.html:4662 | web/index.html:4662
index.원고_페이지_메뉴,원고 페이지 메뉴,2,web/index.html:4686 | web/index.html:4686
index.선택한_글을_오려내어_클립보드에_담아요,선택한 글을 오려내어 클립보드에 담아요,2,web/index.html:4688 | web/index.html:4688
index.선택한_글을_클립보드에_담아요,선택한 글을 클립보드에 담아요,2,web/index.html:4691 | web/index.html:4691
index.클립보드_내용을_원본_서식_그대로_넣어요,클립보드 내용을 원본 서식 그대로 넣어요,2,web/index.html:4695 | web/index.html:4695
index.원본_서식_유지_서식_병합_텍스트만_유지_중,원본 서식 유지 · 서식 병합 · 텍스트만 유지 중에서 골라 붙여요,2,web/index.html:4698 | web/index.html:4698
index.원본_서식_유지_복사한_그대로의_글꼴_크기,원본 서식 유지: 복사한 그대로의 글꼴·크기·색으로 넣어요,2,web/index.html:4703 | web/index.html:4703
index.서식_병합_굵기_기울임_등은_남기고_글꼴_크,"서식 병합: 굵기·기울임 등은 남기고, 글꼴·크기·색은 지금 문서에 맞춰요",2,web/index.html:4704 | web/index.html:4704
index.텍스트만_유지_서식_없이_글자만_넣어요,텍스트만 유지: 서식 없이 글자만 넣어요,2,web/index.html:4705 | web/index.html:4705
index.페이지_색_적용_범위,페이지 색 적용 범위,2,web/index.html:4761 | web/index.html:4761
index.본문_페이지_색,본문 페이지 색,2,web/index.html:4771 | web/index.html:4771
index.직접_고르기,직접 고르기…,2,web/index.html:4799 | web/index.html:4799
index.직접_고르기_2,직접 고르기,2,web/index.html:4799 | web/index.html:4799
index.바탕_색_직접_고르기,바탕 색 직접 고르기,2,web/index.html:4803 | web/index.html:4803
index.페이지_테마_기본_글자색으로,페이지 테마 기본 글자색으로,2,web/index.html:4812 | web/index.html:4812
index.기능_메뉴,기능 메뉴,2,web/index.html:4826 | web/index.html:4826
index.관리자_구역,관리자 구역,2,web/index.html:4847 | web/index.html:4847
index.토리_소개,토리 소개,2,web/index.html:4864 | web/index.html:4864
index.검색어_입력_예_바인더_하위_폴더_토리_교정,"검색어 입력 (예: 바인더, 하위 폴더, 토리, 교정고, 내보내기…)",2,web/index.html:4915 | web/index.html:4915
index.UI_테마,UI 테마,2,web/index.html:4960 | web/index.html:4960
index.모두_다시_표시,모두 다시 표시,2,web/index.html:4970 | web/index.html:4986
index.회차_인덱스_다시_만들기,회차 인덱스 다시 만들기,2,web/index.html:5061 | web/index.html:5108
index.전체보기_창_모드_F11,전체보기 / 창 모드 (F11),2,web/index.html:5223 | web/index.html:5223
index.큰_창_원고,큰 창 원고,2,web/index.html:5239 | web/index.html:5239
index.여기에_원고를_이어서_써_보세요,여기에 원고를 이어서 써 보세요.,2,web/index.html:5240 | web/index.html:5240
index.큰_창_분할_너비_조절,큰 창 분할 너비 조절,2,web/index.html:5248 | web/index.html:5248
index.큰_창_분할,큰 창 분할,2,web/index.html:5254 | web/index.html:5254
index.뷰어_형식,뷰어 형식,2,web/index.html:5268 | web/index.html:5268
index.원고_범위,원고 범위,2,web/index.html:5274 | web/index.html:5274
index.목차_열기_닫기,목차 열기/닫기,2,web/index.html:5286 | web/index.html:5286
index.회차_목차,회차 목차,2,web/index.html:5297 | web/index.html:5297
index.종이_색,종이 색,2,web/index.html:5351 | web/index.html:5351
index.따뜻한_종이,따뜻한 종이,2,web/index.html:5355 | web/index.html:5417
index.핸드폰_바탕색,핸드폰 바탕색,2,web/index.html:5379 | web/index.html:5379
index.핸드폰_넘김_방식,핸드폰 넘김 방식,2,web/index.html:5389 | web/index.html:5389
index.책_넘김_화면_단위,책 넘김 (화면 단위),2,web/index.html:5390 | web/index.html:5424
index.스크롤_다운,스크롤 다운,2,web/index.html:5391 | web/index.html:5425
index.책_넘김_휠_버튼_스와이프_스크롤_아래로_자,책 넘김: 휠·버튼·스와이프 · 스크롤: 아래로 자연 스크롤,2,web/index.html:5394 | web/index.html:5428
index.리더기_스타일,리더기 스타일,2,web/index.html:5415 | web/index.html:5415
index.리더기_넘김_방식,리더기 넘김 방식,2,web/index.html:5423 | web/index.html:5423
index.이전_페이지,이전 페이지 (←),2,web/index.html:5433 | web/index.html:5433
index.이전_페이지_2,이전 페이지,2,web/index.html:5433 | web/index.html:5433
index.다음_페이지,다음 페이지 (→),2,web/index.html:5434 | web/index.html:5434
index.다음_페이지_2,다음 페이지,2,web/index.html:5434 | web/index.html:5434
index.뷰어_원고,뷰어 원고,2,web/index.html:5450 | web/index.html:5450
index.드래그하여_책_크기_조절,드래그하여 책 크기 조절,2,web/index.html:5455 | web/index.html:5455
index.어떤_회차를_확인할까요,어떤 회차를 확인할까요?,2,web/index.html:5469 | web/index.html:5502
index.중복_체크_기준_회차,중복 체크 기준 회차,2,web/index.html:5483 | web/index.html:5483
index.서사_템포_분석_기준_회차,서사 템포 분석 기준 회차,2,web/index.html:5516 | web/index.html:5516
index.회차_진행률에_따른_긴장도_꺾은선_그래프,회차 진행률에 따른 긴장도 꺾은선 그래프,2,web/index.html:5540 | web/index.html:5540
index.엔딩_훅_점수,엔딩 훅 점수,2,web/index.html:5545 | web/index.html:5545
index.엔딩_개작_제안,엔딩 개작 제안,2,web/index.html:5553 | web/index.html:5553
index.다음_아이디어_제안_기준_회차,다음 아이디어 제안 기준 회차,2,web/index.html:5588 | web/index.html:5588
index.브레인스토밍_기준_회차,브레인스토밍 기준 회차,2,web/index.html:5621 | web/index.html:5621
index.비워_두면_자유_확장_예_새로운_조연_인물,비워 두면 자유 확장 · 예: 새로운 조연 인물 / 세계관 확장 / 관계 구도 변화,2,web/index.html:5626 | web/index.html:5626
index.피드백_기준_회차,피드백 기준 회차,2,web/index.html:5667 | web/index.html:5667
index.요약할_회차,요약할 회차,2,web/index.html:5708 | web/index.html:5708
index.설정_붕괴_검사_회차,설정 붕괴 검사 회차,2,web/index.html:5749 | web/index.html:5749
index.예_문체_점검,예: 문체 점검,2,web/index.html:5774 | web/index.html:5774
index.예_현재_원고의_문체_일관성과_어색한_표현을,예: 현재 원고의 문체 일관성과 어색한 표현을 짚어 줘.,2,web/index.html:5777 | web/index.html:5777
index.드래그한_문장이_여기에_들어갑니다,드래그한 문장이 여기에 들어갑니다.,2,web/index.html:5802 | web/index.html:5802
index.예_집사가_밤중에_외출하는_단서,예: 집사가 밤중에 외출하는 단서,2,web/index.html:5805 | web/index.html:5805
index.아직_안_쓴_본문에_심을_떡밥_아이디어를_적,아직 안 쓴 본문에 심을 떡밥 아이디어를 적어 주세요.,2,web/index.html:5812 | web/index.html:5812
index.나중에_어떻게_회수_반전할지_적어_주세요,나중에 어떻게 회수·반전할지 적어 주세요.,2,web/index.html:5815 | web/index.html:5815
index.던지기_예상_회차,던지기 예상 회차,2,web/index.html:5818 | web/index.html:5818
index.예_3장_중반_아직_회차_없음,예: 3장 중반 · 아직 회차 없음,2,web/index.html:5823 | web/index.html:5823
index.회수_예정_회차,회수 예정 회차,2,web/index.html:5828 | web/index.html:5828
index.예_12장_결말_반전_장,예: 12장 결말 / 반전 장,2,web/index.html:5833 | web/index.html:5833
index.24시간_동안_이_회차_떡밥_알림을_쉬어요,24시간 동안 이 회차 떡밥 알림을 쉬어요,2,web/index.html:5877 | web/index.html:5877
index.나갔다가_이_회차를_다시_열_때만_알림,나갔다가 이 회차를 다시 열 때만 알림,2,web/index.html:5878 | web/index.html:5878
index.예_캐릭터_말투_점검,예: 캐릭터 말투 점검,2,web/index.html:5896 | web/index.html:5896
index.예_이번_회차에서_조연_말투를_다시_맞춰_보,예: 이번 회차에서 조연 말투를 다시 맞춰 보세요.,2,web/index.html:5899 | web/index.html:5899
index.알림_받을_회차,알림 받을 회차,2,web/index.html:5902 | web/index.html:5902
index.예_중반_클라이맥스_직전,예: 중반 클라이맥스 직전,2,web/index.html:5907 | web/index.html:5907
index.회차_열_때_팝업,회차 열 때 팝업,2,web/index.html:5909 | web/index.html:5909
index.예_한국_민속사전_설정_메모_PDF,예: 『한국 민속사전』 / 설정 메모 PDF,2,web/index.html:5933 | web/index.html:5933
index.어디에_쓸지_핵심_내용_인용_구절_등,"어디에 쓸지, 핵심 내용, 인용 구절 등",2,web/index.html:5948 | web/index.html:5948
index.번호_형식,번호 형식,2,web/index.html:5971 | web/index.html:5971
main.새로운_업데이트가_있습니다_업데이트하시겠습니,새로운 업데이트가 있습니다. 업데이트하시겠습니까?,2,electron/main.js:467 | electron/main.js:478
main.SuperTory_업데이트,SuperTory 업데이트,2,electron/main.js:477 | electron/main.js:521
main.업데이트_다운로드에_실패했습니다,업데이트 다운로드에 실패했습니다.,2,electron/main.js:513 | electron/main.js:522
app.서버에_연결할_수_없습니다_작성_중인_글은,서버에 연결할 수 없습니다. 작성 중인 글은 이 기기에 안전하게 보관됩니다.,1,web/app.js:178
app.응답을_해석하지_못했습니다,응답을 해석하지 못했습니다.,1,web/app.js:192
app.저장_중_문제가_생겼습니다_response,저장 중 문제가 생겼습니다. (${response.status}),1,web/app.js:197
app.연결이_끊긴_것_같아요_인터넷_확인_후_다시,연결이 끊긴 것 같아요. 인터넷 확인 후 다시 시도해 주세요.,1,web/app.js:229
app.잠깐_결과를_못_가져왔어요_잠시_후_다시_시,"잠깐, 결과를 못 가져왔어요. 잠시 후 다시 시도해 주세요.",1,web/app.js:231
app.작품을_한눈에_소개하는_글을_본문처럼_넓게,작품을 한눈에 소개하는 글을 본문처럼 넓게 편집합니다.,1,web/app.js:526
app.왜_이_작품을_쓰는지_전하고_싶은_메시지를,"왜 이 작품을 쓰는지, 전하고 싶은 메시지를 본문처럼 넓게 편집합니다.",1,web/app.js:535
app.작품_전체_줄거리_시놉시스를_여기에_본문처럼,작품 전체 줄거리·시놉시스를 여기에 본문처럼 적어 보세요.,1,web/app.js:545
app.한두_문장으로_작품의_핵심_매력을_정리합니다,한두 문장으로 작품의 핵심 매력을 정리합니다.,1,web/app.js:553
app.무대_특이점_극단_요소_사회_세력_다섯_축으,무대·특이점·극단 요소·사회·세력 다섯 축으로 세계 설정을 정리합니다.,1,web/app.js:562
app.무대와_시대_세계의_특이점_극단적_요소_사회,"무대와 시대, 세계의 특이점, 극단적 요소, 사회 체계, 세력과 갈등을 적어 보세요.",1,web/app.js:563
app.1_무대_및_시대_Where_When,1. 무대 및 시대 (Where & When),1,web/app.js:575
app.현실_가상_구분,현실 / 가상 구분,1,web/app.js:578
app.현실에_가상이_섞인_형태_현대_도시_숨겨진,현실에 가상이 섞인 형태 (현대 도시 + 숨겨진 이능 사회),1,web/app.js:578
app.시대_배경,시대 배경,1,web/app.js:579
app.현대,현대,1,web/app.js:579
app.주요_배경,주요 배경,1,web/app.js:580
app.해안_도시_하버라인과_그_지하_구역,해안 도시 하버라인과 그 지하 구역,1,web/app.js:580
app.2_세계의_특이점_Unique_Concept,2. 세계의 특이점 (Unique Concept),1,web/app.js:585
app.특수_요소,특수 요소,1,web/app.js:588
app.감정을_연료로_쓰는_이능,감정을 연료로 쓰는 이능,1,web/app.js:588
app.작동_규칙,작동 규칙,1,web/app.js:589
app.강한_감정일수록_이능이_커지지만_감정_소모,"강한 감정일수록 이능이 커지지만, 감정 소모 후 하루간 무력해진다",1,web/app.js:589
app.한계와_대가,한계와 대가,1,web/app.js:590
app.과다_사용_시_기억_일부_소실,과다 사용 시 기억 일부 소실,1,web/app.js:590
app.3_영향을_주는_극단적_요소_Extreme,3. 영향을 주는 극단적 요소 (Extreme Factor),1,web/app.js:595
app.이_세계의_평범한_일상을_위협하거나_전체_시,이 세계의 평범한 일상을 위협하거나 전체 시스템을 흔드는 가장 거대한 변수입니다.,1,web/app.js:596
app.극단적_사건_환경,극단적 사건 / 환경,1,web/app.js:598
app.10년째_이어지는_검은_비_재앙,10년째 이어지는 ‘검은 비’ 재앙,1,web/app.js:598
app.세상에_미친_영향,세상에 미친 영향,1,web/app.js:599
app.야외_활동이_금지되고_빗물을_막는_기업이_도,"야외 활동이 금지되고, 빗물을 막는 기업이 도시를 지배한다",1,web/app.js:599
app.4_기본_체계_및_사회_System_Life,4. 기본 체계 및 사회 (System & Life),1,web/app.js:604
app.지배_구조,지배 구조,1,web/app.js:607
app.방재_기업_연합이_통치,방재 기업 연합이 통치,1,web/app.js:607
app.기본_생활,기본 생활,1,web/app.js:608
app.크레딧_화폐_장거리_이동_허가제_안전_이_최,크레딧 화폐 · 장거리 이동 허가제 · ‘안전’이 최고 가치,1,web/app.js:608
app.계급_신분,계급 / 신분,1,web/app.js:609
app.이능_보유자_우대_노노출_구역_거주자_차별,"이능 보유자 우대, 노노출 구역 거주자 차별",1,web/app.js:609
app.5_세력_및_갈등_Factions,5. 세력 및 갈등 (Factions),1,web/app.js:614
app.주요_세력,주요 세력,1,web/app.js:617
app.방재_기업_연합_vs_지하_저항_조직_서킷,방재 기업 연합 vs 지하 저항 조직 ‘서킷’,1,web/app.js:617
app.갈등의_원인,갈등의 원인,1,web/app.js:618
app.재앙_대응_독점을_둘러싼_이권_다툼,재앙 대응 독점을 둘러싼 이권 다툼,1,web/app.js:618
app.span_class_world_sheet,"<span class=""world-sheet-field-head"">${escapeWorldHtml(label)}<button type=""button"" class=""character-analysis-badge world-analysis-badge hidden"" data-world-tori-field=""${escapeWorldHtml(fieldId)}"" title=""적어 둔 내용은 그대로 두고, 토리 분석만 보여 줍니다"">새 분석 있음</button></span>",1,web/app.js:651
app.예_escapeWorldHtml_field,예: ${escapeWorldHtml(field.example ||,1,web/app.js:664
app.기타_기존_메모,## 기타 · 기존 메모,1,web/app.js:727
app.예_field_example,예: ${field.example},1,web/app.js:817
app.작품_전체_표시_중_클릭하면_현재_원고,작품 전체 표시 중 · 클릭하면 현재 원고,1,web/app.js:1039
app.현재_원고_표시_중_클릭하면_작품_전체,현재 원고 표시 중 · 클릭하면 작품 전체,1,web/app.js:1040
app.formatStatNumber_bucket,${formatStatNumber(bucket)}${goalExcessUnitWord(metric)} 초과,1,web/app.js:1076
app.목표_초과_formatStatNumber_e,목표 초과 ${formatStatNumber(excess)}${goalExcessUnitWord(metric)} · 초과 게이지 ${overflowPct}%,1,web/app.js:1118
app.목표_없음,목표 없음,1,web/app.js:1132
app.COUNT_METRIC_LABEL_metr,${COUNT_METRIC_LABEL[metric] || metric} 목표 ${goal} 달성 후 ${excess}${goalExcessUnitWord(metric)} 초과,1,web/app.js:1134
app.COUNT_METRIC_LABEL_metr_2,${COUNT_METRIC_LABEL[metric] || metric} 목표 ${goal} 중 ${value} (${percent}%),1,web/app.js:1135
app.valTxt_formatStatNumber,${valTxt}/${formatStatNumber(goal)} 달성,1,web/app.js:1145
app.목표보다_formatStatNumber_ex,목표보다 ${formatStatNumber(excess)}${goalExcessUnitWord(metric)} 많음,1,web/app.js:1154
app.약_m_분,약 ${m}분,1,web/app.js:1218
app.약_m_1_분,약 ${m + 1}분,1,web/app.js:1219
app.약_m_분_sec_초,약 ${m}분 ${sec}초,1,web/app.js:1220
app.약_Math_round_minutesFloa,약 ${Math.round(minutesFloat)}분,1,web/app.js:1222
app.예상_읽기_시간_단어_formatStatNu,예상 읽기 시간 · 단어 ${formatStatNumber(words)} · 공백제외 ${formatStatNumber(chars)}자 (분당 약 ${READING_WPM}단어 / 한글 약 ${READING_CPM}자),1,web/app.js:1232
app.슬레이트,슬레이트,1,web/app.js:1248
app.남보라,남보라,1,web/app.js:1249
app.햇살,햇살,1,web/app.js:1255
app.노을,노을,1,web/app.js:1256
app.불꽃,불꽃,1,web/app.js:1257
app.바다,바다,1,web/app.js:1258
app.하늘,하늘,1,web/app.js:1259
app.보라빛,보라빛,1,web/app.js:1260
app.숲,숲,1,web/app.js:1261
app.베리,베리,1,web/app.js:1263
app.골드,골드,1,web/app.js:1264
app.기본_모드_테마,기본 & 모드 테마,1,web/app.js:1372
app.언제나_편안하고_정갈한_토리의_기본_집필_모,언제나 편안하고 정갈한 토리의 기본 집필 모드예요.,1,web/app.js:1374
app.정갈하고_눈이_편안한_오프화이트,정갈하고 눈이 편안한 오프화이트,1,web/app.js:1376
app.햇살을_머금은_따스한_샌드_베이지,햇살을 머금은 따스한 샌드 베이지,1,web/app.js:1377
app.심야에도_눈부심_없는_딥_다크_브라운,심야에도 눈부심 없는 딥 다크 브라운,1,web/app.js:1378
app.전자종이처럼_대비가_명확한_모노크롬,전자종이처럼 대비가 명확한 모노크롬,1,web/app.js:1379
app.토리의_공간,토리의 공간,1,web/app.js:1386
app.장소_테마,장소 테마,1,web/app.js:1387
app.나만의_아늑한_작업실에서_그_공간에_직접_들,나만의 아늑한 작업실에서. 그 공간에 직접 들어앉아 글을 쓰는 몰입감을 선사해요.,1,web/app.js:1388
app.눈이_편안해지는_차분한_세이지_그린,눈이 편안해지는 차분한 세이지 그린,1,web/app.js:1390
app.오래된_타자기와_책_냄새가_나는_세피아,오래된 타자기와 책 냄새가 나는 세피아,1,web/app.js:1391
app.이성적인_집필을_돕는_소프트_블루_그레이,이성적인 집필을 돕는 소프트 블루 그레이,1,web/app.js:1392
app.친근하고_아날로그적인_레트로_우드_그린,친근하고 아날로그적인 레트로 우드/그린,1,web/app.js:1393
app.불_꺼진_방_스탠드_조명_아래의_딥_네이비,"불 꺼진 방, 스탠드 조명 아래의 딥 네이비",1,web/app.js:1394
app.감성과_영감,감성과 영감,1,web/app.js:1401
app.분위기_테마,분위기 테마,1,web/app.js:1402
app.창가_너머_계절의_빛깔을_따라_마음에_스친,"창가 너머 계절의 빛깔을 따라, 마음에 스친 영감을 담아내요.",1,web/app.js:1403
app.탁_트인_하늘_아래_머리가_맑아지는_파스텔,탁 트인 하늘 아래 머리가 맑아지는 파스텔 블루,1,web/app.js:1405
app.꽃잎이_피어난_정원에_온_듯_포근한_베이지,꽃잎이 피어난 정원에 온 듯 포근한 베이지 핑크,1,web/app.js:1406
app.붉게_물드는_해질녘_창가의_오렌지_앰버,붉게 물드는 해질녘 창가의 오렌지 앰버,1,web/app.js:1407
app.자극을_비우고_문장에_침잠하는_미니멀_쿨_그,자극을 비우고 문장에 침잠하는 미니멀 쿨 그레이,1,web/app.js:1408
app.아득한_영감을_불러오는_소프트_라벤더,아득한 영감을 불러오는 소프트 라벤더,1,web/app.js:1409
app.게이지_색을_테마_기본값으로_돌렸습니다,게이지 색을 테마 기본값으로 돌렸습니다.,1,web/app.js:1822
app.전체_집계를_불러오지_못함_서버_재시작_후,전체 집계를 불러오지 못함 · 서버 재시작 후 새로고침,1,web/app.js:1849
app.목표_formatStatNumber_goal,목표 ${formatStatNumber(goal)} · ${metricLabel},1,web/app.js:1965
app.모든_씬에_목표_formatStatNumbe,모든 씬에 목표 ${formatStatNumber(goal)}${unitHint} · 기준「${metricLabel}」을(를) 일괄 적용할까요?,1,web/app.js:1990
app.모든_씬에_목표_formatStatNumbe_2,모든 씬에 목표 ${formatStatNumber(goal)}${unitHint}을(를) 일괄 적용할까요? (집계 기준은 각 씬 설정을 유지합니다),1,web/app.js:1991
app.목표를_씬_n_개에_적용했습니다,목표를 씬 ${n}개에 적용했습니다.,1,web/app.js:2025
app.적용할_씬이_없어요,적용할 씬이 없어요.,1,web/app.js:2025
app.문장에서_핵심_표현을_골라_찾아_줘요,문장에서 핵심 표현을 골라 찾아 줘요,1,web/app.js:2346
app.표현_찾기,표현 찾기,1,web/app.js:2356
app.p_class_similar_word_em,"<p class=""similar-word-empty"">결과를 받지 못했어요.</p>",1,web/app.js:2396
app.뉘앙스_메모,뉘앙스 메모,1,web/app.js:2434
app.제안,제안,1,web/app.js:2439
app.뉘앙스,뉘앙스,1,web/app.js:2476
app.원고에서_단어나_문장을_드래그하거나_입력란에,원고에서 단어나 문장을 드래그하거나 입력란에 적어 주세요.,1,web/app.js:2496
app.토리가_문장_속_핵심_표현을_고르는_중,토리가 문장 속 핵심 표현을 고르는 중…,1,web/app.js:2513
app.토리가_비슷한_말을_찾는_중,토리가 비슷한 말을 찾는 중…,1,web/app.js:2513
app.찾는_중,찾는 중…,1,web/app.js:2523
app.칩을_누르면_본문에_넣어요_선별된_표현별로,칩을 누르면 본문에 넣어요. 선별된 표현별로 골라 보세요.,1,web/app.js:2571
app.문장_속_표현의_비슷한_말을_찾았어요,문장 속 표현의 비슷한 말을 찾았어요.,1,web/app.js:2574
app.유사_단어를_찾았어요,유사 단어를 찾았어요.,1,web/app.js:2574
app.p_class_similar_word_em_2,"<p class=""similar-word-empty"">찾지 못했어요. ${escapeHtml(error?.message || ""다시 시도해 주세요."")}</p>",1,web/app.js:2579
app.word_을_를_넣었어요,「${word}」을(를) 넣었어요.,1,web/app.js:2640
app.타자기_모드_켜짐_다시_누르면_끔,타자기 모드 켜짐 · 다시 누르면 끔,1,web/app.js:2842
app.타자기_모드를_켰어요,타자기 모드를 켰어요.,1,web/app.js:2864
app.타자기_모드를_껐어요,타자기 모드를 껐어요.,1,web/app.js:2864
app.목표_기준_COUNT_METRIC_LABEL,목표 기준: ${COUNT_METRIC_LABEL[metric]},1,web/app.js:2953
app.크기,크기,1,web/app.js:3241
app.전체_문서에_kindLabel_적용,전체 문서에 ${kindLabel} 적용,1,web/app.js:3263
app.전체_문서에_적용했습니다,전체 문서에 적용했습니다.,1,web/app.js:3291
app.문장을_드래그해_선택한_뒤_색_음영_버튼을,문장을 드래그해 선택한 뒤 색·음영 버튼을 눌러 주세요.,1,web/app.js:4322
app.형광펜_색,형광펜 색,1,web/app.js:4417
app.음영상자_색,음영상자 색,1,web/app.js:4419
app.형광_지우기,형광 지우기,1,web/app.js:4425
app.음영_지우기,음영 지우기,1,web/app.js:4427
app.아직_쓴_원고가_없어요,아직 쓴 원고가 없어요.,1,web/app.js:4527
app.점,점,1,web/app.js:4588
app.동그라미,동그라미,1,web/app.js:4589
app.네모,네모,1,web/app.js:4590
app.대시,대시,1,web/app.js:4591
app.가운데점,가운데점,1,web/app.js:4592
app.별,별,1,web/app.js:4593
app.빈_별,빈 별,1,web/app.js:4594
app.마름모,마름모,1,web/app.js:4595
app.화살표,화살표,1,web/app.js:4596
app.삼각형,삼각형,1,web/app.js:4597
app.체크,체크,1,web/app.js:4598
app.참고,참고,1,web/app.js:4599
app.하트,하트,1,web/app.js:4600
app.꽃,꽃,1,web/app.js:4601
app.빈_칸,빈 칸,1,web/app.js:4602
app.손가락,손가락,1,web/app.js:4603
app.글머리_기호_style_label_클릭_적용,글머리 기호 (${style.label}) · 클릭: 적용 · 우클릭: 기호 선택,1,web/app.js:4651
app.맑은_고딕,맑은 고딕,1,web/app.js:5006
app.궁서,궁서,1,web/app.js:5008
app.돋움,돋움,1,web/app.js:5009
app.굴림,굴림,1,web/app.js:5010
app.나눔고딕,나눔고딕,1,web/app.js:5011
app.나눔명조,나눔명조,1,web/app.js:5012
app.나눔바른고딕,나눔바른고딕,1,web/app.js:5013
app.나눔스퀘어,나눔스퀘어,1,web/app.js:5014
app.KoPub_바탕체,KoPub 바탕체,1,web/app.js:5015
app.RIDIBatang_리디바탕_Batang,"""RIDIBatang"", ""리디바탕"", Batang, serif",1,web/app.js:5016
app.리디바탕,리디바탕,1,web/app.js:5016
app.KCC_eunyoung_KCC은영체_KCC,"""KCC-eunyoung"", ""KCC은영체"", ""KCC eunyoung"", cursive",1,web/app.js:5017
app.KCC은영체,KCC은영체,1,web/app.js:5017
app.Source_Han_Sans_KR_본고딕,"""Source Han Sans KR"", ""본고딕"", ""Noto Sans CJK KR"", ""Noto Sans KR"", sans-serif",1,web/app.js:5020
app.본고딕,본고딕,1,web/app.js:5020
app.본문_산세리프,본문 · 산세리프,1,web/app.js:5026
app.본문_세리프,본문 · 세리프,1,web/app.js:5041
app.고정폭_코드,고정폭 · 코드,1,web/app.js:5055
app.손글씨_장식,손글씨 · 장식,1,web/app.js:5066
app.구상,구상,1,web/app.js:5546
app.초고,초고,1,web/app.js:5546
app.한국어,한국어,1,web/app.js:5568
app.영어,영어,1,web/app.js:5569
app.일본어,일본어,1,web/app.js:5570
app.중국어_간체,중국어(간체),1,web/app.js:5571
app.중국어_번체,중국어(번체),1,web/app.js:5572
app.스페인어,스페인어,1,web/app.js:5573
app.프랑스어,프랑스어,1,web/app.js:5574
app.독일어,독일어,1,web/app.js:5575
app.러시아어,러시아어,1,web/app.js:5576
app.포르투갈어,포르투갈어,1,web/app.js:5577
app.이탈리아어,이탈리아어,1,web/app.js:5578
app.베트남어,베트남어,1,web/app.js:5579
app.태국어,태국어,1,web/app.js:5580
app.인도네시아어,인도네시아어,1,web/app.js:5581
app.아랍어,아랍어,1,web/app.js:5582
app.힌디어,힌디어,1,web/app.js:5583
app.유아용,유아용,1,web/app.js:5589
app.초등용,초등용,1,web/app.js:5590
app.모험,모험,1,web/app.js:5593
app.교훈,교훈,1,web/app.js:5594
app.동물,동물,1,web/app.js:5595
app.환상,환상,1,web/app.js:5596
app.미스터리,미스터리,1,web/app.js:5630
app.스릴러_호러,스릴러·호러,1,web/app.js:5631
app.역사_시대,역사·시대,1,web/app.js:5632
app.현대_일반,현대·일반,1,web/app.js:5634
app.청소년,청소년,1,web/app.js:5635
app.순문학,순문학,1,web/app.js:5636
app.실험장르,실험장르,1,web/app.js:5638
app.현대로맨스,현대로맨스,1,web/app.js:5644
app.시대로맨스,시대로맨스,1,web/app.js:5645
app.로판,로판,1,web/app.js:5646
app.로코,로코,1,web/app.js:5647
app.오피스,오피스,1,web/app.js:5649
app.계약_정략,계약·정략,1,web/app.js:5651
app.재벌,재벌,1,web/app.js:5652
app.하이루판,하이루판,1,web/app.js:5656
app.저루판,저루판,1,web/app.js:5657
app.게임판타지,게임판타지,1,web/app.js:5659
app.다크판타지,다크판타지,1,web/app.js:5660
app.어반판타지,어반판타지,1,web/app.js:5661
app.여성향_판타지,여성향 판타지,1,web/app.js:5662
app.스페이스,스페이스,1,web/app.js:5666
app.디스토피아,디스토피아,1,web/app.js:5667
app.타임슬립,타임슬립,1,web/app.js:5669
app.아포칼립스,아포칼립스,1,web/app.js:5670
app.본격추리,본격추리,1,web/app.js:5674
app.사회파,사회파,1,web/app.js:5675
app.코지,코지,1,web/app.js:5676
app.법정,법정,1,web/app.js:5677
app.범죄,범죄,1,web/app.js:5678
app.심리,심리,1,web/app.js:5682
app.액션,액션,1,web/app.js:5683
app.호러,호러,1,web/app.js:5684
app.조선,조선,1,web/app.js:5689
app.고려,고려,1,web/app.js:5690
app.근현대,근현대,1,web/app.js:5691
app.대체역사,대체역사,1,web/app.js:5692
app.사극,사극,1,web/app.js:5693
app.정통무협,정통무협,1,web/app.js:5697
app.신무협,신무협,1,web/app.js:5698
app.현대한무,현대한무,1,web/app.js:5699
app.가족,가족,1,web/app.js:5705
app.사회,사회,1,web/app.js:5706
app.휴먼,휴먼,1,web/app.js:5707
app.중편,중편,1,web/app.js:5719
app.장편,장편,1,web/app.js:5720
app.실험,실험,1,web/app.js:5721
app.메타픽션,메타픽션,1,web/app.js:5729
app.형식실험,형식실험,1,web/app.js:5730
app.오메가버스,오메가버스,1,web/app.js:5737
app.원문_언어_번역문_언어,원문 언어 · 번역문 언어,1,web/app.js:5767
app.동화_대상_유아용_초등용,동화 대상 (유아용 / 초등용),1,web/app.js:5768
app.메인_서브_장르,메인 · 서브 장르,1,web/app.js:5769
app.원문_언어_직접_입력,원문 언어 직접 입력,1,web/app.js:5935
app.대상_직접_입력,대상 직접 입력,1,web/app.js:5936
app.번역_언어_직접_입력,번역 언어 직접 입력,1,web/app.js:5943
app.유아용_초등용,유아용 / 초등용,1,web/app.js:5965
app.장르를_저장했습니다,장르를 저장했습니다.,1,web/app.js:6197
app.우클릭_번역문_언어_변경,우클릭: 번역문 언어 변경,1,web/app.js:6237
app.토리가_새로운_장르_기준으로_다시_학습해야해,토리가 새로운 장르 기준으로 다시 학습해야해요. 정말로 바꾸시겠어요?,1,web/app.js:6244
app.원문_언어_선택,원문 언어 선택,1,web/app.js:6273
app.동화_대상_선택,동화 대상 선택,1,web/app.js:6276
app.메인_장르_선택,메인 장르 선택,1,web/app.js:6278
app.번역문_언어_선택,번역문 언어 선택,1,web/app.js:6282
app.세부,세부,1,web/app.js:6285
app.서브_장르_선택,서브 장르 선택,1,web/app.js:6294
app.먼저_메인_장르를_선택하세요,먼저 메인 장르를 선택하세요,1,web/app.js:6294
app.원문_언어_미정,원문 언어 (미정),1,web/app.js:6317
app.메인_장르_미정,메인 장르 (미정),1,web/app.js:6317
app.번역문_언어_미정,번역문 언어 (미정),1,web/app.js:6318
app.서브_장르_미정,서브 장르 (미정),1,web/app.js:6318
app.키워드를_저장했습니다,키워드를 저장했습니다.,1,web/app.js:6645
app.옮길_작품이_없어요,옮길 작품이 없어요.,1,web/app.js:6974
app.이미_맨_위예요,이미 맨 위예요.,1,web/app.js:6987
app.이미_맨_아래예요,이미 맨 아래예요.,1,web/app.js:6987
app.작품을_한_칸_위로_옮겼어요,작품을 한 칸 위로 옮겼어요.,1,web/app.js:6994
app.작품을_한_칸_아래로_옮겼어요,작품을 한 칸 아래로 옮겼어요.,1,web/app.js:6995
app.작품을_맨_위로_옮겼어요,작품을 맨 위로 옮겼어요.,1,web/app.js:6996
app.작품을_맨_아래로_옮겼어요,작품을 맨 아래로 옮겼어요.,1,web/app.js:6997
app.작품_순서를_바꿨어요,작품 순서를 바꿨어요.,1,web/app.js:6999
app.한_칸_위로,한 칸 위로,1,web/app.js:7012
app.한_칸_아래로,한 칸 아래로,1,web/app.js:7017
app.맨_위로,맨 위로,1,web/app.js:7022
app.목록_맨_앞,목록 맨 앞,1,web/app.js:7023
app.맨_아래로,맨 아래로,1,web/app.js:7027
app.목록_맨_끝,목록 맨 끝,1,web/app.js:7028
app.최근_작업순으로_정렬,최근 작업순으로 정렬,1,web/app.js:7034
app.시스템_기본값으로_되돌리기,시스템 기본값으로 되돌리기,1,web/app.js:7035
app.최근_작업한_작품_순서로_정렬했어요,최근 작업한 작품 순서로 정렬했어요.,1,web/app.js:7037
app.작품_종류를_purposeLabel_next,작품 종류를 ${purposeLabel[next] || next}(으)로 바꿨어요.,1,web/app.js:7064
app.option_아직_만든_작품이_없어요_op,<option>아직 만든 작품이 없어요</option>,1,web/app.js:7156
app.작품_파일에서_열었어요_name,작품 파일에서 열었어요: ${name},1,web/app.js:7178
app.떡밥_목록을_불러오지_못했어요,떡밥 목록을 불러오지 못했어요.,1,web/app.js:7225
app.빈_메모,빈 메모,1,web/app.js:7345
app.아직_메모가_없어요,아직 메모가 없어요,1,web/app.js:7347
app.회수_bait_recoverAt,· 회수 ${bait.recoverAt},1,web/app.js:7352
app.본문_드래그_우클릭_떡밥_던지기,본문 드래그 → 우클릭 → 떡밥 던지기,1,web/app.js:7358
app.장르_키워드를_정해_보세요_더블클릭_또는,장르·키워드를 정해 보세요 · 더블클릭 또는 →,1,web/app.js:7382
app.세계관을_적어_보세요_더블클릭_또는,세계관을 적어 보세요 · 더블클릭 또는 →,1,web/app.js:7392
app.아직_인물이_없어요_더블클릭_또는,아직 인물이 없어요 · 더블클릭 또는 →,1,web/app.js:7405
app.자료,자료,1,web/app.js:7409
app.참고_책_기사_영상_출처를_모아_두세요,참고 책·기사·영상 출처를 모아 두세요,1,web/app.js:7415
app.meta_toastLabel_을_를_저장했,${meta.toastLabel}을(를) 저장했습니다.,1,web/app.js:7752
app.자동_저장_실패_다시_시도,자동 저장 실패 — 다시 시도,1,web/app.js:7756
app.title_편집,${title} 편집,1,web/app.js:7865
app.p_class_character_board,"<p class=""character-board-empty"">아직 인물이 없어요.<br>+ 캐릭터로 첫 인물을 만들어 보세요.</p>",1,web/app.js:8001
app.소개를_적어_보세요,소개를 적어 보세요.,1,web/app.js:8010
app.span_class_character_bo,"<span class=""character-board-card-analysis"">새 분석 있음</span>",1,web/app.js:8014
app.내용을_적어_보세요,내용을 적어 보세요…,1,web/app.js:8284
app.p_class_idea_sticky_emp,"<p class=""idea-sticky-empty"">작품을 선택하면 메모를 쓸 수 있어요.</p>",1,web/app.js:8339
app.p_class_idea_sticky_emp_2,"<p class=""idea-sticky-empty"">아직 메모가 없어요.<br>+ 메모로 아이디어를 남겨 보세요.</p>",1,web/app.js:8346
app.span_class_idea_sticky,"<span class=""idea-sticky-pin"" title=""목차 하단 고정"">${ideaPinGlyphHtml(16)}</span>",1,web/app.js:8352
app.메모_크기를_기본값으로_돌렸어요,메모 크기를 기본값으로 돌렸어요.,1,web/app.js:8548
app.p_class_hint_메모가_없습니다_메,"<p class=""hint"">메모가 없습니다. + 메모를 눌러 첫 포스트잇을 만들어 보세요.</p>",1,web/app.js:8557
app.메모_색_escapeHtml_c_label,메모 색 ${escapeHtml(c.label)},1,web/app.js:8570
app.우클릭_메모_색_모서리_드래그_크기,우클릭: 메모 색 · 모서리 드래그: 크기,1,web/app.js:8580
app.메모_색_클립,메모 색 클립,1,web/app.js:8582
app.제목_예_결말_아이디어,제목 (예: 결말 아이디어),1,web/app.js:8586
app.러프하게_적어_두세요,러프하게 적어 두세요…,1,web/app.js:8596
app.기본_크기로,기본 크기로,1,web/app.js:8598
app.끌어서_크기_조절,끌어서 크기 조절,1,web/app.js:8602
app.메모_크기_조절,메모 크기 조절,1,web/app.js:8602
app.메모_색_IDEA_COLORS_find_c,메모 색: ${IDEA_COLORS.find((c) => c.key === key)?.label || key},1,web/app.js:8628
app.새_포스트잇_메모를_만들었어요,새 포스트잇 메모를 만들었어요.,1,web/app.js:8679
app.목차_하단에_고정했어요,목차 하단에 고정했어요.,1,web/app.js:8707
app.목차_하단_고정을_해제했어요,목차 하단 고정을 해제했어요.,1,web/app.js:8707
app.메모를_저장했습니다,메모를 저장했습니다.,1,web/app.js:8725
app.이_메모를_삭제할까요,이 메모를 삭제할까요?,1,web/app.js:8729
app.메모를_삭제했습니다,메모를 삭제했습니다.,1,web/app.js:8734
app.연결됨,연결됨,1,web/app.js:8757
app.API_키_없음_env_에_GEMINI_AP,API 키 없음 (.env 에 GEMINI_API_KEY),1,web/app.js:8761
app.상태를_확인하지_못함,상태를 확인하지 못함,1,web/app.js:8767
app.씬_state_toryFocusSceneId,씬 #${state.toryFocusSceneId},1,web/app.js:8794
app.피드백_요청_연결을_해제했어요,피드백 요청 연결을 해제했어요.,1,web/app.js:8812
app.다중_회차는_최대_ANALYZE_MULTI,다중 회차는 최대 ${ANALYZE_MULTI_MAX}개까지 선택할 수 있어요.,1,web/app.js:8903
app.피드백할_회차를_한_개_이상_선택해_주세요,피드백할 회차를 한 개 이상 선택해 주세요.,1,web/app.js:9004
app.피드백할_회차를_선택해_주세요,피드백할 회차를 선택해 주세요.,1,web/app.js:9052
app.ids_length_개_회차를_각각_살펴보,${ids.length}개 회차를 각각 살펴보는 중…,1,web/app.js:9174
app.ep_index_화_base_title_e,"${ep?.index || ""?""}화 · ${base.title || ep?.label || id}",1,web/app.js:9189
app.i_1_ids_length_label_피드,${i + 1}/${ids.length} · ${label} 피드백 중…,1,web/app.js:9191
app.label_result_text_결과_없음,"===== ${label} ===== ${result.text || ""(결과 없음)""}",1,web/app.js:9219
app.피드백_요청이_끝났어요_blocks_leng,피드백 요청이 끝났어요. · ${blocks.length}회차(개별),1,web/app.js:9228
app.episodes_length_개_연속_회차,${episodes.length}개 연속 회차를 한 흐름으로 살펴보는 중…,1,web/app.js:9297
app.피드백_요청이_끝났어요_episodes_le,피드백 요청이 끝났어요. · ${episodes.length}회차(연속),1,web/app.js:9330
app.다중_회차는_최대_SUMMARIZE_MULT,다중 회차는 최대 ${SUMMARIZE_MULTI_MAX}개까지 선택할 수 있어요.,1,web/app.js:9412
app.checked_length_개_회차예요_요,${checked.length}개 회차예요. 요약에 시간이 좀 걸릴 수 있어요.,1,web/app.js:9416
app.요약할_회차를_한_개_이상_선택해_주세요,요약할 회차를 한 개 이상 선택해 주세요.,1,web/app.js:9497
app.ids_length_개_회차_요약은_시간이,${ids.length}개 회차 요약은 시간이 좀 걸릴 수 있어요.,1,web/app.js:9506
app.회차를_자세히_요약하는_중,회차를 자세히 요약하는 중…,1,web/app.js:9581
app.요약할_회차를_선택해_주세요,요약할 회차를 선택해 주세요.,1,web/app.js:9649
app.episodes_length_개_회차를_자,${episodes.length}개 회차를 자세히 요약하는 중…,1,web/app.js:9696
app.회차_요약을_받았어요_episodes_len,회차 요약을 받았어요. · ${episodes.length}회차,1,web/app.js:9729
app.피드백할_원고_씬_를_먼저_열어_주세요,피드백할 원고(씬)를 먼저 열어 주세요.,1,web/app.js:9751
app.현재_회차_원고가_비어_있어요_본문을_쓴_뒤,현재 회차 원고가 비어 있어요. 본문을 쓴 뒤 다시 요청해 주세요.,1,web/app.js:9757
app.이_항목_삭제,이 항목 삭제,1,web/app.js:9874
app.이름과_요청_내용을_모두_적어_주세요,이름과 요청 내용을 모두 적어 주세요.,1,web/app.js:9894
app.name_을_를_분석_메뉴에_추가했어요,「${name}」을(를) 분석 메뉴에 추가했어요.,1,web/app.js:9905
app.분석_메뉴_항목을_삭제했어요,분석 메뉴 항목을 삭제했어요.,1,web/app.js:9913
app.항목을_찾지_못했어요,항목을 찾지 못했어요.,1,web/app.js:9919
app.이_항목에_요청_내용이_없어요_삭제_후_다시,이 항목에 요청 내용이 없어요. 삭제 후 다시 추가해 주세요.,1,web/app.js:9927
app.item_title_분석을_요청합니다,「${item.title}」 분석을 요청합니다…,1,web/app.js:9934
app.nb_index_화_nb_title_회차,"${nb.index || ""?""}화 · ${nb.title || ""회차""}",1,web/app.js:10206
app.표현,표현,1,web/app.js:10213
app.내용,내용,1,web/app.js:10229
app.토리는_전개를_억지로_바꾸지_않아요_이미_충,"토리는 전개를 억지로 바꾸지 않아요. 이미 충분히 완성도가 높다고 판단되면, 그 점을 먼저 말씀드리고 그래도 참고할 만한 다른 아이디어를 함께 제안해 드려요. 최종 선택은 작가님 몫입니다.",1,web/app.js:10368
app.브레인스토밍할_회차를_먼저_선택해_주세요,브레인스토밍할 회차를 먼저 선택해 주세요.,1,web/app.js:10637
app.작품_확장_아이디어를_브레인스토밍하는_중,작품 확장 아이디어를 브레인스토밍하는 중…,1,web/app.js:10701
app.현재_다음_회차를_참고해_브레인스토밍하는_중,현재·다음 회차를 참고해 브레인스토밍하는 중…,1,web/app.js:10764
app.다음_전개_아이디어를_생각하는_중,다음 전개 아이디어를 생각하는 중…,1,web/app.js:10913
app.다음_아이디어_제안을_받았어요,다음 아이디어 제안을 받았어요.,1,web/app.js:10940
app.다음_회차_시작부와_대안_전개를_살펴보는_중,다음 회차 시작부와 대안 전개를 살펴보는 중…,1,web/app.js:10967
app.다음_회차_시작_검토와_대안_아이디어를_받았,다음 회차 시작 검토와 대안 아이디어를 받았어요.,1,web/app.js:11000
app.체크할_원고_씬_를_먼저_열어_주세요,체크할 원고(씬)를 먼저 열어 주세요.,1,web/app.js:11025
app.현재_회차_원고가_비어_있어요_본문을_쓴_뒤_2,현재 회차 원고가 비어 있어요. 본문을 쓴 뒤 다시 체크해 주세요.,1,web/app.js:11055
app.선택한_회차_원고가_비어_있어요_본문을_쓴_3,선택한 회차 원고가 비어 있어요. 본문을 쓴 뒤 다시 체크해 주세요.,1,web/app.js:11056
app.목차에서_현재_회차_위치를_찾지_못했어요,목차에서 현재 회차 위치를 찾지 못했어요.,1,web/app.js:11063
app.앞뒤_range_length_개_회차와_비교,앞뒤 ${range.length}개 회차와 비교하는 중…,1,web/app.js:11091
app.인근_회차가_없어_현재_회차만_검토합니다,인근 회차가 없어 현재 회차만 검토합니다…,1,web/app.js:11092
app.자동_탐지_후보_localHits_lengt,자동 탐지 후보 ${localHits.length}건 (일부) ${preview}  ---  ${text},1,web/app.js:11153
app.비교할_앞뒤_회차가_없습니다_현재_회차만,ℹ️ 비교할 앞뒤 회차가 없습니다. (현재 회차만 검토)  ${text},1,web/app.js:11155
app.중복_체크_완료_인근_neighbors_le,중복 체크 완료 · 인근 ${neighbors.length}회차 비교,1,web/app.js:11161
app.중복_체크_완료_인근_회차_없음,중복 체크 완료 · 인근 회차 없음,1,web/app.js:11162
app.설정_붕괴_감지_중,설정 붕괴 감지 중…,1,web/app.js:11179
app.다중_회차는_최대_WORLDSCAN_MULT,다중 회차는 최대 ${WORLDSCAN_MULTI_MAX}개까지 선택할 수 있어요.,1,web/app.js:11245
app.검사할_회차를_한_개_이상_선택해_주세요,검사할 회차를 한 개 이상 선택해 주세요.,1,web/app.js:11333
app.선택한_회차_원고가_비어_있어요_본문을_쓴_4,선택한 회차 원고가 비어 있어요. 본문을 쓴 뒤 다시 검사해 주세요.,1,web/app.js:11415
app.검사할_회차를_선택해_주세요,검사할 회차를 선택해 주세요.,1,web/app.js:11499
app.episodes_length_개_회차의_세,${episodes.length}개 회차의 세계관·캐릭터 설정을 대조하는 중…,1,web/app.js:11551
app.SETTING_BREAK_SCAN_LABE_2,${SETTING_BREAK_SCAN_LABEL}가 끝났어요. · ${episodes.length}회차,1,web/app.js:11587
app.검사할_원고_씬_를_먼저_열어_주세요,검사할 원고(씬)를 먼저 열어 주세요.,1,web/app.js:11609
app.현재_회차_원고가_비어_있어요_본문을_쓴_뒤_3,현재 회차 원고가 비어 있어요. 본문을 쓴 뒤 다시 검사해 주세요.,1,web/app.js:11630
app.키워드_keywords_slice_0_12,"키워드: ${keywords.slice(0, 12).join("", "")}",1,web/app.js:11802
app.작가_메모_extraTone_slice_0,"· 작가 메모: ${extraTone.slice(0, 200)}",1,web/app.js:11806
app.장르_미정_원고_톤을_스스로_추정하되_과한,"장르 미정 — 원고 톤을 스스로 추정하되, 과한 장르 이탈은 경고",1,web/app.js:11807
app.반전_복선을_선택하거나_아래에서_추가,반전 복선을 선택하거나 아래에서 추가,1,web/app.js:11919
app.선택한_회차,선택한 회차,1,web/app.js:12019
app.label_끝에서_이어_씁니다_실행_시_해,「${label}」 끝에서 이어 씁니다. 실행 시 해당 회차를 엽니다.,1,web/app.js:12021
app.이어_쓸_회차를_목록에서_골라_주세요,이어 쓸 회차를 목록에서 골라 주세요.,1,web/app.js:12022
app.지금_편집_중인_cur_끝에서_이어_씁니다,지금 편집 중인 「${cur}」 끝에서 이어 씁니다.,1,web/app.js:12026
app.지금_편집_중인_회차_끝에서_이어_씁니다_원,지금 편집 중인 회차 끝에서 이어 씁니다. 원고를 먼저 열어 두세요.,1,web/app.js:12027
app.legend_class_sr_only_이어,"<legend class=""sr-only"">이어 쓸 분량</legend>${options}",1,web/app.js:12067
app.예_이_인물의_성격을_3줄로_정리해_줘_이,예: 이 인물의 성격을 3줄로 정리해 줘. / 이 장면을 더 긴장감 있게 고쳐 줘.,1,web/app.js:12142
app.실행하면_줄거리_개요와_글자수_제한을_정하는,실행하면 줄거리 개요와 글자수 제한을 정하는 창이 이어져요.,1,web/app.js:12145
app.아직_준비_중인_기능이에요,아직 준비 중인 기능이에요.,1,web/app.js:12503
app.검수할_복선,검수할 복선,1,web/app.js:12559
app.복선_제목,복선 제목,1,web/app.js:12560
app.반전_목표_장,반전 목표 장,1,web/app.js:12561
app.빌드업_단서_한_줄에_하나,빌드업·단서 (한 줄에 하나),1,web/app.js:12562
app.2장_수상한_태도_6장_밤중에_외출,2장: 수상한 태도 6장: 밤중에 외출,1,web/app.js:12565
app.평가할_반전_복선,평가할 반전 복선,1,web/app.js:12578
app.반전_폭로_제목,반전·폭로 제목,1,web/app.js:12579
app.반전_장_지금_연_원고,반전 장 (지금 연 원고),1,web/app.js:12580
app.쌓아_둔_빌드업_근거_한_줄에_하나,쌓아 둔 빌드업 근거 (한 줄에 하나),1,web/app.js:12581
app.예_묵연의_정체_폭로,예: 묵연의 정체 폭로,1,web/app.js:12582
app.예_12장_반전이_터지는_장,예: 12장 (반전이 터지는 장),1,web/app.js:12583
app.2장_은빛_문양_6장_달빛_암호_9장_빗물,2장: 은빛 문양 6장: 달빛 암호 9장: 빗물 없는 칼집,1,web/app.js:12585
app.반전_복선_저장,반전 복선 저장,1,web/app.js:12587
app.복선_제목을_적어_주세요,복선 제목을 적어 주세요.,1,web/app.js:12613
app.반전_목표_장_예_12장_을_적어_주세요,반전 목표 장(예: 12장)을 적어 주세요.,1,web/app.js:12614
app.빌드업_단계를_한_줄_이상_적어_주세요,빌드업 단계를 한 줄 이상 적어 주세요.,1,web/app.js:12615
app.복선_item_title_을_를_저장했어요,복선 「${item.title}」을(를) 저장했어요.,1,web/app.js:12635
app.삭제할_복선을_먼저_선택해_주세요,삭제할 복선을 먼저 선택해 주세요.,1,web/app.js:12641
app.복선_item_title_을_를_삭제할까요,복선 「${item.title}」을(를) 삭제할까요?,1,web/app.js:12645
app.복선을_삭제했어요,복선을 삭제했어요.,1,web/app.js:12649
app.흥행_공식_분석은_단계_안내를_따라_진행해,흥행 공식 분석은 단계 안내를 따라 진행해 주세요.,1,web/app.js:12691
app.방송국_기획사_투고를_위해_작품을_각본으로,"방송국, 기획사 투고를 위해 작품을 각본으로 변환해드려요. 곧 만나보실 수 있어요!",1,web/app.js:12709
app.오디오북_플랫폼_투고를_위해_작품을_낭독_대,"오디오북 플랫폼 투고를 위해 작품을 낭독 대본(화자 표시, 지문 처리)으로 변환해드려요. 곧 만나보실 수 있어요!",1,web/app.js:12713
app.해외_투고_출간을_위해_작품을_다른_언어로,해외 투고·출간을 위해 작품을 다른 언어로 번역해드려요. 곧 만나보실 수 있어요!,1,web/app.js:12717
app.직접_작성하기는_내용을_적어_주세요,직접 작성하기는 내용을 적어 주세요.,1,web/app.js:12767
app.묘사_대상을_적어_주세요_예_왕궁_내부_묘사,묘사 대상을 적어 주세요. 예: 왕궁 내부 묘사 / 마법 체계 설명,1,web/app.js:12771
app.복선_제목_목표_장_빌드업_단서_을_입력하거,복선 제목·목표 장·빌드업(단서)을 입력하거나 저장된 복선을 선택해 주세요.,1,web/app.js:12795
app.이어_쓸_회차를_선택해_주세요,이어 쓸 회차를 선택해 주세요.,1,web/app.js:12813
app.피드백할_원고_본문이_필요해요_본문을_먼저,피드백할 원고 본문이 필요해요. 본문을 먼저 적어 주세요.,1,web/app.js:12861
app.회차_요약할_원고_본문이_필요해요_본문을_먼,회차 요약할 원고 본문이 필요해요. 본문을 먼저 적어 주세요.,1,web/app.js:12865
app.다음_아이디어를_제안하려면_원고_본문이_필요,다음 아이디어를 제안하려면 원고 본문이 필요해요. 본문을 먼저 적어 주세요.,1,web/app.js:12869
app.브레인스토밍하려면_원고_본문이_필요해요_본문,브레인스토밍하려면 원고 본문이 필요해요. 본문을 먼저 적어 주세요.,1,web/app.js:12873
app.문체_참고용으로_현재_회차_원고가_필요해요,문체 참고용으로 현재 회차 원고가 필요해요. 본문을 먼저 적어 주세요.,1,web/app.js:12877
app.중복_체크할_원고를_먼저_열어_주세요,중복 체크할 원고를 먼저 열어 주세요.,1,web/app.js:12881
app.설정_붕괴를_검사할_원고를_먼저_열어_주세요,설정 붕괴를 검사할 원고를 먼저 열어 주세요.,1,web/app.js:12885
app.떡밥_탐색기_가동_중,떡밥 탐색기 가동 중…,1,web/app.js:12964
app.반전_개연성_검사_중,반전 개연성 검사 중…,1,web/app.js:12966
app.세계관_묘사_작성_중,세계관 묘사 작성 중…,1,web/app.js:12980
app.떡밥_복선_탐색기_검수가_끝났어요,떡밥·복선 탐색기 검수가 끝났어요.,1,web/app.js:13041
app.반전_개연성_검사가_끝났어요,반전 & 개연성 검사가 끝났어요.,1,web/app.js:13043
app.이어서_쓴_초안을_받았어요,이어서 쓴 초안을 받았어요.,1,web/app.js:13047
app.세계관_묘사_제안을_받았어요,세계관 묘사 제안을 받았어요.,1,web/app.js:13049
app.AI_응답을_받았어요,AI 응답을 받았어요.,1,web/app.js:13054
app.원고에_넣었어요_자동_저장됩니다,원고에 넣었어요. 자동 저장됩니다.,1,web/app.js:13102
app.s_continueStyleResultsS,"## ${s} ${continueStyleResultsState.texts[s] || ""(결과 없음)""}",1,web/app.js:13145
app.후킹형_전개형_전환형_세_갈래로_이어_쓰는,후킹형 · 전개형 · 전환형 세 갈래로 이어 쓰는 중…,1,web/app.js:13217
app.s_map_s_결과_없음,"## ${s} ${map[s] || ""(결과 없음)""}",1,web/app.js:13272
app.후킹형_전개형_전환형_세_초안을_받았어요_하,후킹형·전개형·전환형 세 초안을 받았어요. 하나를 골라 넣어 보세요.,1,web/app.js:13278
app.결과가_비어_있어요,(결과가 비어 있어요.),1,web/app.js:13315
app.크게_볼_결과가_없어요_먼저_분석을_실행해,크게 볼 결과가 없어요. 먼저 분석을 실행해 주세요.,1,web/app.js:13412
app.닫아도_결과_옆_히스토리에서_다시_확인할_수,닫아도 「결과」옆 히스토리에서 다시 확인할 수 있어요.,1,web/app.js:13428
app.p_class_tory_chat_histo,"<p class=""tory-chat-history-empty"">작품을 선택하면 이 작품의 결과 히스토리를 볼 수 있어요.</p>",1,web/app.js:13465
app.p_class_tory_chat_histo_2,"<p class=""tory-chat-history-empty"">아직 보관된 결과가 없어요.<br>피드백·분석을 받으면 여기에 쌓입니다.</p>",1,web/app.js:13470
app.보관한_결과를_다시_열었어요,보관한 결과를 다시 열었어요.,1,web/app.js:13533
app.기록을_삭제했어요,기록을 삭제했어요.,1,web/app.js:13539
app.비울_히스토리가_없어요,비울 히스토리가 없어요.,1,web/app.js:13546
app.이_작품의_결과_히스토리를_모두_지울까요,이 작품의 결과 히스토리를 모두 지울까요?,1,web/app.js:13549
app.결과_히스토리를_비웠어요,결과 히스토리를 비웠어요.,1,web/app.js:13551
app.이_결과_기록을_삭제할까요,이 결과 기록을 삭제할까요?,1,web/app.js:13604
app.이_모드에서는_요청_칸을_쓰지_않아요,이 모드에서는 요청 칸을 쓰지 않아요.,1,web/app.js:13681
app.요청_내용을_반영했어요,요청 내용을 반영했어요.,1,web/app.js:13707
app.요청_내용을_비웠어요,요청 내용을 비웠어요.,1,web/app.js:13728
app.작품을_선택하면_줄거리_개요를_적을_수_있어,작품을 선택하면 줄거리 개요를 적을 수 있어요.,1,web/app.js:13795
app.줄거리_개요를_저장했어요,줄거리 개요를 저장했어요.,1,web/app.js:13815
app.이미_투고_공모전용_시놉시스를_작성_중이에요,이미 투고·공모전용 시놉시스를 작성 중이에요.,1,web/app.js:13950
app.시놉시스_작성_중,시놉시스 작성 중…,1,web/app.js:13989
app.투고_공모전용_자료를_작성하는_중,투고·공모전용 자료를 작성하는 중…,1,web/app.js:13991
app.투고_공모전용_시놉시스를_받았어요,투고·공모전용 시놉시스를 받았어요.,1,web/app.js:14043
app.시놉시스_실제_글자_수_actual_자_제,⚠ 시놉시스 실제 글자 수: ${actual}자 (제한 ${synopsisLengthLimit}자 초과),1,web/app.js:14086
app.작품의도,작품의도,1,web/app.js:14090
app.작품의도_실제_글자_수_actual_자_제,⚠ 작품의도 실제 글자 수: ${actual}자 (제한 ${intentLengthLimit}자 초과),1,web/app.js:14092
app.작품을_선택하세요,작품을 선택하세요,1,web/app.js:14123
app.작품을_선택하면_작가_지침을_적을_수_있어요,작품을 선택하면 작가 지침을 적을 수 있어요.,1,web/app.js:14296
app.저장됨_작업에_맞게_참고합니다,저장됨 · 작업에 맞게 참고합니다,1,web/app.js:14328
app.비움_일반_기준으로_동작,비움 · 일반 기준으로 동작,1,web/app.js:14328
app.인물_선택으로,인물 선택으로,1,web/app.js:14483
app.토리에게_말걸기_Enter_전송_Shift,토리에게 말걸기 (Enter 전송 Shift + Enter 줄바꿈),1,web/app.js:14494
app.토리에게_보낼_메시지,토리에게 보낼 메시지,1,web/app.js:14495
app.캐릭터와의_대화,캐릭터와의 대화,1,web/app.js:14499
app.토리와의_대화,토리와의 대화,1,web/app.js:14499
app.먼저_흥행_프로파일을_이_작품에_연결해_주세,먼저 흥행 프로파일을 이 작품에 연결해 주세요.,1,web/app.js:14529
app.흥행요인_분석가_세션이에요_일반_대화와_기록,흥행요인 분석가 세션이에요. 일반 대화와 기록이 섞이지 않아요.,1,web/app.js:14538
app.일반_토리_대화로_돌아왔어요,일반 토리 대화로 돌아왔어요.,1,web/app.js:14539
app.선택_문장을_질문칸에_넣었어요_다듬은_뒤_보,선택 문장을 질문칸에 넣었어요. 다듬은 뒤 보내기를 눌러 주세요.,1,web/app.js:14728
app.토리_대화를_팝업으로_열었어요_모서리로_크기,토리 대화를 팝업으로 열었어요. 모서리로 크기를 조절할 수 있어요.,1,web/app.js:14729
app.팝업_대화를_닫았어요,팝업 대화를 닫았어요.,1,web/app.js:14894
app.p_class_tory_chat_histo_3,"<p class=""tory-chat-history-empty"">작품을 선택하면 이 작품의 대화 히스토리를 볼 수 있어요.</p>",1,web/app.js:15100
app.흥행요인_분석가,흥행요인 분석가,1,web/app.js:15109
app.일반,일반,1,web/app.js:15109
app.p_class_tory_chat_histo_4,"<p class=""tory-chat-history-empty"">아직 보관된 ${kind} 대화가 없어요.<br>「대화 지우기」를 하면 여기에 남습니다.</p>",1,web/app.js:15110
app.보관_escapeHtml_when,보관 ${escapeHtml(when)},1,web/app.js:15120
app.지금_진행_중인_대화가_있어요_현재_대화를,"지금 진행 중인 대화가 있어요. 현재 대화를 히스토리에 보관한 뒤, 선택한 대화를 불러올까요?",1,web/app.js:15181
app.이전_대화를_불러왔어요_이어서_이야기할_수,이전 대화를 불러왔어요. 이어서 이야기할 수 있어요.,1,web/app.js:15200
app.히스토리에서_삭제했어요,히스토리에서 삭제했어요.,1,web/app.js:15207
app.이_대화_기록을_완전히_삭제할까요,이 대화 기록을 완전히 삭제할까요?,1,web/app.js:15226
app.span_class_tory_chat_bu,"<span class=""tory-chat-bubble-pen"" aria-hidden=""true"" title=""나"">✏️</span>",1,web/app.js:15244
app.나_span,나</span>,1,web/app.js:15245
app.토리_span,토리</span>,1,web/app.js:15257
app.button_type_button_clas,"<button type=""button"" class=""tory-chat-bubble-copy"" data-tory-chat-copy title=""복사하기"" aria-label=""복사하기"">",1,web/app.js:15262
app.플롯_고민_캐릭터_말투_막히는_장면_br_1,"플롯 고민, 캐릭터 말투, 막히는 장면…<br>1:1로 편하게 물어봐요.",1,web/app.js:15275
app.escapeHtml_names_join_단,"「${escapeHtml(names.join("" · ""))}」 단톡방이에요.<br>작가로서 말을 걸면, 인물들이 설정대로 받아쳐 줘요.",1,web/app.js:15279
app.escapeHtml_names_0_이_인물,"「${escapeHtml(names[0] || ""이 인물"")}」와 이야기해 보세요.<br>설정집 성격·말투를 바탕으로 대답해요.",1,web/app.js:15280
app.흥행요인_분석가_세션이에요_br_재미요소가,흥행요인 분석가 세션이에요.<br>「재미요소가 뭐가 부족해?」「다음 화 훅은?」처럼 물어보세요.,1,web/app.js:15282
app.토리_답변에서_칠할_부분을_드래그한_뒤_형광,토리 답변에서 칠할 부분을 드래그한 뒤 형광펜을 눌러 주세요.,1,web/app.js:15428
app.선택_구간에_형광펜을_칠하지_못했어요_다시,선택 구간에 형광펜을 칠하지 못했어요. 다시 드래그해 주세요.,1,web/app.js:15453
app.형광펜으로_칠했어요,형광펜으로 칠했어요.,1,web/app.js:15461
app.지울_형광펜_부분을_토리_답변에서_드래그해,지울 형광펜 부분을 토리 답변에서 드래그해 주세요.,1,web/app.js:15467
app.형광펜을_지웠어요,형광펜을 지웠어요.,1,web/app.js:15502
app.선택한_구간에_형광펜이_없어요,선택한 구간에 형광펜이 없어요.,1,web/app.js:15503
app.수집할_토리_답변이_없어요_대화를_하거나_문,수집할 토리 답변이 없어요. 대화를 하거나 문장을 드래그해 주세요.,1,web/app.js:15528
app.캐릭터_대화_수집,캐릭터 · 대화 수집,1,web/app.js:15533
app.토리_대화_수집,토리 · 대화 수집,1,web/app.js:15533
app.흥행_프로파일_연결이_없어_일반_대화로_전환,흥행 프로파일 연결이 없어 일반 대화로 전환했어요.,1,web/app.js:15548
app.메시지를_적어_주세요,메시지를 적어 주세요.,1,web/app.js:15556
app.toryChatBubbleMetaHtml,"${toryChatBubbleMetaHtml(false)}<div class=""tory-chat-bubble-body"">생각 중…</div>",1,web/app.js:15576
app.흥행_프로파일을_불러오지_못했어요_연결을_확,흥행 프로파일을 불러오지 못했어요. 연결을 확인해 주세요.,1,web/app.js:15617
app.응답이_비어_있어요,(응답이 비어 있어요.),1,web/app.js:15641
app.죄송해요_지금은_답을_못_했어요_error,"죄송해요, 지금은 답을 못 했어요. ${error.message || ""잠시 후 다시 시도해 주세요.""}",1,web/app.js:15651
app.토리_모드_labels_next_next,토리 모드: ${labels[next] || next},1,web/app.js:15696
app.지울_대화가_없어요,지울 대화가 없어요.,1,web/app.js:15758
app.현재_대화를_비울까요_내용은_히스토리에_보관,현재 대화를 비울까요? 내용은 히스토리에 보관됩니다.,1,web/app.js:15759
app.대화를_지우고_히스토리에_보관했어요,대화를 지우고 히스토리에 보관했어요.,1,web/app.js:15761
app.대화를_지웠어요,대화를 지웠어요.,1,web/app.js:15761
app.소개가_아직_없어요,소개가 아직 없어요.,1,web/app.js:15831
app.n_CHAR_DEBATE_MAX_명_선택됨,${n} / ${CHAR_DEBATE_MAX}명 선택됨,1,web/app.js:15880
app.시뮬레이션_전체보기,시뮬레이션 전체보기,1,web/app.js:15894
app.카드를_눌러_시뮬레이션할_인물을_골라_주세요,카드를 눌러 시뮬레이션할 인물을 골라 주세요. 소개는 잘리지 않고 전부 보여 줍니다.,1,web/app.js:15897
app.대화할_인물을_한_명_이상_골라_주세요,대화할 인물을 한 명 이상 골라 주세요.,1,web/app.js:15950
app.names_join_단톡방을_열었어요,"${names.join("" · "")} 단톡방을 열었어요.",1,web/app.js:15956
app.names_0_인물_와_대화를_시작했어요,"${names[0] || ""인물""}와 대화를 시작했어요.",1,web/app.js:15957
app.장르_전문,장르 전문,1,web/app.js:15963
app.서브장르,서브장르,1,web/app.js:15964
app.취향,취향,1,web/app.js:15965
app.서사_비평,서사 비평,1,web/app.js:15966
app.구조,구조,1,web/app.js:15967
app.이_독자,이 독자,1,web/app.js:16173
app.p_class_reader_chat_emp,"<p class=""reader-chat-empty"">「${escapeHtml(name)}」의 시선으로 들어 보세요.<br>원고를 첨부하거나, 그냥 질문해도 좋아요.</p>",1,web/app.js:16186
app.div_class_reader_chat_b,"<div class=""reader-chat-bubble"">${escapeHtml(name)}이(가) 답장을 작성 중입니다...</div>",1,web/app.js:16207
app.첨부됨_attached_title,첨부됨: ${attached.title},1,web/app.js:16224
app.그_독자를_찾지_못했어요,그 독자를 찾지 못했어요.,1,web/app.js:16238
app.p_class_export_scene_em,"<p class=""export-scene-empty"">첨부할 회차가 없어요. 먼저 목차에 회차를 만들어 주세요.</p>",1,web/app.js:16276
app.이_회차에_본문이_없어요,이 회차에 본문이 없어요.,1,web/app.js:16302
app.title_을_첨부했어요,「${title}」을 첨부했어요.,1,web/app.js:16308
app.대화할_독자를_먼저_골라_주세요,대화할 독자를 먼저 골라 주세요.,1,web/app.js:16324
app.메시지를_입력해_주세요,메시지를 입력해 주세요.,1,web/app.js:16327
app.응답이_비어_있어요_2,(응답이 비어 있어요),1,web/app.js:16348
app.토론_패널_전체보기,토론 패널 전체보기,1,web/app.js:16377
app.카드를_눌러_토론할_독자를_골라_주세요_소개,카드를 눌러 토론할 독자를 골라 주세요. 소개는 잘리지 않고 전부 보여 줍니다.,1,web/app.js:16380
app.카드를_눌러_대화할_독자를_고른_뒤_대화_시,"카드를 눌러 대화할 독자를 고른 뒤, 대화 시작하기를 눌러 주세요.",1,web/app.js:16381
app.독자를_한_명_골라주세요_2,독자를 한 명 골라주세요.,1,web/app.js:16442
app.p_class_reader_debate_s,"<p class=""reader-debate-section-limit hidden"" data-debate-limit=""${escapeHtml(category)}"">이 카테고리는 최대 5명까지예요</p>",1,web/app.js:16557
app.total_READER_DEBATE_MAX,${total} / ${READER_DEBATE_MAX_TOTAL}명 선택됨,1,web/app.js:16591
app.흥행_프로파일이_연결된_작품에서만_쓸_수_있,흥행 프로파일이 연결된 작품에서만 쓸 수 있어요.,1,web/app.js:16815
app.회수_회차_미정,회수 회차 미정,1,web/app.js:16953
app.씬_n_sceneId,씬 #${n.sceneId},1,web/app.js:16964
app.알림_패널_펼치기,알림 패널 펼치기,1,web/app.js:17014
app.strong_지금_회차_알림_due_len,<strong>지금 회차 알림 ${due.length}건</strong> · ${sceneName},1,web/app.js:17051
app.수동_알림,수동 알림,1,web/app.js:17060
app.span_class_tory_notify,"<span class=""tory-notify-chip ${sceneChipClass}"" title=""알림 회차"">${uiIcon(""book"", 15)} ${sceneLabel}</span>",1,web/app.js:17067
app.span_class_tory_notify_2,"<span class=""tory-notify-chip is-muted"" title=""회차 미정"">${uiIcon(""book"", 15)} ${sceneLabel}</span>",1,web/app.js:17068
app.span_class_tory_notify_3,"<span class=""tory-notify-chip is-due"">지금 알림</span>",1,web/app.js:17071
app.span_class_tory_notify_4,"<span class=""tory-notify-chip"">알림 켜짐</span>",1,web/app.js:17072
app.span_class_tory_notify_5,"<span class=""tory-notify-chip is-muted"">꺼짐</span>",1,web/app.js:17073
app.button_type_button_clas_2,"<button type=""button"" class=""secondary"" data-tory-notif-open-scene=""${Number(item.sceneId)}"">회차 열기</button>",1,web/app.js:17084
app.button_type_button_clas_3,"<button type=""button"" class=""secondary"" data-tory-notif-open-bait=""${escapeHtml(item.baitId || """")}"">떡밥 수정</button>",1,web/app.js:17087
app.button_type_button_clas_4,"<button type=""button"" class=""secondary"" data-tory-notif-edit=""${escapeHtml(item.id)}"">수정</button>",1,web/app.js:17089
app.button_type_button_clas_5,"<button type=""button"" class=""secondary is-danger"" data-tory-notif-delete=""${escapeHtml(item.id)}"">삭제</button>",1,web/app.js:17090
app.option_value_아직_미정_목록에만,"<option value="""">(아직 미정 — 목록에만 저장)</option>",1,web/app.js:17156
app.알림_수정,알림 수정,1,web/app.js:17178
app.알림_제목을_적어_주세요,알림 제목을 적어 주세요.,1,web/app.js:17196
app.수정할_알림을_찾지_못했어요,수정할 알림을 찾지 못했어요.,1,web/app.js:17204
app.알림을_수정했어요,알림을 수정했어요.,1,web/app.js:17212
app.알림을_저장했어요_해당_회차를_열면_토리가,알림을 저장했어요. 해당 회차를 열면 토리가 알려 줘요.,1,web/app.js:17227
app.알림을_목록에_저장했어요,알림을 목록에 저장했어요.,1,web/app.js:17227
app.회수_예정_회차를_먼저_지정해_주세요,회수 예정 회차를 먼저 지정해 주세요.,1,web/app.js:17236
app.떡밥_알림을_켰어요,떡밥 알림을 켰어요.,1,web/app.js:17245
app.떡밥_알림을_껐어요,떡밥 알림을 껐어요.,1,web/app.js:17245
app.알림을_켰어요,알림을 켰어요.,1,web/app.js:17255
app.알림을_껐어요,알림을 껐어요.,1,web/app.js:17255
app.이_알림을_삭제할까요,이 알림을 삭제할까요?,1,web/app.js:17298
app.알림을_삭제했어요,알림을 삭제했어요.,1,web/app.js:17300
app.떡밥을_찾지_못했어요,떡밥을 찾지 못했어요.,1,web/app.js:17307
app.s_초,${s}초,1,web/app.js:17384
app.h_시간_m_분_rem_초,${h}시간 ${m}분 ${rem}초,1,web/app.js:17388
app.h_시간_m_분,${h}시간 ${m}분,1,web/app.js:17388
app.h_시간,${h}시간,1,web/app.js:17388
app.m_분_rem_초,${m}분 ${rem}초,1,web/app.js:17389
app.m_분,${m}분,1,web/app.js:17389
app.Number_m_1_년_Number_m_2,${Number(m[1])}년 ${Number(m[2])}월 ${Number(m[3])}일,1,web/app.js:17407
app.클릭_집필_시간_기록_정지_우클릭_달력_설정,클릭: 집필 시간 기록 정지 · 우클릭: 달력·설정,1,web/app.js:17566
app.글자수_시간은_자동_집계_중_클릭_타이머_표,글자수·시간은 자동 집계 중 · 클릭: 타이머 표시 · 우클릭: 달력·설정,1,web/app.js:17569
app.시간은_자동_집계_중_클릭_타이머_수동_글자,시간은 자동 집계 중 · 클릭: 타이머/수동 글자 집계 · 우클릭: 달력·설정,1,web/app.js:17570
app.클릭_글자수_시간_기록_시작_정지_우클릭_달,클릭: 글자수·시간 기록 시작/정지 · 우클릭: 달력·설정,1,web/app.js:17574
app.기록중,기록중,1,web/app.js:17611
app.일시정지_time,일시정지 ${time},1,web/app.js:17616
app.기록_중_label_textContent,기록 중 ${label.textContent},1,web/app.js:17618
app.타이머를_멈췄어요_글자수_시간은_자동_집계가,타이머를 멈췄어요. 글자수·시간은 자동 집계가 이어집니다.,1,web/app.js:17658
app.집필_시간_기록을_멈췄어요_글자수는_자동으로,집필 시간 기록을 멈췄어요. 글자수는 자동으로 계속 집계됩니다.,1,web/app.js:17660
app.수동_기록을_멈췄어요_글쓴_시간은_자동_집계,수동 기록을 멈췄어요. 글쓴 시간은 자동 집계가 이어집니다.,1,web/app.js:17662
app.기록을_멈췄어요_우클릭으로_달력을_볼_수_있,기록을 멈췄어요. 우클릭으로 달력을 볼 수 있어요.,1,web/app.js:17664
app.기록_타이머_표시_다시_누르면_끕니다,기록 타이머 표시! 다시 누르면 끕니다.,1,web/app.js:17683
app.집필_시간_기록_시작_다시_누르면_정지합니다,집필 시간 기록 시작! 다시 누르면 정지합니다.,1,web/app.js:17685
app.연속_목표_달성,연속 목표 달성!,1,web/app.js:17819
app.goal_toLocaleString_ko,"${goal.toLocaleString(""ko-KR"")}자 달성! 오늘 ${Number(totalChars || goal).toLocaleString(""ko-KR"")}자까지 썼어요. 토리가 응원해요. 잠깐 쉬어도, 다시 오면 기다릴게요.",1,web/app.js:17820
app.SuperTORY_목표_달성,SuperTORY · 목표 달성,1,web/app.js:17823
app.goal_toLocaleString_ko_2,"${goal.toLocaleString(""ko-KR"")}자 달성! 토리가 응원해요.",1,web/app.js:17824
app.토리가_외로워요,토리가 외로워요…,1,web/app.js:17893
app.diffDays_일_동안_글이_없었어요_조,${diffDays}일 동안 글이 없었어요. 조금만 써 주면 토리가 기뻐할 거예요. 휴대폰 앱이 생기면 거기로도 불러줄게요.,1,web/app.js:17894
app.토리가_외로워요_오늘_한_줄만_써볼까요,토리가 외로워요… 오늘 한 줄만 써볼까요?,1,web/app.js:17896
app.m_1_년_Number_m_2_월,${m[1]}년 ${Number(m[2])}월,1,web/app.js:17953
app.p_class_hint_writing_st,"<p class=""hint writing-stats-empty"">아직 집계할 기록이 없어요. 기록 버튼을 켜고 글을 써 보세요.</p>",1,web/app.js:18003
app.formatKoreanDateLabel_r,${formatKoreanDateLabel(r.day)} (오늘),1,web/app.js:18074
app.formatWeekLabel_r_key_이,${formatWeekLabel(r.key)} (이번 주),1,web/app.js:18087
app.주_월_일,주 (월–일),1,web/app.js:18091
app.formatMonthLabel_r_key,${formatMonthLabel(r.key)} (이번 달),1,web/app.js:18100
app.선택_삭제_중,선택 삭제 중,1,web/app.js:18176
app.n_일_선택됨_달력에서_날짜를_눌러_고르세,${n}일 선택됨 · 달력에서 날짜를 눌러 고르세요,1,web/app.js:18182
app.달력에서_지울_날짜를_고른_뒤_선택한_기록,달력에서 지울 날짜를 고른 뒤 「선택한 기록 삭제」를 누르세요.,1,web/app.js:18196
app.지울_기록이_없는_날짜예요,지울 기록이 없는 날짜예요.,1,web/app.js:18204
app.모든_글쓰기_기록_글자수_집필_시간_을_삭제,모든 글쓰기 기록(글자수·집필 시간)을 삭제할까요? 이 작업은 되돌릴 수 없어요.,1,web/app.js:18214
app.기록_result_deleted_일을_모두,기록 ${result.deleted}일을 모두 지웠어요.,1,web/app.js:18234
app.지울_기록이_없었어요,지울 기록이 없었어요.,1,web/app.js:18234
app.지울_날짜를_선택해_주세요,지울 날짜를 선택해 주세요.,1,web/app.js:18240
app.선택한_checked_length_일의_기록,선택한 ${checked.length}일의 기록을 삭제할까요?,1,web/app.js:18243
app.선택한_기록_result_deleted_일을,선택한 기록 ${result.deleted}일을 지웠어요.,1,web/app.js:18258
app.선택한_날짜에_기록이_없었어요,선택한 날짜에 기록이 없었어요.,1,web/app.js:18258
app.chars_자,${chars}자,1,web/app.js:18337
app.삭제_선택됨,삭제 선택됨,1,web/app.js:18338
app.클릭해서_삭제_선택,클릭해서 삭제 선택,1,web/app.js:18338
app.chars_toLocaleString_ko,"${chars.toLocaleString(""ko-KR"")}자",1,web/app.js:18386
app.0자,0자,1,web/app.js:18387
app.미입력_idle_분_이상은_집필_시간에서_제,미입력 ${idle}분 이상은 집필 시간에서 제외됩니다. 순증가 글자만 집계합니다.,1,web/app.js:18401
app.formatKoreanDateLabel_d,${formatKoreanDateLabel(dayKey)} · 첫 만남,1,web/app.js:18408
app.기록_설정을_저장했어요,기록 설정을 저장했어요.,1,web/app.js:18433
app.핸드폰_작성_기록을_포함해요,핸드폰 작성 기록을 포함해요.,1,web/app.js:18445
app.핸드폰_작성_기록을_제외해요,핸드폰 작성 기록을 제외해요.,1,web/app.js:18445
app.연결됨_pair_device_name,연결됨${pair.device_name ?,1,web/app.js:18461
app.코드를_발급하면_앱_연동_준비가_됩니다,코드를 발급하면 앱 연동 준비가 됩니다.,1,web/app.js:18462
app.연동_정보를_불러오지_못했어요,연동 정보를 불러오지 못했어요.,1,web/app.js:18465
app.p_class_hint_writing_in,"<p class=""hint writing-inbox-empty"">아직 받은 글이 없어요.<br>앱에서 「토리에게 보내기」하면 여기에 표시됩니다.</p>",1,web/app.js:18479
app.새_코드를_발급했어요_이전_코드는_무효입니다,새 코드를 발급했어요. 이전 코드는 무효입니다.,1,web/app.js:18506
app.연동_코드를_발급했어요,연동 코드를 발급했어요.,1,web/app.js:18508
app.받은_글_내용을_복사했어요_원고에_붙여_넣으,받은 글 내용을 복사했어요. 원고에 붙여 넣으세요.,1,web/app.js:18571
app.청록,청록,1,web/app.js:18691
app.남색,남색,1,web/app.js:18693
app.갈색,갈색,1,web/app.js:18696
app.흥행_공식_분석으로_만든_프로파일을_이_작품,"흥행 공식 분석으로 만든 프로파일을 이 작품에 연결해 두면, 도우미의 흥행 공식 참고·피드백에 활용할 수 있어요.",1,web/app.js:18751
app.흥행_공식_분석,+ 흥행 공식 분석,1,web/app.js:18754
app.토리와_이야기하다_나온_아이디어를_수집하면,토리와 이야기하다 나온 아이디어를 수집하면 여기에 쌓입니다.,1,web/app.js:18767
app.링크_출처_또는_PDF_Word_한글_텍스트,"링크 출처 또는 PDF·Word·한글·텍스트 파일을 모아 두고, 작성 중 옆에 펼쳐 볼 수 있어요.",1,web/app.js:18778
app.메인_목록_화면을_열_수_없어요,메인 목록 화면을 열 수 없어요.,1,web/app.js:18857
app.추가_작업,추가 작업,1,web/app.js:18883
app.회_빙_환,회/빙/환,1,web/app.js:18937
app.마법사,마법사,1,web/app.js:18937
app.이종족,이종족,1,web/app.js:18937
app.요괴,요괴,1,web/app.js:18937
app.영지물,영지물,1,web/app.js:18937
app.게임,게임,1,web/app.js:18937
app.기사물,기사물,1,web/app.js:18937
app.저승,저승,1,web/app.js:18937
app.황제_황태자,황제/황태자,1,web/app.js:18938
app.공작_북부공작,공작/북부공작,1,web/app.js:18938
app.기사,기사,1,web/app.js:18938
app.성녀,성녀,1,web/app.js:18938
app.차원이동,차원이동,1,web/app.js:18938
app.상태창_시스템,상태창/시스템,1,web/app.js:18938
app.레이드_던전물,레이드/던전물,1,web/app.js:18939
app.아카데미,아카데미,1,web/app.js:18939
app.헌터물,헌터물,1,web/app.js:18939
app.먼치킨_초강력_주인공,먼치킨(초강력 주인공),1,web/app.js:18939
app.천재_재능,천재/재능,1,web/app.js:18939
app.착각물,착각물,1,web/app.js:18940
app.신분상승,신분상승,1,web/app.js:18940
app.대성장,대성장,1,web/app.js:18940
app.연상연하,연상연하,1,web/app.js:18947
app.하렘물,하렘물,1,web/app.js:18947
app.계약관계,계약관계,1,web/app.js:18947
app.정략결혼,정략결혼,1,web/app.js:18947
app.귀족,귀족,1,web/app.js:18947
app.하녀,하녀,1,web/app.js:18947
app.육아물,육아물,1,web/app.js:18947
app.악녀,악녀,1,web/app.js:18947
app.집착남,집착남,1,web/app.js:18948
app.다정남,다정남,1,web/app.js:18948
app.차도남_까칠남,차도남/까칠남,1,web/app.js:18948
app.짝사랑,짝사랑,1,web/app.js:18948
app.계약연애_계약결혼,계약연애/계약결혼,1,web/app.js:18948
app.사내연애,사내연애,1,web/app.js:18948
app.소꿉친구,소꿉친구,1,web/app.js:18949
app.재회물,재회물,1,web/app.js:18949
app.삼각관계,삼각관계,1,web/app.js:18949
app.잔잔물,잔잔물,1,web/app.js:18949
app.애증,애증,1,web/app.js:18949
app.후회남,후회남,1,web/app.js:18949
app.상처녀_상처남,상처녀/상처남,1,web/app.js:18949
app.달달물,달달물,1,web/app.js:18950
app.구원물,구원물,1,web/app.js:18950
app.오해_갈등,오해/갈등,1,web/app.js:18950
app.힐링,힐링,1,web/app.js:18950
app.흑막남주,흑막남주,1,web/app.js:18950
app.집착남주,집착남주,1,web/app.js:18950
app.능력녀_걸크러시,능력녀/걸크러시,1,web/app.js:18951
app.궁정로맨스,궁정로맨스,1,web/app.js:18951
app.가짜_딸_진짜_딸,가짜 딸/진짜 딸,1,web/app.js:18951
app.미스터리_스릴러,미스터리 · 스릴러,1,web/app.js:18961
app.추리_미스테리,추리/미스테리,1,web/app.js:18962
app.사이보그,사이보그,1,web/app.js:18968
app.우주_스페이스_오페라,우주/스페이스 오페라,1,web/app.js:18969
app.아포칼립스_디스토피아,아포칼립스/디스토피아,1,web/app.js:18969
app.AI_인공지능,AI/인공지능,1,web/app.js:18969
app.가상현실_VR,가상현실(VR),1,web/app.js:18969
app.스팀펑크,스팀펑크,1,web/app.js:18970
app.멀티버스,멀티버스,1,web/app.js:18970
app.시간여행_타임루프,시간여행/타임루프,1,web/app.js:18970
app.크리처_외계인,크리처/외계인,1,web/app.js:18970
app.마도_사파,마도/사파,1,web/app.js:18977
app.정파,정파,1,web/app.js:18977
app.천마,천마,1,web/app.js:18977
app.마교,마교,1,web/app.js:18977
app.기연,기연,1,web/app.js:18977
app.낭만,낭만,1,web/app.js:18977
app.문파_세가,문파/세가,1,web/app.js:18977
app.천하제일,천하제일,1,web/app.js:18978
app.은원관계,은원관계,1,web/app.js:18978
app.약육강식,약육강식,1,web/app.js:18978
app.성장물,성장물,1,web/app.js:18978
app.역사_대체역사,역사 · 대체역사,1,web/app.js:18983
app.대대적인_역사개변_대체역사,대대적인 역사개변(대체역사),1,web/app.js:18985
app.조선시대,조선시대,1,web/app.js:18985
app.삼국지,삼국지,1,web/app.js:18985
app.제국_전쟁,제국/전쟁,1,web/app.js:18985
app.정치가_책사,정치가/책사,1,web/app.js:18986
app.군주_왕,군주/왕,1,web/app.js:18986
app.현대_지식_활용_과학_기술_전파,현대 지식 활용(과학/기술 전파),1,web/app.js:18986
app.분위기_소재,분위기 · 소재,1,web/app.js:18991
app.복수물,복수물,1,web/app.js:18992
app.혐관,혐관,1,web/app.js:18992
app.정치물,정치물,1,web/app.js:18992
app.코미디,코미디,1,web/app.js:18992
app.노예,노예,1,web/app.js:18992
app.피폐,피폐,1,web/app.js:18992
app.서사_템포_훅_분석기,서사 템포 & 훅 분석기,1,web/app.js:19059
app.캐릭터_가상_논쟁,캐릭터 가상 논쟁,1,web/app.js:19060
app.영상_각본으로_바꾸기,영상 각본으로 바꾸기,1,web/app.js:19064
app.오디오북_낭독_대본으로_바꾸기,오디오북 낭독 대본으로 바꾸기,1,web/app.js:19065
app.다국어_번역하기,다국어 번역하기,1,web/app.js:19066
app.현재_업로드된_총_글자수가_totalChar,"현재 업로드된 총 글자수가 ${totalChars.toLocaleString()}자로, 최대 허용 글자수(${SP_MAX_CHARS.toLocaleString()}자)를 ${excessChars.toLocaleString()}자 초과했어요. 회차를 약 ${suggestedRemoval}개 정도 줄여주세요.",1,web/app.js:19119
app.현재_총_totalChars_toLocale,현재 총 ${totalChars.toLocaleString()}자예요. 추천 분량(${SP_RECOMMENDED_CHARS.toLocaleString()}자)보다 많아서 처리 시간이 길어질 수 있어요. 그래도 진행은 가능해요.,1,web/app.js:19127
app.반전,반전,1,web/app.js:19197
app.설렘,설렘,1,web/app.js:19197
app.슬픔,슬픔,1,web/app.js:19197
app.유머,유머,1,web/app.js:19197
app.공포,공포,1,web/app.js:19197
app.즉각적_위기_노출형,즉각적 위기 노출형,1,web/app.js:19208
app.정보_공백형,정보 공백형,1,web/app.js:19209
app.감정_절정형,감정 절정형,1,web/app.js:19210
app.마지막_3문단을_바꿨어요_자동_저장됩니다,마지막 3문단을 바꿨어요. 자동 저장됩니다.,1,web/app.js:19275
app.버전_match_1,버전 ${match[1]},1,web/app.js:19340
app.엔딩_점수를_받지_못했어요,엔딩 점수를 받지 못했어요.,1,web/app.js:19519
app.grid_join_text_x_width,"${grid.join("""")}<text x=""${width / 2}"" y=""${height / 2}"" text-anchor=""middle"" font-size=""13"" fill=""#7a7268"">곡선을 그릴 구간이 없어요.</text>",1,web/app.js:19571
app.버전_index_1,버전 ${index + 1},1,web/app.js:19602
app.서버가_이전_버전이에요_SuperTory를,서버가 이전 버전이에요. SuperTory를 재시작한 뒤 다시 시도해 주세요.,1,web/app.js:19664
app.분석을_마치지_못했어요_다시_시도해_주세요,분석을 마치지 못했어요. 다시 시도해 주세요.,1,web/app.js:19668
app.분석할_원고_본문이_필요해요_본문을_먼저_적,분석할 원고 본문이 필요해요. 본문을 먼저 적어 주세요.,1,web/app.js:19713
app.선택한_회차_원고가_비어_있어요_본문을_쓴_5,선택한 회차 원고가 비어 있어요. 본문을 쓴 뒤 다시 분석해 주세요.,1,web/app.js:19714
app.감정_곡선과_엔딩_훅을_살펴보는_중,감정 곡선과 엔딩 훅을 살펴보는 중…,1,web/app.js:19731
app.감정_곡선을_읽지_못했어요_다시_분석해_주세,감정 곡선을 읽지 못했어요. 다시 분석해 주세요.,1,web/app.js:19741
app.감정_곡선을_읽지_못했어요_다시_시도해_주세,감정 곡선을 읽지 못했어요. 다시 시도해 주세요.,1,web/app.js:19742
app.엔딩_점수는_이번엔_받지_못했어요_곡선은_그,엔딩 점수는 이번엔 받지 못했어요. 곡선은 그대로 볼 수 있어요.,1,web/app.js:19754
app.감정_곡선_tempoHookState_seg,감정 곡선 ${tempoHookState.segments.length}구간,1,web/app.js:19762
app.엔딩_tempoHookState_cliffh,엔딩 ${tempoHookState.cliffhanger.score}점,1,web/app.js:19763
app.seg_segment_position_pc,${seg.segment_position_pct}% ${seg.emotion_tag} ${seg.score}점 — ${seg.reason},1,web/app.js:19768
app.엔딩_tempoHookState_cliffh_2,엔딩: ${tempoHookState.cliffhanger.reason},1,web/app.js:19769
app.서사_템포_훅_분석이_끝났어요,서사 템포 & 훅 분석이 끝났어요.,1,web/app.js:19775
app.바꿀_엔딩_문단을_찾지_못했어요,바꿀 엔딩 문단을 찾지 못했어요.,1,web/app.js:19791
app.더_강한_훅_세_가지를_쓰는_중,더 강한 훅 세 가지를 쓰는 중…,1,web/app.js:19798
app.개작_제안을_읽지_못했어요_다시_시도해_주세,개작 제안을 읽지 못했어요. 다시 시도해 주세요.,1,web/app.js:19810
app.개작_제안을_읽지_못했어요,개작 제안을 읽지 못했어요.,1,web/app.js:19811
app.개작_제안을_받지_못했어요,개작 제안을 받지 못했어요.,1,web/app.js:19817
app.이_회차가_에디터에_열려_있지_않아요_해당,"이 회차가 에디터에 열려 있지 않아요. 해당 회차를 연 뒤 삽입하거나, 복사해서 붙여 주세요.",1,web/app.js:19857
app.목숨을_건_선택의_기로,목숨을 건 선택의 기로,1,web/app.js:19878
app.서로의_비밀이_드러난_순간,서로의 비밀이 드러난 순간,1,web/app.js:19879
app.배신을_마주했을_때,배신을 마주했을 때,1,web/app.js:19880
app.마지막으로_남길_수_있는_한마디,마지막으로 남길 수 있는 한마디,1,web/app.js:19881
app.button_type_button_clas_6,"<button type=""button"" class=""tory-chat-bubble-copy"" data-char-debate-copy title=""복사하기"" aria-label=""복사하기"">",1,web/app.js:19884
app.3명까지예요_더_고르려면_먼저_선택을_풀어,3명까지예요. 더 고르려면 먼저 선택을 풀어 주세요.,1,web/app.js:19913
app.n_명_선택됨_최대_3명,${n}명 선택됨 · 최대 3명,1,web/app.js:19914
app.대화_생성하기,대화 생성하기,1,web/app.js:19938
app.기록된_현재_상태_없음,기록된 현재 상태 없음,1,web/app.js:19957
app.강점_String_character_stre,"강점: ${String(character.strengths_md).replace(/\s+/g, "" "").trim()}",1,web/app.js:19969
app.약점_String_character_weak,"약점: ${String(character.weaknesses_md).replace(/\s+/g, "" "").trim()}",1,web/app.js:19970
app.p_class_hint_설정집에_인물이_없_2,"<p class=""hint"">설정집에 인물이 없어요. 캐릭터를 먼저 만든 뒤 골라 주세요.</p>",1,web/app.js:20007
app.인물은_2_3명_골라_주세요,인물은 2~3명 골라 주세요.,1,web/app.js:20173
app.상황을_고르거나_직접_적어_주세요,상황을 고르거나 직접 적어 주세요.,1,web/app.js:20179
app.가상_논쟁을_만들었어요,가상 논쟁을 만들었어요.,1,web/app.js:20206
app.대화를_만들지_못했어요_다시_시도해_주세요,대화를 만들지 못했어요. 다시 시도해 주세요.,1,web/app.js:20208
app.논쟁은_최대_CHAR_DEBATE_MAX_명,논쟁은 최대 ${CHAR_DEBATE_MAX}명까지예요.,1,web/app.js:20249
app.단서를_심은_장이나_반전_전_원고를_열어_등,"단서를 심은 장이나 반전 전 원고를 열어, 등록한 단서가 실제로 반영됐는지와 잠재적 복선을 점검해요.",1,web/app.js:20324
app.반전이_터지는_장의_원고를_열어_등록한_빌드,"반전이 터지는 장의 원고를 열어, 등록한 빌드업이 그 반전을 설득력 있게 뒷받침하는지 평가해요.",1,web/app.js:20332
app.원문_문체_시점을_유지한_채_뒷부분만_이어,원문 문체·시점을 유지한 채 뒷부분만 이어 씁니다.,1,web/app.js:20347
app.다듬기,다듬기,1,web/app.js:20358
app.묘사_대상을_적으면_이_작품_문체_설정에_맞,묘사 대상을 적으면 이 작품 문체·설정에 맞는 문장을 제안합니다.,1,web/app.js:20362
app.작품_개요_설정을_바탕으로_투고_공모전용_시,작품 개요·설정을 바탕으로 투고·공모전용 시놉시스 초안을 작성해요.,1,web/app.js:20369
app.시놉시스_만들기,시놉시스 만들기,1,web/app.js:20372
app.선택한_구간_합계가_total_화로_최대_S,선택한 구간 합계가 ${total}화로 최대 ${SP_MAX_EPISODES}화를 넘었어요. 범위를 줄여 주세요.,1,web/app.js:20758
app.추천량보다_많아요_비용이_늘어날_수_있어요,"추천량보다 많아요, 비용이 늘어날 수 있어요",1,web/app.js:20765
app.p_class_hint_4단계에서_구간을,"<p class=""hint"">4단계에서 구간을 하나 이상 골라 주세요.</p>",1,web/app.js:20785
app.SP_SECTION_LABELS_key_시,${SP_SECTION_LABELS[key]} 시작 화,1,web/app.js:20797
app.SP_SECTION_LABELS_key_끝,${SP_SECTION_LABELS[key]} 끝 화,1,web/app.js:20799
app.spEpisodeSpan_start_end,"(${spEpisodeSpan(start, end)}화)",1,web/app.js:20815
app.합계_budget_total_화_최대_SP,합계: ${budget.total}화 / 최대 ${SP_MAX_EPISODES}화  (추천 ${SP_RECOMMENDED_EPISODES}화 내외),1,web/app.js:20828
app.총_글자_budget_totalChars_t,총 글자: ${budget.totalChars.toLocaleString()} / 최대 ${SP_MAX_CHARS.toLocaleString()}  (추천 ${SP_RECOMMENDED_CHARS.toLocaleString()}),1,web/app.js:20864
app.파일을_인식하지_못했어요_다시_끌어다_놓거나,파일을 인식하지 못했어요. 다시 끌어다 놓거나 상자를 눌러 주세요.,1,web/app.js:20921
app.SP_SECTION_LABELS_key_k,${SP_SECTION_LABELS[key] || key} 업로드를 모두 지웠어요.,1,web/app.js:20942
app.removed_title_회차_을_를_지웠,"「${removed?.title || ""회차""}」을(를) 지웠어요.",1,web/app.js:20954
app.removed_title_회차_을_를_목록,"「${removed?.title || ""회차""}」을(를) 목록에서 뺐어요. (${up.episodes.length}화 남음)",1,web/app.js:20960
app.idx_1_화,${idx + 1}화,1,web/app.js:20985
app.이_회차_삭제,이 회차 삭제,1,web/app.js:20995
app.title_삭제,${title} 삭제,1,web/app.js:20996
app.업로드된_회차_목록,업로드된 회차 목록,1,web/app.js:21005
app.SP_SECTION_LABELS_key_k_2,${SP_SECTION_LABELS[key] || key} 파일 올리기,1,web/app.js:21022
app.SP_SECTION_LABELS_key_l,${SP_SECTION_LABELS[key]} ${list.length}개 파일 · +${added}화 (합계 ${total}화),1,web/app.js:21072
app.SP_SECTION_LABELS_key_완,${SP_SECTION_LABELS[key]} 완료 (${total}화),1,web/app.js:21073
app.SP_SECTION_LABELS_key_k_3,${SP_SECTION_LABELS[key] || key} 파일을 읽는 중…,1,web/app.js:21085
app.i_1_화,${i + 1}화,1,web/app.js:21096
app.SP_SECTION_LABELS_key_i,${SP_SECTION_LABELS[key]} +${incoming.length}화 (합계 ${episodes.length}화),1,web/app.js:21122
app.SP_SECTION_LABELS_key_완_2,${SP_SECTION_LABELS[key]} 완료 (${episodes.length}화),1,web/app.js:21123
app.구간_추천을_위해_회차로_환산해요_vols,구간 추천을 위해 회차로 환산해요. ${vols}권 × ${epv}화 = ${vols * epv}화,1,web/app.js:21212
app.구간_추천을_위해_회차로_환산해요_예_20권,구간 추천을 위해 회차로 환산해요. 예: 20권 × ${epv}화 = ${20 * epv}화,1,web/app.js:21214
app.총_권_수를_1_이상으로_입력해_주세요,총 권 수를 1 이상으로 입력해 주세요.,1,web/app.js:21224
app.권_수와_권당_회차를_확인해_주세요,권 수와 권당 회차를 확인해 주세요.,1,web/app.js:21229
app.총_회차_수를_1_이상으로_입력해_주세요,총 회차 수를 1 이상으로 입력해 주세요.,1,web/app.js:21241
app.작품명을_입력해_주세요,작품명을 입력해 주세요.,1,web/app.js:21256
app.회차_수_기준_또는_권_수_기준을_선택해_주,회차 수 기준 또는 권 수 기준을 선택해 주세요.,1,web/app.js:21266
app.구간을_하나_이상_선택해_주세요,구간을 하나 이상 선택해 주세요.,1,web/app.js:21286
app.화수_범위를_확인해_주세요,화수 범위를 확인해 주세요.,1,web/app.js:21299
app.훅_끝맺음_p_hook_style,훅·끝맺음: ${p.hook_style},1,web/app.js:21322
app.전개_p_pacing_pattern,전개: ${p.pacing_pattern},1,web/app.js:21326
app.대사_지문_p_dialogue_narrati,대사/지문: ${p.dialogue_narration_balance},1,web/app.js:21327
app.문체_p_style_signature,문체: ${p.style_signature},1,web/app.js:21328
app.회차_끝_훅_유지,회차 끝 훅 유지,1,web/app.js:21331
app.문체_리듬_유지,문체 리듬 유지,1,web/app.js:21332
app.흥행_공식_프로파일_profile_work,"【흥행 공식 프로파일】 ${profile.work_title || p.work_title || ""제목 없음""}",1,web/app.js:21335
app.총_회차_원작_profile_total_ch,"총 회차(원작): ${profile.total_chapters ?? ""—""}",1,web/app.js:21336
app.프로파일_ID_profile_id,프로파일 ID: #${profile.id},1,web/app.js:21337
app.로컬_관찰_요약_API_키가_없거나_일부,(로컬 관찰 요약 · API 키가 없거나 일부 단계가 대체 분석되었습니다),1,web/app.js:21338
app.독자_관점_요인,■ 독자 관점 요인,1,web/app.js:21340
app.편집자_비평가_관점_요인,■ 편집자·비평가 관점 요인,1,web/app.js:21343
app.특히_놓치지_않아야_할_요인_강조,■ 특히 놓치지 않아야 할 요인 (강조),1,web/app.js:21346
app.참고_패턴,■ 참고 패턴,1,web/app.js:21349
app.훅_스타일_p_hook_style_없음,"· 훅 스타일: ${p.hook_style || ""(없음)""}",1,web/app.js:21350
app.전개_패턴_p_pacing_pattern,"· 전개 패턴: ${p.pacing_pattern || ""(없음)""}",1,web/app.js:21351
app.대사_지문_p_dialogue_narrat,"· 대사/지문: ${p.dialogue_narration_balance || ""(없음)""}",1,web/app.js:21352
app.문체_특징_p_style_signature,"· 문체 특징: ${p.style_signature || ""(없음)""}",1,web/app.js:21353
app.종합_요약,■ 종합 요약,1,web/app.js:21355
app.요약_없음,(요약 없음),1,web/app.js:21356
app.아직_분석한_흥행_작품이_없거나_연결되지_않,아직 분석한 흥행 작품이 없거나 연결되지 않았어요. 흥행 공식 분석을 먼저 이용하세요.,1,web/app.js:21371
app.피드백할_원고_회차_를_먼저_열어_주세요,피드백할 원고(회차)를 먼저 열어 주세요.,1,web/app.js:21375
app.현재_회차_원고가_비어_있어요,현재 회차 원고가 비어 있어요.,1,web/app.js:21381
app.흥행_공식_피드백_중,흥행 공식 피드백 중…,1,web/app.js:21400
app.흥행_프로파일과_현재_회차를_비교하는_중,흥행 프로파일과 현재 회차를 비교하는 중…,1,web/app.js:21402
app.흥행_프로파일을_근거로_현재_회차의_재미_요,흥행 프로파일을 근거로 현재 회차의 재미 요소·훅·전개·문체를 점검해 주세요.,1,web/app.js:21419
app.흥행_공식_피드백이_끝났어요,흥행 공식 피드백이 끝났어요.,1,web/app.js:21445
app.SP_SECTION_LABELS_key_파,${SP_SECTION_LABELS[key]} 파일을 먼저 올려 주세요.,1,web/app.js:21460
app.구조를_분석하는_중_회차가_많으면_시간이_걸,구조를 분석하는 중… (회차가 많으면 시간이 걸릴 수 있어요),1,web/app.js:21484
app.흥행_공식_프로파일을_저장했어요,흥행 공식 프로파일을 저장했어요.,1,web/app.js:21506
app.저장_완료_프로파일_profile_id,"저장 완료 · 프로파일 #${profile.id || ""?""}",1,web/app.js:21508
app.저장_완료_프로파일_profile_id_이,저장 완료 · 프로파일 #${profile.id} · 이 작품에 연결됨 (도우미에서 「흥행 공식 참고」 선택 가능),1,web/app.js:21519
app.display_신작_프로젝트에_자동_연결됨,${display}  —— ✓ 신작 프로젝트에 자동 연결됨 (linked_success_profile_id=${profile.id}),1,web/app.js:21522
app.캐릭터_퍼스널컬러_찾기_2,🎨 캐릭터 퍼스널컬러 찾기,1,web/app.js:21673
app.캐릭터한테_어울리는_색을_고르는_중이에요,캐릭터한테 어울리는 색을 고르는 중이에요…,1,web/app.js:21674
app.이_캐릭터한테_어울리는_색이에요,이 캐릭터한테 어울리는 색이에요.,1,web/app.js:21675
app.가상_플레이리스트_뽑기_2,🎵 가상 플레이리스트 뽑기,1,web/app.js:21678
app.없는_노래를_만드는_중이에요,없는 노래를 만드는 중이에요…,1,web/app.js:21679
app.실제로_없는_곡이에요_분위기만_들어_보세요,실제로 없는 곡이에요. 분위기만 들어 보세요.,1,web/app.js:21680
app.무드보드_둘러보기_2,🖼 무드보드 둘러보기,1,web/app.js:21683
app.사진을_고르는_중이에요,사진을 고르는 중이에요…,1,web/app.js:21684
app.그냥_둘러보다가_나와도_돼요,그냥 둘러보다가 나와도 돼요.,1,web/app.js:21685
app.단어집_둘러보기_2,📝 단어집 둘러보기,1,web/app.js:21688
app.입안에서_굴릴_단어를_고르는_중이에요,입안에서 굴릴 단어를 고르는 중이에요…,1,web/app.js:21689
app.지금_원고에_넣을_필요는_없어요,지금 원고에 넣을 필요는 없어요.,1,web/app.js:21690
app.캐릭터_타로_풀이_2,🔮 캐릭터 타로 풀이,1,web/app.js:21693
app.타로를_섞는_중이에요,타로를 섞는 중이에요…,1,web/app.js:21694
app.점괘가_아니라_이_캐릭터_서사를_살짝_비튼,"점괘가 아니라, 이 캐릭터 서사를 살짝 비튼 놀이예요.",1,web/app.js:21695
app.작명소_2,🪶 작명소,1,web/app.js:21698
app.이름을_적어_오는_중이에요,이름을 적어 오는 중이에요…,1,web/app.js:21699
app.마음에_드는_이름만_골라_복사해_보세요,마음에 드는 이름만 골라 복사해 보세요.,1,web/app.js:21700
app.지금_나가면_스프린트가_중단돼요_그래도_나갈,"지금 나가면 스프린트가 중단돼요, 그래도 나갈까요?",1,web/app.js:21728
app.이_도구,이 도구,1,web/app.js:21828
app.name_는_곧_열어요_지금은_다른_도구를,${name}는 곧 열어요. 지금은 다른 도구를 먼저 써 보세요.,1,web/app.js:21829
app.written_자_goal_자,${written}자 / ${goal}자,1,web/app.js:21913
app.지금은_수정할_수_없어요,지금은 수정할 수 없어요,1,web/app.js:22044
app.축하합니다_name_를_뚫고_written,축하합니다! ${name}를 뚫고 ${written}자를 써냈습니다!,1,web/app.js:22059
app.먼저_원고를_열어_주세요,먼저 원고를 열어 주세요.,1,web/app.js:22215
app.추천_GLUMP_TOOL_LABELS_too,추천: ${GLUMP_TOOL_LABELS[toolId] || toolId},1,web/app.js:22300
app.예상_못한_사건을_고르는_중이에요,예상 못한 사건을 고르는 중이에요…,1,web/app.js:22370
app.이_세_가지_중에서_골라_보세요,이 세 가지 중에서 골라 보세요.,1,web/app.js:22371
app.사건_index_1,사건 ${index + 1},1,web/app.js:22377
app.대사,대사,1,web/app.js:22385
app.묘사,묘사,1,web/app.js:22385
app.잘_쓴_장면을_모으는_중이에요,잘 쓴 장면을 모으는 중이에요…,1,web/app.js:22391
app.이런_장면이_이미_잘_살아_있어요,이런 장면이 이미 잘 살아 있어요.,1,web/app.js:22394
app.p_class_hint_escapeHtml,"<p class=""hint"">${escapeHtml(glumpErState.vitamins.message || ""아직 모아둔 명장면이 없어요."")}</p>",1,web/app.js:22401
app.order_화,${order}화,1,web/app.js:22406
app.다음에_이을_뼈대를_만드는_중이에요,다음에 이을 뼈대를 만드는 중이에요…,1,web/app.js:22420
app.빈칸만_채우면_한_장면이_이어집니다,빈칸만 채우면 한 장면이 이어집니다.,1,web/app.js:22424
app.이_칸을_채워_주세요,이 칸을 채워 주세요,1,web/app.js:22443
app.label_class_glump_er_fi,"<label class=""glump-er-fill-blank""><span>빈칸 · ${hint}</span><textarea data-glump-blank=""${id}"" rows=""2"">${prev}</textarea></label>",1,web/app.js:22445
app.릴레이를_여는_중이에요,릴레이를 여는 중이에요…,1,web/app.js:22468
app.토리가_한두_문장_잇는_중이에요,토리가 한두 문장 잇는 중이에요…,1,web/app.js:22470
app.한두_문장_쓰고_토리에게_넘기면_이어_받아요,한두 문장 쓰고 토리에게 넘기면 이어 받아요.,1,web/app.js:22476
app.나,나,1,web/app.js:22488
app.벌써_n_자_썼어요,벌써 ${n}자 썼어요!,1,web/app.js:22498
app.문장을_고르는_중이에요,문장을 고르는 중이에요…,1,web/app.js:22513
app.이_중에_하나로_시작해볼까요,이 중에 하나로 시작해볼까요?,1,web/app.js:22515
app.이_문장으로_이어_보거나_다시_뽑아_보세요,"이 문장으로 이어 보거나, 다시 뽑아 보세요.",1,web/app.js:22517
app.추궁할_질문을_만드는_중이에요,추궁할 질문을 만드는 중이에요…,1,web/app.js:22546
app.이건_참고용이에요_원고에_자동으로_넣지는_않,이건 참고용이에요. 원고에 자동으로 넣지는 않아요.,1,web/app.js:22548
app.답이_다_모였어요_전개_힌트를_정리해_보세요,답이 다 모였어요. 전개 힌트를 정리해 보세요.,1,web/app.js:22550
app.hearing_characterName_주,"${hearing?.characterName || ""주인공""}에게 지금 상황에서 물어봐야 할 질문이에요.",1,web/app.js:22552
app.힌트_index_1,힌트 ${index + 1},1,web/app.js:22560
app.button_type_button_clas_7,"<button type=""button"" class=""primary compact-btn glump-er-interrogation-ask"" data-glump-interrogate=""${index}"">이 질문으로 추궁하기</button>",1,web/app.js:22570
app.String_diversion_charac,「${String(diversion.character_name)}」의 서사를 타로로 살짝 비틀어 봤어요. 점괘는 아니에요.,1,web/app.js:22595
app.String_diversion_charac_2,「${String(diversion.character_name)}」한테 어울리는 색이에요.,1,web/app.js:22597
app.먼저_뼈대를_받아_주세요,먼저 뼈대를 받아 주세요.,1,web/app.js:23003
app.모든_빈칸을_채워주세요,모든 빈칸을 채워주세요,1,web/app.js:23011
app.한_문장을_먼저_써_주세요,한 문장을 먼저 써 주세요.,1,web/app.js:23088
app.넣을_문장이_없어요,넣을 문장이 없어요.,1,web/app.js:23207
app.복사할_이름이_없어요,복사할 이름이 없어요.,1,web/app.js:23342
app.주인공_escapeHtml_current_기,주인공 「${escapeHtml(current)}」 기준으로 뽑았어요,1,web/app.js:23368
app.escapeHtml_current_기준으로,「${escapeHtml(current)}」 기준으로 뽑았어요,1,web/app.js:23369
app.주인공_기준으로_뽑았어요,주인공 기준으로 뽑았어요,1,web/app.js:23370
app.name_주인공,${name} (주인공),1,web/app.js:23375
app.label_class_glump_er_co,"<label class=""glump-er-color-pick"">다른 캐릭터: <select id=""glumpErColorCharacter"" aria-label=""다른 캐릭터"">${options}</select></label>",1,web/app.js:23380
app.색,색,1,web/app.js:23393
app.가상_플레이리스트,가상 플레이리스트,1,web/app.js:23403
app.곡_index_1,곡 ${index + 1},1,web/app.js:23406
app.무드보드_사진,무드보드 사진,1,web/app.js:23418
app.카드_index_1,카드 ${index + 1},1,web/app.js:23438
app.div_button_type_button,": """"}</div><button type=""button"" class=""secondary compact-btn"" data-glump-name-copy=""${escapeHtml(name)}"">복사</button></article>",1,web/app.js:23452
app.조금이라도_괜찮아요_오늘_목표는_300자면,조금이라도 괜찮아요. 오늘 목표는 300자면 충분해요.,1,web/app.js:23597
app.수집할_내용이_없어요_토리에게_물어보거나_요,수집할 내용이 없어요. 토리에게 물어보거나 요청을 적어 주세요.,1,web/app.js:23824
app.토리_aiModeLabel_mode,토리 · ${aiModeLabel(mode)},1,web/app.js:23833
app.요청_aiModeLabel_mode,요청 · ${aiModeLabel(mode)},1,web/app.js:23833
app.수집_메모,수집 메모,1,web/app.js:23834
app.토리_수집창고에_넣었어요,토리 수집창고에 넣었어요.,1,web/app.js:23847
app.p_class_hint_tory_vault,"<p class=""hint tory-vault-empty"">아직 수집한 내용이 없어요.<br>토리 결과 아래 <strong>수집</strong>으로 아이디어를 담아 보세요.</p>",1,web/app.js:23856
app.span_씬_scene_span,<span>씬: ${scene}</span>,1,web/app.js:23871
app.수집창고_메모,수집창고 메모,1,web/app.js:23887
app.수집창고에_넣을_메모를_적어_주세요,수집창고에 넣을 메모를 적어 주세요.,1,web/app.js:23888
app.짧은_메모,짧은 메모,1,web/app.js:23891
app.넣기,넣기,1,web/app.js:23893
app.내용이_비어_있어요,내용이 비어 있어요.,1,web/app.js:23897
app.직접_메모,직접 메모,1,web/app.js:23898
app.비울_수집이_없어요,비울 수집이 없어요.,1,web/app.js:23906
app.토리_수집창고를_모두_비울까요,토리 수집창고를 모두 비울까요?,1,web/app.js:23907
app.수집창고를_비웠어요,수집창고를 비웠어요.,1,web/app.js:23911
app.이_수집을_삭제할까요,이 수집을 삭제할까요?,1,web/app.js:23938
app.삭제했어요,삭제했어요.,1,web/app.js:23942
app.이_브라우저는_파일_저장_IndexedDB,이 브라우저는 파일 저장(IndexedDB)을 지원하지 않아요.,1,web/app.js:24006
app.파일_저장소를_열지_못했어요,파일 저장소를 열지 못했어요.,1,web/app.js:24017
app.파일_저장에_실패했어요,파일 저장에 실패했어요.,1,web/app.js:24031
app.이_브라우저는_DOCX_압축_해제를_지원하지,이 브라우저는 DOCX 압축 해제를 지원하지 않아요.,1,web/app.js:24075
app.DOCX_본문_document_xml_을_찾,DOCX 본문(document.xml)을 찾지 못했어요.,1,web/app.js:24147
app.지원하지_않는_DOCX_압축_방식입니다_en,지원하지 않는 DOCX 압축 방식입니다 (${entry.method}).,1,web/app.js:24154
app.DOCX에서_글자를_꺼내지_못했어요,DOCX에서 글자를 꺼내지 못했어요.,1,web/app.js:24158
app.문서,문서,1,web/app.js:24179
app.DOCX_한글_추출_API를_찾을_수_없습니,DOCX/한글 추출 API를 찾을 수 없습니다. SuperTORY 서버 창을 종료한 뒤 start_supertory.bat 으로 다시 실행해 주세요. (브라우저만 새로고침하면 예전 서버가 남을 수 있어요.),1,web/app.js:24207
app.참고자료_이름,참고자료 이름,1,web/app.js:24260
app.씬_제목,씬 제목,1,web/app.js:24262
app.p_class_hint_source_emp,"<p class=""hint source-empty"">아직 자료가 없어요.<br>+ 자료로 링크 또는 파일을 추가해 보세요.</p>",1,web/app.js:24297
app.button_type_button_clas_8,"<button type=""button"" class=""primary"" data-source-open=""${escapeHtml(src.id)}"" title=""${isFile ? ""옆에 펼쳐 보기 · 단독 열람"" : ""링크 미리보기 · 단독 열람""}"">${isFile ? ""열기"" : ""링크 열기""}</button>",1,web/app.js:24315
app.Word로_내보내기,Word로 내보내기,1,web/app.js:24318
app.한글로_내보내기,한글로 내보내기,1,web/app.js:24319
app.저장된_파일_options_fileName,저장된 파일: ${options.fileName}${options.fileSize ?,1,web/app.js:24349
app.새_파일을_고르면_교체됩니다,": """"} · 새 파일을 고르면 교체됩니다",1,web/app.js:24349
app.참고자료_출처_수정,참고자료·출처 수정,1,web/app.js:24356
app.자료_제목을_적어_주세요,자료 제목을 적어 주세요.,1,web/app.js:24372
app.파일_처리_중,파일 처리 중…,1,web/app.js:24381
app.수정할_자료를_찾지_못했어요,수정할 자료를 찾지 못했어요.,1,web/app.js:24447
app.참고자료_파일을_업데이트했어요,참고자료 파일을 업데이트했어요.,1,web/app.js:24459
app.참고자료_출처를_수정했어요,참고자료·출처를 수정했어요.,1,web/app.js:24459
app.파일을_참고자료에_넣었어요_펼쳐_보기_로_작,파일을 참고자료에 넣었어요. 「펼쳐 보기」로 작성 옆에 열어 보세요.,1,web/app.js:24483
app.참고자료_출처를_추가했어요,참고자료·출처를 추가했어요.,1,web/app.js:24484
app.참고자료_본문_편집_중,참고자료 본문 (편집 중),1,web/app.js:24515
app.참고자료_본문_읽기_전용,참고자료 본문 (읽기 전용),1,web/app.js:24515
app.링크는_미리보기_전용이에요_새_탭에서_열어,링크는 미리보기 전용이에요. 새 탭에서 열어 보세요.,1,web/app.js:24530
app.PDF는_SuperTORY에서_글자_편집이,PDF는 SuperTORY에서 글자 편집이 불가합니다,1,web/app.js:24531
app.편집_중_누르면_읽기_전용으로_돌아갑니다,편집 중 — 누르면 읽기 전용으로 돌아갑니다,1,web/app.js:24533
app.참고자료_저장됨,참고자료 저장됨,1,web/app.js:24565
app.참고자료_편집_중_저장됨,참고자료 · 편집 중 · 저장됨,1,web/app.js:24566
app.참고자료_저장됨_2,참고자료 · 저장됨,1,web/app.js:24566
app.참고자료_저장_대기_중,참고자료 · 저장 대기 중…,1,web/app.js:24573
app.텍스트로_불러온_자료만_SuperTORY에서,텍스트로 불러온 자료만 SuperTORY에서 편집할 수 있어요.,1,web/app.js:24582
app.참고자료_읽기_전용,참고자료 · 읽기 전용,1,web/app.js:24591
app.참고자료_편집_모드예요_수정_후_내보내기로,참고자료 편집 모드예요. 수정 후 내보내기로 Word·한글 파일로 받을 수 있어요.,1,web/app.js:24595
app.참고자료_읽기_전용으로_전환했어요,참고자료 읽기 전용으로 전환했어요.,1,web/app.js:24596
app.내보내기_서버에_연결하지_못했어요_Super,내보내기 서버에 연결하지 못했어요. SuperTORY를 다시 실행해 주세요.,1,web/app.js:24635
app.내보내기_API를_찾을_수_없습니다_Supe,내보내기 API를 찾을 수 없습니다. SuperTORY 서버를 종료한 뒤 다시 실행해 주세요.,1,web/app.js:24644
app.filename_내려받기를_시작했어요,${filename} 내려받기를 시작했어요.,1,web/app.js:24665
app.내보낼_참고자료가_열려_있지_않아요,내보낼 참고자료가 열려 있지 않아요.,1,web/app.js:24670
app.텍스트로_불러온_자료만_Word_한글로_내보,텍스트로 불러온 자료만 Word·한글로 내보낼 수 있어요.,1,web/app.js:24673
app.내보낼_내용이_비어_있어요,내보낼 내용이 비어 있어요.,1,web/app.js:24681
app.자료를_찾지_못했어요,자료를 찾지 못했어요.,1,web/app.js:24688
app.이_기기에_파일_본문이_없어요,이 기기에 파일 본문이 없어요.,1,web/app.js:24700
app.PDF는_SuperTORY_텍스트_내보내기,PDF는 SuperTORY 텍스트 내보내기 대상이 아니에요. 원본 PDF를 보관해 주세요.,1,web/app.js:24702
app.내보낼_글자가_없어요,내보낼 글자가 없어요.,1,web/app.js:24705
app.참고자료를_찾지_못했어요,참고자료를 찾지 못했어요.,1,web/app.js:24718
app.열_수_있는_파일이나_링크가_없어요,열 수 있는 파일이나 링크가 없어요.,1,web/app.js:24721
app.참고자료를_단독_창으로_열었어요,참고자료를 단독 창으로 열었어요.,1,web/app.js:24753
app.링크를_단독_창으로_열었어요,링크를 단독 창으로 열었어요.,1,web/app.js:24753
app.참고자료를_팝업으로_열었어요,참고자료를 팝업으로 열었어요.,1,web/app.js:24755
app.참고자료를_옆에_펼쳤어요,참고자료를 옆에 펼쳤어요.,1,web/app.js:24756
app.scene_chapterTitle_폴더_s,"${scene.chapterTitle || ""폴더""} · ${scene.title || ""회차""}",1,web/app.js:24768
app.option_value_함께볼_항목_없음,"<option value="""">(함께볼 항목 없음)</option>",1,web/app.js:24784
app.참고자료를_찾지_못해_보기를_닫았어요,참고자료를 찾지 못해 보기를 닫았어요.,1,web/app.js:24837
app.미리보기가_안_보이면_a_href_escap,"미리보기가 안 보이면 <a href=""${escapeHtml(url)}"" target=""_blank"" rel=""noopener noreferrer"">새 탭에서 열기</a>",1,web/app.js:24896
app.저장된_파일을_읽지_못했어요_자료를_다시_업,저장된 파일을 읽지 못했어요. 자료를 다시 업로드해 주세요.,1,web/app.js:24914
app.파일_본문이_없어_링크로_열어요_a_href,"파일 본문이 없어 링크로 열어요. <a href=""${escapeHtml(url)}"" target=""_blank"" rel=""noopener noreferrer"">새 탭에서 열기</a>",1,web/app.js:24929
app.이_기기에_파일_본문이_없어요_수정에서_파일,이 기기에 파일 본문이 없어요. 수정에서 파일을 다시 올려 주세요.,1,web/app.js:24937
app.참고자료_PDF_뷰어_편집_불가,참고자료 · PDF 뷰어 (편집 불가),1,web/app.js:24952
app.이_파일에서_표시할_글자를_찾지_못했어요,이 파일에서 표시할 글자를 찾지 못했어요.,1,web/app.js:24960
app.참고자료_읽기_전용_편집_내보내기_가능,참고자료 · 읽기 전용 · 편집·내보내기 가능,1,web/app.js:24971
app.텍스트로_불러온_자료만_형식을_골라_내보낼,텍스트로 불러온 자료만 형식을 골라 내보낼 수 있어요.,1,web/app.js:24993
app.선택_file_name_formatSourc,선택: ${file.name} (${formatSourceFileSize(file.size)}),1,web/app.js:25029
app.item_title_이_자료_을_를_삭제할,"「${item.title || ""이 자료""}」을(를) 삭제할까요?",1,web/app.js:25070
app.참고자료_출처를_삭제했어요,참고자료·출처를 삭제했어요.,1,web/app.js:25078
app.localStorage_떡밥_마이그레이션_실,localStorage 떡밥 마이그레이션 실패 — 서버 목록만 불러옵니다.,1,web/app.js:25212
app.떡밥_id가_없어요,떡밥 id가 없어요.,1,web/app.js:25254
app.option_value_미정_option,"<option value="""">(미정)</option>",1,web/app.js:25361
app.본문_작성_전_strong_아이디어_떡밥_s,본문 작성 전 <strong>아이디어 떡밥</strong>을 적어 둡니다. 던지기·회수 내용과 예상 회차를 저장하세요.,1,web/app.js:25389
app.본문에서_잡은_문장이_설정집_strong_떡,본문에서 잡은 문장이 설정집 <strong>떡밥모음</strong>에 들어갑니다. 회수 예정 회차와 알림을 설정하세요.,1,web/app.js:25390
app.설정집_폴더_순서를_바꿨어요,설정집 폴더 순서를 바꿨어요.,1,web/app.js:25585
app.p_class_hint_bait_empty,"<p class=""hint bait-empty"">아직 떡밥이 없어요.</p>",1,web/app.js:25620
app.씬_bait_plantSceneId,씬 #${bait.plantSceneId},1,web/app.js:25629
app.심은_회차_미정,(심은 회차 미정),1,web/app.js:25630
app.회수_예정_미정,(회수 예정 미정),1,web/app.js:25633
app.아이디어,아이디어,1,web/app.js:25635
app.본문_심기,본문 심기,1,web/app.js:25635
app.알림_켜짐,· 알림 켜짐,1,web/app.js:25638
app.div_strong_간략_strong_su,<div><strong>간략</strong> ${summary}</div>,1,web/app.js:25641
app.div_strong_회수_내용_strong,<div><strong>회수 내용</strong> ${recoverContent}</div>,1,web/app.js:25642
app.아이디어_떡밥_수정,아이디어 떡밥 수정,1,web/app.js:25677
app.떡밥_수정,떡밥 수정,1,web/app.js:25677
app.아이디어_떡밥,아이디어 떡밥,1,web/app.js:25680
app.떡밥_던지기_내용을_적어_주세요,떡밥 던지기 내용을 적어 주세요.,1,web/app.js:25716
app.떡밥_문장을_적어_주세요,떡밥 문장을 적어 주세요.,1,web/app.js:25721
app.수정할_떡밥을_찾지_못했어요,수정할 떡밥을 찾지 못했어요.,1,web/app.js:25736
app.떡밥을_수정했어요,떡밥을 수정했어요.,1,web/app.js:25754
app.아이디어_떡밥을_저장했어요,아이디어 떡밥을 저장했어요.,1,web/app.js:25778
app.떡밥모음에_넣었어요,떡밥모음에 넣었어요.,1,web/app.js:25778
app.사전_창을_열_수_없어요_팝업이_막혔는지_확,사전 창을 열 수 없어요. 팝업이 막혔는지 확인해 주세요.,1,web/app.js:25835
app.사전에서_query_length_18,사전에서 「${query.length > 18 ?,1,web/app.js:25838
app.query_검색,: query}」 검색,1,web/app.js:25838
app.떡밥을_심을_회차를_먼저_열어_주세요,떡밥을 심을 회차를 먼저 열어 주세요.,1,web/app.js:25843
app.본문에서_문장을_드래그로_선택한_뒤_다시_시,본문에서 문장을 드래그로 선택한 뒤 다시 시도해 주세요.,1,web/app.js:25846
app.이번_회차에서_확인할_토리_알림이_있어요,이번 회차에서 확인할 토리 알림이 있어요!,1,web/app.js:25882
app.이번_회차에_설정해_둔_알림이_있어요,이번 회차에 설정해 둔 알림이 있어요!,1,web/app.js:25884
app.알림_목록_보기,알림 목록 보기,1,web/app.js:25898
app.하루_뒤에_다시_알려_드릴게요,하루 뒤에 다시 알려 드릴게요.,1,web/app.js:26002
app.이_회차를_나갔다가_다시_열면_알려_드릴게요,이 회차를 나갔다가 다시 열면 알려 드릴게요.,1,web/app.js:26003
app.이_떡밥을_삭제할까요,이 떡밥을 삭제할까요?,1,web/app.js:26063
app.떡밥을_삭제했어요,떡밥을 삭제했어요.,1,web/app.js:26068
app.상단_고정을_해제했어요,상단 고정을 해제했어요.,1,web/app.js:26319
app.titleAttr_상단_고정_우클릭_고정,${titleAttr} · 상단 고정 · 우클릭: 고정 해제,1,web/app.js:26348
app.북마크는_최대_BOOKMARK_MAX_개까지,"북마크는 최대 ${BOOKMARK_MAX}개까지, 색마다 하나씩 쓸 수 있어요.",1,web/app.js:26382
app.남은_북마크_색이_없어요,남은 북마크 색이 없어요.,1,web/app.js:26387
app.color_label_북마크로_고정했어요,${color.label} 북마크로 고정했어요.,1,web/app.js:26405
app.북마크_count_개_클릭_목록_열기_닫기,북마크 ${count}개 · 클릭: 목록 열기/닫기 · 각 항목에 이유 적기,1,web/app.js:26437
app.북마크_목록_회차_설정집에서_우클릭으로_추가,북마크 목록 · 회차·설정집에서 우클릭으로 추가,1,web/app.js:26438
app.북마크한_항목이_없어요_회차_설정집에서_우클,북마크한 항목이 없어요. 회차·설정집에서 우클릭으로 추가해 보세요.,1,web/app.js:26505
app.p_class_bookmark_list_e,"<p class=""bookmark-list-empty"">북마크한 항목이 없어요.</p>",1,web/app.js:26538
app.title_kind_color_label,${title} (${kind} · ${color.label}) — 클릭: 열기 · 우클릭: 메뉴,1,web/app.js:26571
app.title_북마크_열기,${title} 북마크 열기,1,web/app.js:26572
app.title_kind_클릭_열기_우클릭_메뉴,${title} (${kind}) — 클릭: 열기 · 우클릭: 메뉴,1,web/app.js:26578
app.title_북마크_해제,${title} 북마크 해제,1,web/app.js:26585
app.북마크_이유_예_복선_확인_수정_필요,"북마크 이유 (예: 복선 확인, 수정 필요)",1,web/app.js:26594
app.이_북마크를_단_이유,이 북마크를 단 이유,1,web/app.js:26595
app.data_header_idea_idea_id,"data-header-idea=""${idea.id}"" title=""${label} · 목차 하단 고정"" role=""listitem"">",1,web/app.js:26666
app.북마크_meta_label,"북마크 · ${meta.label || """"}",1,web/app.js:26745
app.북마크를_찾을_수_없어요,북마크를 찾을 수 없어요.,1,web/app.js:26780
app.설정_항목을_열_수_없어요,설정 항목을 열 수 없어요.,1,web/app.js:26788
app.박스_해제,박스 해제,1,web/app.js:26908
app.테두리_상자_스타일을_꺼요,테두리 상자 스타일을 꺼요,1,web/app.js:26911
app.테두리_상자_스타일을_켜요,테두리 상자 스타일을 켜요,1,web/app.js:26912
app.고정_해제,고정 해제,1,web/app.js:26919
app.형제_목록_맨_위_고정을_풀어요,형제 목록 맨 위 고정을 풀어요,1,web/app.js:26922
app.목록_북마크_표시를_꺼요,목록 북마크 표시를 꺼요,1,web/app.js:26933
app.span_class_folder_bookm,"<span class=""folder-bookmark-mark"" title=""북마크됨"" aria-hidden=""true""></span>",1,web/app.js:26942
app.폴더를_찾지_못했어요_폴더_트리_id_필요,폴더를 찾지 못했어요. (폴더 트리 id 필요),1,web/app.js:26948
app.다시_실행할_작업이_없어요,다시 실행할 작업이 없어요,1,web/app.js:27069
app.되돌릴_작업이_없어요,되돌릴 작업이 없어요,1,web/app.js:27069
app.서버를_재시작해_주세요_폴더_되돌리기_API,서버를 재시작해 주세요. (폴더 되돌리기 API가 없어요),1,web/app.js:27088
app.되돌렸어요_label,되돌렸어요: ${label},1,web/app.js:27110
app.다시_실행_label,다시 실행: ${label},1,web/app.js:27134
app.상단_고정_해제,상단 고정 해제,1,web/app.js:27317
app.고정_목록에서_빼고_원래_위치로_둬요,고정 목록에서 빼고 원래 위치로 둬요,1,web/app.js:27320
app.회차를_찾지_못했어요,회차를 찾지 못했어요.,1,web/app.js:27334
app.회차_이름_수정,회차 이름 수정,1,web/app.js:27351
app.회차_이름을_바꿨어요,회차 이름을 바꿨어요.,1,web/app.js:27374
app.label_폴더와_안의_회차_sceneCo,「${label}」 폴더와 안의 회차 ${sceneCount}개를 휴지통에 버리시겠습니까?  안의 원고도 함께 버려집니다. 나중에 관리자 모드 → 휴지통에서 회차를 되살리면 폴더도 함께 돌아옵니다.,1,web/app.js:27413
app.label_폴더를_휴지통에_버리시겠습니까,「${label}」 폴더를 휴지통에 버리시겠습니까?,1,web/app.js:27414
app.폴더_버리기_전_저장,폴더 버리기 전 저장,1,web/app.js:27423
app.폴더_버리기_API를_찾을_수_없습니다_Su,폴더 버리기 API를 찾을 수 없습니다. SuperTORY 서버 창을 종료한 뒤 start_supertory.bat 으로 다시 실행해 주세요.,1,web/app.js:27438
app.label_폴더와_회차_n_개를_휴지통으로,「${label}」 폴더와 회차 ${n}개를 휴지통으로 옮겼어요.,1,web/app.js:27475
app.복제_전_저장,복제 전 저장,1,web/app.js:27510
app.result_title_복제본_을_만들었어,"「${result.title || ""복제본""}」을 만들었어요.",1,web/app.js:27522
app.원고를_복제했어요,원고를 복제했어요.,1,web/app.js:27524
app.label_을_를_휴지통에_버리시겠습니까,「${label}」을(를) 휴지통에 버리시겠습니까?  나중에 관리자 모드 → 휴지통에서 복원할 수 있습니다.,1,web/app.js:27533
app.버리기_전_저장,버리기 전 저장,1,web/app.js:27539
app.label_을_를_휴지통으로_옮겼어요,「${label}」을(를) 휴지통으로 옮겼어요.,1,web/app.js:27568
app.p_class_hint_trash_empt,"<p class=""hint trash-empty"">작품을 선택하면 휴지통을 볼 수 있어요.</p>",1,web/app.js:27596
app.p_class_hint_trash_empt_2,"<p class=""hint trash-empty"">불러오는 중…</p>",1,web/app.js:27599
app.p_class_hint_trash_empt_3,"<p class=""hint trash-empty"">휴지통이 비어 있어요.</p>",1,web/app.js:27604
app.챕터_없음,챕터 없음,1,web/app.js:27609
app.chapterLabel_폴더도_휴지통,${chapterLabel} (폴더도 휴지통),1,web/app.js:27611
app.p_class_hint_trash_empt_4,"<p class=""hint trash-empty"">휴지통을 불러오지 못했어요.</p>",1,web/app.js:27628
app.result_title_원고_와_폴더_re,"「${result.title || ""원고""}」와 폴더 「${result.chapter_title || """"}」을(를) 되살렸어요.",1,web/app.js:27640
app.result_title_원고_을_를_되살렸,"「${result.title || ""원고""}」을(를) 되살렸어요.",1,web/app.js:27642
app.label_을_를_완전히_삭제할까요_이_작,「${label}」을(를) 완전히 삭제할까요?  이 작업은 되돌릴 수 없습니다.,1,web/app.js:27652
app.완전히_삭제했어요,완전히 삭제했어요.,1,web/app.js:27657
app.휴지통을_비울까요_보관_중인_모든_원고가_완,휴지통을 비울까요?  보관 중인 모든 원고가 완전히 삭제되며 되돌릴 수 없습니다.,1,web/app.js:27663
app.휴지통에서_result_purged_개를_완,휴지통에서 ${result.purged}개를 완전히 삭제했어요.,1,web/app.js:27668
app.휴지통이_이미_비어_있어요,휴지통이 이미 비어 있어요.,1,web/app.js:27668
app.폴더_색을_바꿨어요,폴더 색을 바꿨어요.,1,web/app.js:27840
app.폴더_색을_없앴어요,폴더 색을 없앴어요.,1,web/app.js:27840
app.아직_메모가_없어요_2,(아직 메모가 없어요.),1,web/app.js:27976
app.메모_i_1,메모 ${i + 1},1,web/app.js:27979
app.작품소개_intro,【작품소개】 ${intro},1,web/app.js:27988
app.기획의도_intent,【기획의도】 ${intent},1,web/app.js:27989
app.작품소개_기획의도가_비어_있어요,(작품소개·기획의도가 비어 있어요.),1,web/app.js:27990
app.로그라인_logline,【로그라인】 ${logline},1,web/app.js:27996
app.줄거리_개요_outline,【줄거리 개요】 ${outline},1,web/app.js:27997
app.시놉시스_synopsis,【시놉시스】 ${synopsis},1,web/app.js:27998
app.로그라인_줄거리_개요_시놉시스가_비어_있어,(로그라인·줄거리 개요·시놉시스가 비어 있어요.),1,web/app.js:27999
app.세계관이_비어_있어요,(세계관이 비어 있어요.),1,web/app.js:28001
app.아직_인물이_없어요,(아직 인물이 없어요.),1,web/app.js:28005
app.정렬_이름_ch_sort_name,정렬 이름: ${ch.sort_name},1,web/app.js:28021
app.별칭_aliases_map_a_a_alias,"별칭: ${aliases.map((a) => a.alias || a).filter(Boolean).join("", "")}",1,web/app.js:28024
app.프로필_profile,[프로필] ${profile},1,web/app.js:28029
app.강점_strengths,[강점] ${strengths},1,web/app.js:28031
app.약점_weaknesses,[약점] ${weaknesses},1,web/app.js:28033
app.작가_메모_notes,[작가 메모] ${notes},1,web/app.js:28035
app.아직_떡밥이_없어요,(아직 떡밥이 없어요.),1,web/app.js:28048
app.떡밥_i_1,떡밥 ${i + 1},1,web/app.js:28051
app.회수_시점_bait_recoverAt,회수 시점: ${bait.recoverAt},1,web/app.js:28055
app.회수_내용_bait_recoverConten,회수 내용: ${bait.recoverContent},1,web/app.js:28056
app.심은_위치_bait_plantAtNote,심은 위치: ${bait.plantAtNote},1,web/app.js:28057
app.출처_bait_sourceTitle,출처: ${bait.sourceTitle},1,web/app.js:28058
app.회수_알림_켜짐,회수 알림: 켜짐,1,web/app.js:28059
app.아직_수집한_내용이_없어요,(아직 수집한 내용이 없어요.),1,web/app.js:28066
app.수집_i_1,수집 ${i + 1},1,web/app.js:28069
app.요청_prompt,[요청] ${prompt},1,web/app.js:28076
app.아직_참고자료가_없어요,(아직 참고자료가 없어요.),1,web/app.js:28083
app.자료_i_1,자료 ${i + 1},1,web/app.js:28086
app.파일_src_fileName,파일: ${src.fileName},1,web/app.js:28092
app.종류_src_kind_src_viewer,종류: ${src.kind || src.viewer},1,web/app.js:28093
app.이_설정은_문서로_내보낼_수_없어요,이 설정은 문서로 내보낼 수 없어요.,1,web/app.js:28098
app.키워드는_문서로_내보낼_수_없어요,키워드는 문서로 내보낼 수 없어요.,1,web/app.js:28111
app.내보낼_내용이_없어요,내보낼 내용이 없어요.,1,web/app.js:28116
app.테마색_화이트_기본,테마색 · 화이트 (기본),1,web/app.js:28286
app.테마색_화이트_주간,테마색 · 화이트 (주간),1,web/app.js:28287
app.테마색_화이트_구름_산책,테마색 · 화이트 (구름 산책),1,web/app.js:28288
app.테마색_화이트_E_ink,테마색 · 화이트 (E ink),1,web/app.js:28289
app.테마색_화이트_봄날_정원,테마색 · 화이트 (봄날 정원),1,web/app.js:28290
app.테마색_화이트_은빛_안개,테마색 · 화이트 (은빛 안개),1,web/app.js:28291
app.테마색_아이보리_서재,테마색 · 아이보리 (서재),1,web/app.js:28292
app.테마색_도서관,테마색 · 도서관,1,web/app.js:28293
app.테마색_칠판_교실,테마색 · 칠판 (교실),1,web/app.js:28294
app.테마색_야간,테마색 · 야간,1,web/app.js:28295
app.테마색_오두막,테마색 · 오두막,1,web/app.js:28296
app.테마색_다락방,테마색 · 다락방,1,web/app.js:28297
app.테마색_세피아_노을빛_창가,테마색 · 세피아 (노을빛 창가),1,web/app.js:28298
app.title_이_UI_테마의_기본_작성_바탕,${title} · 이 UI 테마의 기본 작성 바탕,1,web/app.js:28301
app.이_회차에_저장된_페이지_색을_적용했어요,이 회차에 저장된 페이지 색을 적용했어요.,1,web/app.js:28576
app.E_ink에서는_본문이_흰_바탕_검정_글씨로,E ink에서는 본문이 흰 바탕·검정 글씨로 고정돼요.,1,web/app.js:28730
app.기본_글자색을_테마_기본으로_돌렸어요,기본 글자색을 테마 기본으로 돌렸어요.,1,web/app.js:28742
app.본문_기본_글자색을_바꿨어요,본문 기본 글자색을 바꿨어요.,1,web/app.js:28754
app.E_ink에서는_편집기가_흰_바탕_검정_글씨,E ink에서는 편집기가 흰 바탕·검정 글씨로 고정돼요.,1,web/app.js:28805
app.현재_회차에만_페이지_색을_적용했어요,현재 회차에만 페이지 색을 적용했어요.,1,web/app.js:28856
app.전체_작품_기본_페이지_색을_바꿨어요,전체 작품 기본 페이지 색을 바꿨어요.,1,web/app.js:28880
app.본문_페이지_색을_바꿨어요,본문 페이지 색을 바꿨어요.,1,web/app.js:28881
app.각주,각주,1,web/app.js:29036
app.각주_수정,각주 수정,1,web/app.js:29062
app.각주_삭제,각주 삭제,1,web/app.js:29068
app.원문_anchorText,원문: ${anchorText},1,web/app.js:29073
app.각주_num_수정,각주 ${num} 수정,1,web/app.js:29129
app.각주_num_내용을_수정하세요,각주 ${num} 내용을 수정하세요.,1,web/app.js:29130
app.각주_내용이_비어_있어요_삭제하려면_삭제를,각주 내용이 비어 있어요. 삭제하려면 삭제를 이용해 주세요.,1,web/app.js:29139
app.각주_num_을_를_수정했어요,각주 ${num}을(를) 수정했어요.,1,web/app.js:29149
app.각주_num_을_를_삭제할까요,각주 ${num}을(를) 삭제할까요?,1,web/app.js:29164
app.이_각주를_삭제할까요,이 각주를 삭제할까요?,1,web/app.js:29164
app.각주_num_을_를_삭제했어요,각주 ${num}을(를) 삭제했어요.,1,web/app.js:29171
app.각주를_삭제했어요,각주를 삭제했어요.,1,web/app.js:29171
app.각주를_달려면_먼저_씬을_열어_주세요,각주를 달려면 먼저 씬을 열어 주세요.,1,web/app.js:29184
app.각주를_달_위치를_선택한_뒤_다시_시도해_주,각주를 달 위치를 선택한 뒤 다시 시도해 주세요.,1,web/app.js:29197
app.각주_영역에는_각주를_달_수_없어요_본문에서,각주 영역에는 각주를 달 수 없어요. 본문에서 선택해 주세요.,1,web/app.js:29206
app.각주_달기,각주 달기,1,web/app.js:29214
app.anchorText_에_달_각주_내용을_적,: anchorText}」에 달 각주 내용을 적어 주세요.,1,web/app.js:29216
app.각주_내용을_적어_주세요,각주 내용을 적어 주세요.,1,web/app.js:29217
app.달기,달기,1,web/app.js:29221
app.각주_내용이_비어_있어요,각주 내용이 비어 있어요.,1,web/app.js:29226
app.각주_num_을_를_달았어요,각주 ${num}을(를) 달았어요.,1,web/app.js:29270
app.잘라내기를_지원하지_않는_환경이에요_Ctrl,잘라내기를 지원하지 않는 환경이에요. Ctrl+X를 사용해 주세요.,1,web/app.js:29440
app.복사를_지원하지_않는_환경이에요_Ctrl_C,복사를 지원하지 않는 환경이에요. Ctrl+C를 사용해 주세요.,1,web/app.js:29455
app.붙여넣기를_사용할_수_없어요_Ctrl_V를,붙여넣기를 사용할 수 없어요. Ctrl+V를 사용해 주세요.,1,web/app.js:29639
app.서식을_복사하려면_먼저_문장을_드래그로_선택,서식을 복사하려면 먼저 문장을 드래그로 선택하세요.,1,web/app.js:29681
app.서식을_복사했어요_붙일_문장을_드래그로_선택,서식을 복사했어요. 붙일 문장을 드래그로 선택하면 바로 입혀요. (Esc로 취소),1,web/app.js:29686
app.서식을_붙였어요,서식을 붙였어요.,1,web/app.js:29717
app.먼저_본문에서_서식을_복사할_글을_드래그로,먼저 본문에서 서식을 복사할 글을 드래그로 선택하세요,1,web/app.js:29800
app.설정_문서에서는_회차_북마크를_쓸_수_없어요,설정 문서에서는 회차 북마크를 쓸 수 없어요,1,web/app.js:29814
app.선택_문장_메뉴에서는_사용할_수_없어요,선택 문장 메뉴에서는 사용할 수 없어요,1,web/app.js:29816
app.이_회차_북마크를_해제해요,이 회차 북마크를 해제해요,1,web/app.js:29818
app.북마크하려면_먼저_회차를_열어_주세요,북마크하려면 먼저 회차를 열어 주세요,1,web/app.js:29819
app.상단_북마크_목록에서_이_회차를_빼요,상단 북마크 목록에서 이 회차를 빼요,1,web/app.js:29823
app.설정_문서에서는_회차_내보내기를_쓸_수_없어,설정 문서에서는 회차 내보내기를 쓸 수 없어요,1,web/app.js:29832
app.이_회차만_파일로_내려받아요,이 회차만 파일로 내려받아요,1,web/app.js:29833
app.pendingBaitQuote_slice,"「${pendingBaitQuote.slice(0, 24)}${pendingBaitQuote.length > 24 ? ""…"" : """"}」 사전 검색",1,web/app.js:29839
app.pendingBaitQuote_slice_2,"「${pendingBaitQuote.slice(0, 24)}${pendingBaitQuote.length > 24 ? ""…"" : """"}」 유사 표현 찾기",1,web/app.js:29847
app.선택_문장을_토리_1_1_대화_질문칸에_넣고,선택 문장을 토리 1:1 대화 질문칸에 넣고 팝업으로 열어요,1,web/app.js:29855
app.먼저_본문에서_다듬을_문장을_드래그로_선택하,먼저 본문에서 다듬을 문장을 드래그로 선택하세요,1,web/app.js:29864
app.설정_문서에서는_떡밥_던지기를_쓸_수_없어요,설정 문서에서는 떡밥 던지기를 쓸 수 없어요,1,web/app.js:29872
app.떡밥을_심을_회차를_먼저_열어_주세요_2,떡밥을 심을 회차를 먼저 열어 주세요,1,web/app.js:29874
app.선택_문장을_설정집_떡밥모음에_넣어요,선택 문장을 설정집 떡밥모음에 넣어요,1,web/app.js:29876
app.먼저_본문에서_문장을_드래그로_선택하세요,먼저 본문에서 문장을 드래그로 선택하세요,1,web/app.js:29877
app.각주를_달려면_먼저_문서를_열어_주세요,각주를 달려면 먼저 문서를 열어 주세요,1,web/app.js:29893
app.선택한_문장에_각주를_답니다,선택한 문장에 각주를 답니다,1,web/app.js:29895
app.선택_위치_또는_드래그한_문장_에_각주를_답,선택 위치(또는 드래그한 문장)에 각주를 답니다,1,web/app.js:29896
app.북마크하려면_먼저_회차를_열어_주세요_2,북마크하려면 먼저 회차를 열어 주세요.,1,web/app.js:29981
app.이미지를_넣으려면_먼저_씬을_열어_주세요,이미지를 넣으려면 먼저 씬을 열어 주세요.,1,web/app.js:30013
app.이_UI_테마에는_지정된_테마색이_없어요,이 UI 테마에는 지정된 테마색이 없어요.,1,web/app.js:30050
app.현재_회차에만_직접_고른_페이지_색을_적용했,현재 회차에만 직접 고른 페이지 색을 적용했어요.,1,web/app.js:30068
app.전체_작품_기본으로_직접_고른_페이지_색을,전체 작품 기본으로 직접 고른 페이지 색을 적용했어요.,1,web/app.js:30069
app.여기에_글을_쓰세요,여기에 글을 쓰세요,1,web/app.js:30131
app.먼저_씬을_열어_주세요,먼저 씬을 열어 주세요.,1,web/app.js:30203
app.이미지_파일만_넣을_수_있어요,이미지 파일만 넣을 수 있어요.,1,web/app.js:30205
app.이미지를_넣는_중,이미지를 넣는 중…,1,web/app.js:30224
app.이미지를_넣지_못했어요,이미지를 넣지 못했어요.,1,web/app.js:30233
app.본문_이미지,본문 이미지,1,web/app.js:30240
app.설정_문서에_이미지를_넣었어요_자동_저장됩니,설정 문서에 이미지를 넣었어요. 자동 저장됩니다.,1,web/app.js:30246
app.본문에_이미지를_넣었어요_자동_저장됩니다,본문에 이미지를 넣었어요. 자동 저장됩니다.,1,web/app.js:30247
app.이미지를_읽지_못했어요,이미지를 읽지 못했어요.,1,web/app.js:30257
app.회차_sceneLabel,회차: ${sceneLabel},1,web/app.js:30311
app.아직_파일이_없어요_파일로_PDF_Word,아직 파일이 없어요. + 파일로 PDF·Word·한글·텍스트를 올려 보세요.,1,web/app.js:30389
app.아직_링크가_없어요_링크로_주소를_붙여_두세,아직 링크가 없어요. + 링크로 주소를 붙여 두세요.,1,web/app.js:30391
app.아직_참고_자료가_없어요_링크_또는_파일로,아직 참고 자료가 없어요. + 링크 또는 + 파일로 추가해 보세요.,1,web/app.js:30392
app.p_class_reference_link,"<p class=""reference-link-empty"">${emptyMsg}<br><span class=""hint"">설정집 참고자료에도 함께 저장됩니다.</span></p>",1,web/app.js:30393
app.button_type_button_clas_9,"<button type=""button"" class=""secondary"" data-role=""export-file"" data-export-fmt=""docx"" title=""Word로 내보내기"">DOCX</button>",1,web/app.js:30403
app.자료_제목,자료 제목,1,web/app.js:30409
app.파일_제목,파일 제목,1,web/app.js:30409
app.옆에_펼쳐_보기,옆에 펼쳐 보기,1,web/app.js:30413
app.링크_제목,링크 제목,1,web/app.js:30423
app.링크_주소,링크 주소,1,web/app.js:30424
app.파일_본문을_찾지_못했어요_설정집에서_다시,파일 본문을 찾지 못했어요. 설정집에서 다시 올려 주세요.,1,web/app.js:30462
app.파일_본문을_찾지_못했어요,파일 본문을 찾지 못했어요.,1,web/app.js:30468
app.이_회차_참고_자료에서_뺐어요_설정집_참고자,이 회차 참고 자료에서 뺐어요. 설정집 참고자료에는 그대로 있습니다.,1,web/app.js:30477
app.회차를_연_뒤_참고_자료를_추가해_주세요,회차를 연 뒤 참고 자료를 추가해 주세요.,1,web/app.js:30539
app.파일_처리_실패,파일 처리 실패,1,web/app.js:30577
app.파일을_참고_자료에_넣었어요_설정집에도_함께,파일을 참고 자료에 넣었어요. 설정집에도 함께 저장됐습니다.,1,web/app.js:30609
app.철자_맞춤법,철자 · 맞춤법,1,web/app.js:30754
app.작가_메모_lines_줄,작가 메모 · ${lines}줄,1,web/app.js:30796
app.작가_메모_lines_줄_2,작가 메모 ${lines}줄,1,web/app.js:30797
app.참고_자료_n_개,참고 자료 · ${n}개,1,web/app.js:30842
app.참고_자료_n_개_2,참고 자료 ${n}개,1,web/app.js:30843
app.큰_창_크기로_돌아가기_F11,큰 창 크기로 돌아가기 (F11),1,web/app.js:31028
app.화면_전체를_쓰는_집중_모드_F11,화면 전체를 쓰는 집중 모드 (F11),1,web/app.js:31029
app.스프린트_중에는_원고_화면에서_써_주세요,스프린트 중에는 원고 화면에서 써 주세요.,1,web/app.js:31036
app.전체보기로_전환했어요,전체보기로 전환했어요.,1,web/app.js:31134
app.창_모드로_돌아왔어요,창 모드로 돌아왔어요.,1,web/app.js:31134
app.전체보기_F11,전체보기 (F11),1,web/app.js:31166
app.창_모드_F11,창 모드 (F11),1,web/app.js:31166
app.A4_비율_고정_크기로_확대_축소_스크롤로,A4 비율 고정 · 크기로 확대/축소 · 스크롤로 다음 장 · 편집 불가,1,web/app.js:31225
app.펼친_양면_장_넘김_책_크기_조절_스크롤_없,펼친 양면 · 장 넘김 · 책 크기 조절 · 스크롤 없음 · 편집 불가,1,web/app.js:31226
app.책_넘김_또는_스크롤_글자_바탕_크기_조절,책 넘김 또는 스크롤 · 글자·바탕·크기 조절 · 편집 불가,1,web/app.js:31227
app.책_넘김_또는_스크롤_글자_크기_조절_편집,책 넘김 또는 스크롤 · 글자·크기 조절 · 편집 불가,1,web/app.js:31228
app.ep_index_화_3,"${ep.index || """"}화",1,web/app.js:31351
app.p_class_viewer_empty_sc,"<p class=""viewer-empty-scene"">（본문 없음）</p>",1,web/app.js:31362
app.p_class_hint_목차에_회차가_없습,"<p class=""hint"">목차에 회차가 없습니다. 왼쪽 바인더에서 씬을 추가해 주세요.</p>",1,web/app.js:31394
app.p_class_viewer_empty_sc_2,"<p class=""viewer-empty-scene"">불러오기 실패</p>",1,web/app.js:31401
app.p_class_hint_style_padd,"<p class=""hint"" style=""padding:6px 4px;margin:0"">표시할 회차가 없습니다.</p>",1,web/app.js:31435
app.회차를_누르면_해당_위치로_이동합니다,회차를 누르면 해당 위치로 이동합니다,1,web/app.js:31441
app.다른_회차_선택_시_전체_원고로_전환됩니다,다른 회차 선택 시 전체 원고로 전환됩니다,1,web/app.js:31442
app.p_class_hint_전체_원고를_불러오,"<p class=""hint"">전체 원고를 불러오는 중…</p>",1,web/app.js:31566
app.p_class_hint_원고를_불러오지_못,"<p class=""hint"">원고를 불러오지 못했습니다.</p>",1,web/app.js:31577
app.뷰어_전체_원고_n_화,뷰어 · 전체 원고 (${n}화),1,web/app.js:31588
app.devicePageIndex_1_devic,${devicePageIndex + 1} / ${devicePageCount} 장,1,web/app.js:32057
app.A4_devicePageCount_장_스크롤,A4 ${devicePageCount}장 · 스크롤로 이동,1,web/app.js:32060
app.A4_페이지_label_스크롤_또는_PgDn,A4 페이지 ${label} · 스크롤 또는 ↓/PgDn,1,web/app.js:32063
app.스크롤,스크롤,1,web/app.js:32073
app.아래로_스크롤하여_읽기,아래로 스크롤하여 읽기,1,web/app.js:32074
app.meta_label_mode_스크롤_다운,${meta.label || mode} · 스크롤 다운 · 휠·스와이프로 이동,1,web/app.js:32078
app.페이지_devicePageIndex_1_de,페이지 ${devicePageIndex + 1} / ${devicePageCount},1,web/app.js:32085
app.meta_label_mode_책_넘김_휠,${meta.label || mode} · 책 넘김 · 휠·버튼·스와이프,1,web/app.js:32091
app.넘기는_중,· 넘기는 중,1,web/app.js:32833
app.leftNo_rightNo_쪽_bookSp,${leftNo}–${rightNo} 쪽 · ${bookSpreadIndex + 1}/${bookSpreadCount} 장${flipping},1,web/app.js:32834
app.전체_약_totalLeaves_쪽,전체 약 ${totalLeaves}쪽,1,web/app.js:32835
app.원래_창_크기로,원래 창 크기로,1,web/app.js:32922
app.p_class_hint_spellcheck,"<p class=""hint spellcheck-empty"">${escapeHtml(payload?.message || ""오류가 없습니다."")}</p>",1,web/app.js:33433
app.교정,교정,1,web/app.js:33439
app.이_표현으로_바꾸기,이 표현으로 바꾸기,1,web/app.js:33441
app.span_class_hint_제안_없음_s,"<span class=""hint"">제안 없음</span>",1,web/app.js:33452
app.검사할_편집기가_없어요,검사할 편집기가 없어요.,1,web/app.js:33464
app.검사할_글을_먼저_적어_주세요,검사할 글을 먼저 적어 주세요.,1,web/app.js:33466
app.Gemini_검사기로_검사_중,Gemini 검사기로 검사 중…,1,web/app.js:33473
app.바른한글_검사기에_연결_중,바른한글 검사기에 연결 중…,1,web/app.js:33475
app.맞춤법_검사_중_Gemini_우선,맞춤법 검사 중… (Gemini 우선),1,web/app.js:33476
app.맞춤법_제안_result_error_coun,맞춤법 제안 ${result.error_count}건,1,web/app.js:33489
app.맞춤법_검사_완료,맞춤법 검사 완료,1,web/app.js:33489
app.검사에_실패했습니다,검사에 실패했습니다.,1,web/app.js:33491
app.맞춤법_API를_찾을_수_없습니다_Super,맞춤법 API를 찾을 수 없습니다. SuperTORY(서버) 창을 종료한 뒤 다시 실행해 주세요. 브라우저만 새로고침하면 예전 서버가 그대로 남을 수 있습니다.,1,web/app.js:33494
app.브라우저_철자_밑줄을_켰어요,브라우저 철자 밑줄을 켰어요.,1,web/app.js:33527
app.브라우저_철자_밑줄을_껐어요,브라우저 철자 밑줄을 껐어요.,1,web/app.js:33527
app.본문에서_해당_표현을_찾지_못했어요_직접_고,본문에서 해당 표현을 찾지 못했어요. 직접 고쳐 주세요.,1,web/app.js:33547
app.err_original_suggestion,「${err.original}」→「${suggestion}」로 바꿨어요.,1,web/app.js:33559
app.도구_아이콘을_숨겼어요,도구 아이콘을 숨겼어요.,1,web/app.js:33691
app.요약_칸을_숨겼어요,요약 칸을 숨겼어요.,1,web/app.js:33716
app.기능_바를_숨겼어요,기능 바를 숨겼어요.,1,web/app.js:33717
app.도구를_숨겼어요,도구를 숨겼어요.,1,web/app.js:33718
app.요약_칸을_다시_열었어요,요약 칸을 다시 열었어요.,1,web/app.js:33745
app.기능_바를_다시_열었어요,기능 바를 다시 열었어요.,1,web/app.js:33746
app.도구_아이콘을_다시_열었어요,도구 아이콘을 다시 열었어요.,1,web/app.js:33747
app.목차_안내_폴더_드래그_우클릭,목차 안내 (+폴더 · 드래그 · 우클릭),1,web/app.js:33871
app.설정집_안내_펼치기_폴더_순서,설정집 안내 (펼치기 · 폴더 순서),1,web/app.js:33872
app.생각수첩_보드_안내,생각수첩 보드 안내,1,web/app.js:33873
app.떡밥모음_안내,떡밥모음 안내,1,web/app.js:33874
app.안내,안내,1,web/app.js:33921
app.숨긴_안내_n_개,숨긴 안내 ${n}개,1,web/app.js:33936
app.p_class_hint_trash_empt_5,"<p class=""hint trash-empty"">숨긴 안내가 없어요. 안내 옆 × 로 감출 수 있습니다.</p>",1,web/app.js:33944
app.숨긴_안내가_없어요,숨긴 안내가 없어요.,1,web/app.js:33961
app.숨긴_안내_hiddenGuideTips_si,숨긴 안내 ${hiddenGuideTips.size}개를 모두 다시 표시할까요?,1,web/app.js:33964
app.모든_안내를_다시_표시했습니다,모든 안내를 다시 표시했습니다.,1,web/app.js:33968
app.탐색기에서_열었어요_result_packag,"탐색기에서 열었어요: ${result.package_name || ""작품 파일""}",1,web/app.js:34130
app.폴더_목록_접기,폴더 목록 접기,1,web/app.js:34319
app.폴더_목록_펼치기,폴더 목록 펼치기,1,web/app.js:34319
app.span_class_scene_comple,"<span class=""scene-complete-badge"" title=""완성"" aria-label=""완성"">완</span>",1,web/app.js:34606
app.span_class_scene_bookma,"<span class=""scene-bookmark-slot"" title=""북마크 · ${escapeHtml(bookmarkColorMeta(sceneBm.color).label || """")}""><span class=""scene-bookmark-mark"" style=""--bm-color:${bookmarkColorMeta(sceneBm.color).hex}"" aria-label=""북마크""></span></span>",1,web/app.js:34613
app.span_class_scene_bait_b,"<span class=""scene-bait-badge is-plant"" title=""이 회차에 심은 떡밥이 있어요"" aria-label=""떡밥 심음"">떡</span>",1,web/app.js:34627
app.span_class_scene_bait_b_2,"<span class=""scene-bait-badge is-recover"" title=""이 회차에 떡밥 회수 예정"" aria-label=""떡밥 회수 예정"">떡</span>",1,web/app.js:34630
app.span_class_scene_pin_ba,"<span class=""scene-pin-badge"" title=""상단 고정됨"" aria-label=""상단 고정"">고</span>",1,web/app.js:34634
app.떡밥_심음,떡밥 심음,1,web/app.js:34637
app.떡밥_회수_예정,떡밥 회수 예정,1,web/app.js:34638
app.button_type_button_clas_10,"<button type=""button"" class=""scene-twistie chapter-twistie"" data-toggle-scene=""${sid}"" aria-expanded=""${childExpanded ? ""true"" : ""false""}"" title=""${childExpanded ? ""하위 접기"" : ""하위 펼치기""}""><span class=""twistie-glyph"" aria-hidden=""true""></span></button>",1,web/app.js:34647
app.button_type_button_clas_11,"<button type=""button"" class=""scene-add-btn"" data-add-after-scene=""${sid}"" data-chapter-id=""${chapterId}"" data-parent-scene=""${parentAttr}"" title=""아래에 원고 추가"" aria-label=""아래에 원고 추가"">+</button>",1,web/app.js:34685
app.끌어_원하는_위치에_놓기_위_아래_순서_가,} · 끌어 원하는 위치에 놓기 (위/아래: 순서 · 가운데: 하위),1,web/app.js:34690
app.p_class_hint_part_empty,"<p class=""hint part-empty-hint"">이 폴더가 비어 있어요. 우클릭으로 하위 항목을 추가할 수 있어요.</p>",1,web/app.js:34847
app.escapeHtml_node_title_우,${escapeHtml(node.title)} (우클릭: 이름 바꾸기 · 끌어 이동),1,web/app.js:34859
app.escapeHtml_node_title_폴,${escapeHtml(node.title)} 폴더,1,web/app.js:34861
app.원고_추가,원고 추가,1,web/app.js:34975
app.우클릭_이름_바꾸기_nestedUnderS,} (우클릭: 이름 바꾸기${nestedUnderScene ?,1,web/app.js:34991
app.escapeHtml_chapter_titl,${escapeHtml(chapter.title)} 씬,1,web/app.js:34993
app.p_class_hint_아직_챕터가_없어요,<p class='hint'>아직 챕터가 없어요.<br>위의 + 챕터를 눌러 주세요.</p>,1,web/app.js:35010
app.div_class_outline_ungro,"<div class=""outline-ungrouped-label"">미분류 (최상위 폴더 밖)</div>",1,web/app.js:35052
app.p_class_hint_outline_un,"<p class=""hint outline-ungrouped-empty"">미분류 폴더가 없어요.</p>",1,web/app.js:35059
app.챕터_이름_수정,챕터 이름 수정,1,web/app.js:35244
app.챕터_이름을_바꿨어요,챕터 이름을 바꿨어요.,1,web/app.js:35272
app.폴더를_옮기고_순서를_맞췄어요,폴더를 옮기고 순서를 맞췄어요.,1,web/app.js:35597
app.폴더를_옮겼어요,폴더를 옮겼어요.,1,web/app.js:35601
app.폴더를_안으로_넣었어요,폴더를 안으로 넣었어요.,1,web/app.js:36019
app.폴더_위치를_바꿨어요,폴더 위치를 바꿨어요.,1,web/app.js:36021
app.챕터_순서를_바꿨어요,챕터 순서를 바꿨어요.,1,web/app.js:36038
app.권_부_순서를_바꿨어요,권/부 순서를 바꿨어요.,1,web/app.js:36048
app.span_class_character_li,"<span class=""character-link-analysis"">새 분석</span>",1,web/app.js:36060
app.p_class_hint_아직_인물이_없어요,<p class='hint'>아직 인물이 없어요.<br>+ 캐릭터를 눌러 주세요.</p>,1,web/app.js:36067
app.먼저_왼쪽_위_를_눌러봐요,먼저 왼쪽 위 +를 눌러봐요!,1,web/app.js:36148
app.새_글_쓰기부터_시작하면_돼요,새 글 쓰기부터 시작하면 돼요.,1,web/app.js:36149
app.써_둔_글이_있으면_가져오기도_가능,써 둔 글이 있으면 가져오기도 가능!,1,web/app.js:36150
app.준비되면_같이_써봐요,준비되면 같이 써봐요.,1,web/app.js:36151
app.토리와_함께,토리와 함께,1,web/app.js:36152
app.작품_제목을_적어_주세요,작품 제목을 적어 주세요.,1,web/app.js:36505
app.만드는_중,만드는 중…,1,web/app.js:36519
app.파일_projects_project_pack,파일: projects\\${project.package_name},1,web/app.js:36540
app.새_purposeLabel_purpose_작,"새 ${purposeLabel[purpose] || ""작품""}이 만들어졌어요.${packageNote}",1,web/app.js:36541
app.동화_대상,동화 대상,1,web/app.js:36797
app.장르_분위기,장르·분위기,1,web/app.js:36801
app.원문_언어를_선택해_주세요,원문 언어를 선택해 주세요,1,web/app.js:36816
app.동화_대상을_선택해_주세요,동화 대상을 선택해 주세요,1,web/app.js:36818
app.번역문_언어를_선택해_주세요,번역문 언어를 선택해 주세요,1,web/app.js:36846
app.장르를_선택해_주세요_토리가_학습하는_데_필,장르를 선택해 주세요. 토리가 학습하는 데 필요해요.,1,web/app.js:36866
app.번역문_언어를_선택해_주세요_토리_학습에_필,번역문 언어를 선택해 주세요. 토리 학습에 필요해요.,1,web/app.js:36874
app.서브_장르를_선택해_주세요_토리_학습에_필요,서브 장르를 선택해 주세요. 토리 학습에 필요해요.,1,web/app.js:36875
app.맨_아래,맨 아래,1,web/app.js:36919
app.partLabel_안_첫_폴더,「${partLabel}」 안 (첫 폴더),1,web/app.js:36926
app.partLabel_last_title_마지,"「${partLabel}」 · ${last?.title || ""마지막""} 다음",1,web/app.js:36929
app.partLabel_chapters_0_ti,"「${partLabel}」 · ${chapters[0]?.title || ""첫 폴더""} 앞",1,web/app.js:36932
app.partLabel_before_title,"「${partLabel}」 · ${before?.title || ""?""} / ${after?.title || ""?""} 사이",1,web/app.js:36936
app.삽입_위치_describeChapterIns,삽입 위치: ${describeChapterInsertTarget(pendingChapterInsert)} · + 챕터를 누르면 여기에 추가,1,web/app.js:36948
app.삽입_위치를_취소했어요_클릭_추가는_맨_아래,삽입 위치를 취소했어요. 클릭 추가는 맨 아래에 붙습니다.,1,web/app.js:37146
app.목록_번호를_재정렬_하시겠습니까_br_현재,목록 번호를 재정렬 하시겠습니까?<br>현재 바인더 순서대로 챕터 제목 앞의 순번을 새로 매깁니다.,1,web/app.js:37157
app.챕터_순번을_다시_매겼어요_result_co,챕터 순번을 다시 매겼어요. (${result.count || state.outline.length}개),1,web/app.js:37182
app.조절_모드_목차_위에서_스크롤로_글자_줄간격,조절 모드 · 목차 위에서 스크롤로 글자·줄간격 조절 · 다시 클릭하면 종료,1,web/app.js:37302
app.목차_줄간격_조절_클릭_후_목차에서_스크롤,목차 줄간격 조절 · 클릭 후 목차에서 스크롤,1,web/app.js:37303
app.목차_조절_모드_목록_위에서_스크롤하세요_다,목차 조절 모드 · 목록 위에서 스크롤하세요. 다시 클릭하거나 바깥을 누르면 끝나요.,1,web/app.js:37319
app.목차_조절_모드를_끝냈어요,목차 조절 모드를 끝냈어요.,1,web/app.js:37330
app.더_이상_키울_수_없어요,더 이상 키울 수 없어요.,1,web/app.js:37356
app.더_이상_줄일_수_없어요,더 이상 줄일 수 없어요.,1,web/app.js:37356
app.폴더_folderN_원고_sceneN_클릭,폴더 ${folderN} · 원고 ${sceneN} · 클릭: 한눈에 보기,1,web/app.js:37448
app.p_class_outline_overvie,"<p class=""outline-overview-empty"">작품을 먼저 선택해 주세요.</p>",1,web/app.js:37523
app.p_class_outline_overvie_2,"<p class=""outline-overview-empty"" style=""margin:6px 0"">하위 폴더 없음</p>",1,web/app.js:37534
app.div_class_outline_overv,"<div class=""outline-overview-ungrouped-label"">미분류</div>",1,web/app.js:37546
app.p_class_outline_overvie_3,"<p class=""outline-overview-empty"">아직 목차가 비어 있어요.<br>+ 챕터로 폴더를 만들어 보세요.</p>",1,web/app.js:37551
app.숨길_개수_표시를_찾지_못했어요,숨길 개수 표시를 찾지 못했어요.,1,web/app.js:37712
app.상위_원고를_찾지_못했어요,상위 원고를 찾지 못했어요.,1,web/app.js:37793
app.선택한_원고,선택한 원고,1,web/app.js:37795
app.parentLabel_원고_아래에_만들어집,「${parentLabel}」 원고 아래에 만들어집니다.,1,web/app.js:37798
app.원고_아래_폴더를_만들었어요,원고 아래 폴더를 만들었어요.,1,web/app.js:37816
app.위치_describeChapterInsert,"위치: ${describeChapterInsertTarget({ partId, index: insertIndex })}",1,web/app.js:37836
app.폴더_partTitle_안에_추가됩니다,"폴더 「${partTitle || """"}」 안에 추가됩니다.",1,web/app.js:37837
app.partTitle_폴더_안에_폴더를_넣었어,"「${partTitle || ""폴더""}」 안에 폴더를 넣었어요.",1,web/app.js:37858
app.선택한_위치에_폴더를_넣었어요,선택한 위치에 폴더를 넣었어요.,1,web/app.js:37859
app.목록_번호를_재정렬_하시겠습니까_br,목록 번호를 재정렬 하시겠습니까?<br>,1,web/app.js:37863
app.중간에_폴더를_넣었으므로_현재_바인더_순서대,"중간에 폴더를 넣었으므로, 현재 바인더 순서대로 제목 앞 순번을 다시 맞출 수 있습니다.",1,web/app.js:37864
app.상위_폴더_상자가_만들어지고_그_안에_원고를,"상위 폴더 상자가 만들어지고, 그 안에 원고를 둘 하위 폴더가 생깁니다.",1,web/app.js:37875
app.name_폴더를_만들었어요_옆_로_원고를,「${name}」 폴더를 만들었어요. 옆 + 로 원고를 추가하세요.,1,web/app.js:37894
app.이_폴더를_새_상위_폴더_상자_안으로_넣습니,이 폴더를 새 상위 폴더 상자 안으로 넣습니다.,1,web/app.js:37904
app.여러_하위_폴더를_묶는_상위_폴더_상자입니다,여러 하위 폴더를 묶는 상위 폴더 상자입니다.,1,web/app.js:37905
app.상위_폴더_만들기,상위 폴더 만들기,1,web/app.js:37907
app.상위_폴더_이름,상위 폴더 이름,1,web/app.js:37909
app.result_title_title_상자를,「${result.title || title}」 상자를 만들고 폴더를 넣었어요.,1,web/app.js:37925
app.result_title_title_상위_폴,「${result.title || title}」 상위 폴더를 만들었어요.,1,web/app.js:37926
app.아직_상위_폴더가_없어요_지금_만들고_이_폴,아직 상위 폴더가 없어요. 지금 만들고 이 폴더를 넣을까요?,1,web/app.js:37935
app.옮길_상위_폴더를_숫자로_고르세요,옮길 상위 폴더를 숫자로 고르세요.,1,web/app.js:37942
app.0_미분류_상위_폴더_밖,0 = 미분류 (상위 폴더 밖),1,web/app.js:37943
app.상위_폴더로_옮기기,상위 폴더로 옮기기,1,web/app.js:37950
app.옮기기,옮기기,1,web/app.js:37954
app.올바른_번호를_입력해_주세요,올바른 번호를 입력해 주세요.,1,web/app.js:37959
app.상위_폴더,상위 폴더,1,web/app.js:37974
app.result_title_폴더_를_dest,"「${result.title || ""폴더""}」를 ${dest}(으)로 옮겼어요.",1,web/app.js:37975
app.label_상위_폴더와_안의_하위_폴더_c,「${label}」 상위 폴더와 안의 하위 폴더 ${chapterCount}개,1,web/app.js:37990
app.원고_sceneCount_개,(원고 ${sceneCount}개),1,web/app.js:37991
app.를_휴지통에_버리시겠습니까_안의_원고도_함께,를 휴지통에 버리시겠습니까?  안의 원고도 함께 버려집니다.,1,web/app.js:37992
app.label_상위_폴더를_휴지통에_버리시겠습,「${label}」 상위 폴더를 휴지통에 버리시겠습니까?,1,web/app.js:37993
app.label_폴더와_하위_n_개를_휴지통으로,「${label}」 폴더와 하위 ${n}개를 휴지통으로 옮겼어요.,1,web/app.js:38004
app.권_부_이름_수정,권/부 이름 수정,1,web/app.js:38021
app.권_부_이름을_바꿨어요,권/부 이름을 바꿨어요.,1,web/app.js:38044
app.아래에_원고_추가,아래에 원고 추가,1,web/app.js:38086
app.선택한_원고_바로_아래에_새_원고를_만들어요,선택한 원고 바로 아래에 새 원고를 만들어요.,1,web/app.js:38088
app.선택한_원고의_하위로_만들어집니다,선택한 원고의 하위로 만들어집니다.,1,web/app.js:38089
app.아래에_원고를_추가했어요,아래에 원고를 추가했어요.,1,web/app.js:38116
app.하위_원고를_만들었어요,하위 원고를 만들었어요.,1,web/app.js:38118
app.새_씬이_준비됐어요_가운데에_글을_써_보세요,새 씬이 준비됐어요. 가운데에 글을 써 보세요.,1,web/app.js:38119
app.토리가_작가님의_첫_문장을_기다리고_있어요,토리가 작가님의 첫 문장을 기다리고 있어요.,1,web/app.js:38125
app.첫_문장을_떼지_못해_고민_중인_작가를_위해,"첫 문장을 떼지 못해 고민 중인 작가를 위해, 실제 웹소설 흥행 공식에 맞춘 '첫 문장 아이디어' 6가지를 제안해 주세요.",1,web/app.js:38208
app.작성_원칙,[작성 원칙],1,web/app.js:38210
app.1_지루하고_긴_풍경_설명은_금지하며_독자의,"1. 지루하고 긴 풍경 설명은 금지하며, 독자의 탭 닫기를 방지하는 강렬한 후킹 요소를 담아야 한다.",1,web/app.js:38211
app.2_기존_작품_정보_장르_시놉시스_캐릭터_가,"2. 기존 작품 정보(장르, 시놉시스, 캐릭터)가 있다면 적극 반영하라.",1,web/app.js:38212
app.3_장르와_맞지_않는_억지스러운_요소를_넣지,3. 장르와 맞지 않는 억지스러운 요소를 넣지 마라. (예: 일반 현대물/스포츠물에 억지로 회빙환 설정을 억지로 섞는 행위 절대 금지),1,web/app.js:38213
app.4_결과는_아래_JSON_스키마_그대로만_반,"4. 결과는 아래 JSON 스키마 그대로만 반환하라. 코드블록 표시(```), 설명, 그 외 텍스트는 절대 포함하지 마라.",1,web/app.js:38214
app.6가지_실전_카테고리_가이드_type_값은,"[6가지 실전 카테고리 가이드 — type 값은 그대로, label·text는 이야기에 맞게 새로 작성]",1,web/app.js:38216
app.1_concept_direct_핵심_설정_세,"1. concept_direct (핵심 설정·세계관 직진형): 회빙환, 특수능력, 특수직업, 독특한 세계관, 주요 상황/계약 등 작품의 핵심 설정을 첫 줄에 바로 내던지는 문장.",1,web/app.js:38217
app.2_in_media_res_사건_한복판_대사,2. in_media_res (사건 한복판 대사형): 긴장감 높은 상황의 인물 대사/독백으로 현장감을 부여하는 문장.,1,web/app.js:38218
app.3_absurd_dilemma_황당_딜레마,3. absurd_dilemma (황당 딜레마·목표형): 주인공이 처한 절박하거나 어처구니없는 상황/목표를 제시하는 문장.,1,web/app.js:38219
app.4_emotional_atmosphere_감,4. emotional_atmosphere (감성·복선 묘사형): 복선과 텐션이 담긴 정서적 분위기를 은유하는 문장.,1,web/app.js:38220
app.5_inner_monologue_인물_내면,5. inner_monologue (인물 내면 독백형): 캐릭터의 성격과 독특한 가치관이 드러나는 독백 문장.,1,web/app.js:38221
app.6_action_tension_긴박한_사건,6. action_tension (긴박한 사건 상황형): 설명 없이 바로 맞닥뜨린 대치/사건 상황을 연출하는 문장.,1,web/app.js:38222
app.JSON_스키마_정확히_이_형태로만_반환,[JSON 스키마 — 정확히 이 형태로만 반환],1,web/app.js:38224
app.notice_이_6가지는_키워드와_줄거리만,"""notice"": ""이 6가지는 키워드와 줄거리만으로 만든 방향성 아이디어이며 실제 시점·어투와 다를 수 있으니 문장보다는 방향을 참고하라는 취지의 한국어 안내 문장 1개(이모지 1개 포함 가능)"",",1,web/app.js:38226
app.type_concept_direct_lab,"{""type"":""concept_direct"",""label"":""이모지 1개 + 한글 라벨"",""text"":""제안 문장""},",1,web/app.js:38228
app.type_in_media_res_label,"{""type"":""in_media_res"",""label"":""이모지 1개 + 한글 라벨"",""text"":""제안 문장""},",1,web/app.js:38229
app.type_absurd_dilemma_lab,"{""type"":""absurd_dilemma"",""label"":""이모지 1개 + 한글 라벨"",""text"":""제안 문장""},",1,web/app.js:38230
app.type_emotional_atmosphe,"{""type"":""emotional_atmosphere"",""label"":""이모지 1개 + 한글 라벨"",""text"":""제안 문장""},",1,web/app.js:38231
app.type_inner_monologue_la,"{""type"":""inner_monologue"",""label"":""이모지 1개 + 한글 라벨"",""text"":""제안 문장""},",1,web/app.js:38232
app.type_action_tension_lab,"{""type"":""action_tension"",""label"":""이모지 1개 + 한글 라벨"",""text"":""제안 문장""}",1,web/app.js:38233
app.문장을_만들지_못했어요_다시_시도해_주세요,문장을 만들지 못했어요. 다시 시도해 주세요.,1,web/app.js:38341
app.이번_회차_본문을_분석해_소제목_4가지를_추,이번 회차 본문을 분석해 소제목 4가지를 추천해요,1,web/app.js:38396
app.36화,36화.,1,web/app.js:38405
app.외전_3화,외전 3화.,1,web/app.js:38411
app.외전_3,외전 3.,1,web/app.js:38413
app.외전_3_2,외전 3),1,web/app.js:38414
app.프롤로그,프롤로그.,1,web/app.js:38415
app.프롤로그_2,프롤로그),1,web/app.js:38416
app.프롤로그_3,프롤로그,1,web/app.js:38417
app.잠시_후_다시_시도해주세요,잠시 후 다시 시도해주세요.,1,web/app.js:38523
app.소제목이_적용됐어요,소제목이 적용됐어요,1,web/app.js:38564
app.복사했어요_2,복사했어요,1,web/app.js:38570
app.1권,1권,1,web/app.js:38608
app.1부,1부,1,web/app.js:38612
app.1화_본문제목,1화. 본문제목,1,web/app.js:38616
app.title_를_하위_원고로_옮겼어요,「${title}」를 하위 원고로 옮겼어요.,1,web/app.js:38649
app.title_위치를_바꿨어요,「${title}」 위치를 바꿨어요.,1,web/app.js:38651
app.씬_t_sceneId,씬 #${t.sceneId},1,web/app.js:38929
app.아직_요약하기엔_짧아요_100자까지_rema,아직 요약하기엔 짧아요. 100자까지 ${remaining}자 더 필요해요.,1,web/app.js:39017
app.이_글은,이 글은,1,web/app.js:39049
app.다음_화를_보고_싶게_만드는_힘,다음 화를 보고 싶게 만드는 힘,1,web/app.js:39181
app.이_점수를_준_이유_2문장_이내,이 점수를 준 이유 2문장 이내,1,web/app.js:39194
app.그가_문을_열었을_때_거기_있던_건,"그가 문을 열었을 때, 거기 있던 건...",1,web/app.js:39212
app.c_name_성격_말투_c_personal,- ${c.name}: 성격/말투 - ${c.personality}. 현재 상태 - ${c.currentFacts},1,web/app.js:39244
app.이_대화가_캐릭터답게_성립하는지,이 대화가 캐릭터답게 성립하는지,1,web/app.js:39256
app.작가가_제공한_줄거리_개요_시작부터_결말까,[작가가 제공한 줄거리 개요 - 시작부터 결말까지] ${outlineSummary},1,web/app.js:39274
app.작가가_제공한_줄거리_개요_제공되지_않음,"[작가가 제공한 줄거리 개요] (제공되지 않음 - 지금까지 쓰인 원고만 근거로 작성하며, 결말 관련 내용은 추측하지 않고 빈 부분으로 남긴다)",1,web/app.js:39275
app.시놉시스는_synopsisLengthLimi,시놉시스는 ${synopsisLengthLimit}자 이내로 작성한다.,1,web/app.js:39278
app.시놉시스_길이_제한은_없다_내용을_충분히_전,시놉시스 길이 제한은 없다. 내용을 충분히 전달할 수 있는 분량으로 작성한다.,1,web/app.js:39279
app.작품의도는_intentLengthLimit,작품의도는 ${intentLengthLimit}자 이내로 작성한다.,1,web/app.js:39282
app.작품의도_길이_제한은_없다_1_2문단_정도로,작품의도 길이 제한은 없다. 1~2문단 정도로 작성한다.,1,web/app.js:39283
app.문제,문제,1,web/app.js:39356
app.해_보여요,~해 보여요,1,web/app.js:39357
app.일_수_있어요,~일 수 있어요,1,web/app.js:39357
app.이곳은_한_곳이다,이곳은 ~한 곳이다,1,web/app.js:39400
app.누적_맥락_없음,(누적 맥락 없음),1,web/app.js:39430
app.이_회차에서_일어난_핵심_사건_100자_내외,이 회차에서 일어난 핵심 사건 (100자 내외),1,web/app.js:39437
app.등장한_인물_이름들,등장한 인물 이름들,1,web/app.js:39438
app.이_회차에서_새로_확립된_설정이_있다면_나열,"이 회차에서 새로 확립된 설정이 있다면 나열, 없으면 빈 배열",1,web/app.js:39439
app.이_회차에서_새로_생긴_복선_떡밥_없으면_빈,"이 회차에서 새로 생긴 복선/떡밥, 없으면 빈 배열",1,web/app.js:39440
app.이_회차에서_회수된_복선_떡밥_없으면_빈_배,"이 회차에서 회수된 복선/떡밥, 없으면 빈 배열",1,web/app.js:39441
app.신체상태,신체상태,1,web/app.js:39454
app.소지품,소지품,1,web/app.js:39454
app.관계,관계,1,web/app.js:39454
app.복선,복선,1,web/app.js:39454
app.해당하는_인물_이름,해당하는 인물 이름,1,web/app.js:39455
app.구체적으로_무엇에_대한_것인지_예_오른팔_검,"구체적으로 무엇에 대한 것인지 (예: '오른팔', '검')",1,web/app.js:39456
app.현재_상태_값_예_부상당함_분실함,"현재 상태/값 (예: '부상당함', '분실함')",1,web/app.js:39457
app.이_사실의_근거가_되는_원문_부분을_15단어,이 사실의 근거가 되는 원문 부분을 15단어 이내로 짧게,1,web/app.js:39458
app.새로_생긴_것,새로 생긴 것,1,web/app.js:39465
app.이미_있던_것,이미 있던 것,1,web/app.js:39465
app.현재_회차_안의_반복_표현과_앞뒤_인근_회차,"현재 회차 안의 반복 표현과, 앞뒤 인근 회차(±4)와 겹치는 설명을 찾아",1,web/app.js:39498
app.사실과_짧은_관찰만_전달하세요_고치라고_지시,사실과 짧은 관찰만 전달하세요. 고치라고 지시하지 마세요.,1,web/app.js:39499
app.모드_떡밥_복선_탐색기_단서_심기_추적,[모드: 떡밥·복선 탐색기 — 단서 심기 추적],1,web/app.js:39502
app.이_모드는_반전_개연성_검사가_아닙니다_반전,이 모드는 반전 개연성 검사가 아닙니다. 「반전 요약」「개연성 평가」「충격도」 형식으로 쓰지 마세요.,1,web/app.js:39503
app.등록된_복선_단서를_하나도_빠짐없이_전부_체,"등록된 복선 단서를 하나도 빠짐없이 전부 체크하고,",1,web/app.js:39504
app.등록되지_않은_잠재_복선_후보와_인덱스의_미,등록되지 않은 잠재 복선 후보와 인덱스의 미등록 미회수 떡밥도 알려주세요.,1,web/app.js:39505
app.필수_출력_형식_등록된_단서_체크_토리가_포,필수 출력 형식: ## 등록된 단서 체크 / ## 토리가 포착한 잠재적 복선 후보 /,1,web/app.js:39506
app.등록_안_된_미회수_떡밥_보강_제안,## 등록 안 된 미회수 떡밥 / ## 보강 제안,1,web/app.js:39507
app.모드_반전_개연성_검사기_반전_설득력_평가,[모드: 반전 & 개연성 검사기 — 반전 설득력 평가],1,web/app.js:39509
app.이_모드는_떡밥_복선_탐색기가_아닙니다_등록,이 모드는 떡밥·복선 탐색기가 아닙니다. 「등록된 단서 체크」「잠재적 복선 후보」 체크리스트를 만들지 마세요.,1,web/app.js:39510
app.등록된_복선_빌드업과_프로젝트_누적_정보_인,등록된 복선 빌드업과 프로젝트 누적 정보(인덱스)를 근거로,1,web/app.js:39511
app.현재_원고의_반전_폭로가_설득력_있게_지지되,현재 원고의 반전/폭로가 설득력 있게 지지되는지 평가하세요. 근거가 부족하면 그렇다고 명시하세요.,1,web/app.js:39512
app.필수_출력_형식_반전_요약_개연성_평가_충격,필수 출력 형식: ## 반전 요약 / ## 개연성 평가 / ## 충격도·설득력 / ## 보강 제안 (2가지),1,web/app.js:39513
app.원고의_세계관_캐릭터_일관성_붕괴를_점검하세,원고의 세계관·캐릭터 일관성 붕괴를 점검하세요.,1,web/app.js:39516
app.여러_회차_원고의_세계관_캐릭터_일관성_붕괴,여러 회차 원고의 세계관·캐릭터 일관성 붕괴를 회차별로 점검하세요.,1,web/app.js:39519
app.지정한_대상에_대해_이_작품의_장르_세계관,지정한 대상에 대해 이 작품의 장르·세계관·문체에 맞는 묘사 문장을 제안하세요.,1,web/app.js:39521
app.현재_회차를_편집자_독자_관점에서_분석해_균,현재 회차를 편집자·독자 관점에서 분석해 균형 잡힌 피드백을 주세요.,1,web/app.js:39523
app.연속된_여러_회차를_한_흐름으로_보고_편집자,연속된 여러 회차를 한 흐름으로 보고 편집자·독자 관점에서 피드백을 주세요.,1,web/app.js:39525
app.현재_회차_흐름에서_자연스럽게_이어질_다음,현재 회차 흐름에서 자연스럽게 이어질 다음 전개 아이디어를 제안하세요.,1,web/app.js:39527
app.직전_회차와_이미_작성된_다음_회차_시작부를,"직전 회차와 이미 작성된 다음 회차 시작부를 보고, 시작 평가와 대체 전개 아이디어를 제안하세요.",1,web/app.js:39529
app.현재_회차를_바탕으로_작품을_확장할_아이디어,현재 회차를 바탕으로 작품을 확장할 아이디어를 넓게 브레인스토밍하세요.,1,web/app.js:39531
app.현재_회차와_이미_작성된_다음_회차를_참고해,현재 회차와 이미 작성된 다음 회차를 참고해 작품을 확장할 아이디어를 브레인스토밍하세요.,1,web/app.js:39533
app.추적_대상_사실_JSON_stringify,추적 대상 사실: ${JSON.stringify(trackedFacts)},1,web/app.js:39557
app.특히_놓치지_않아야_할_요인_must_joi,"특히 놓치지 않아야 할 요인: ${must.join("", "")}",1,web/app.js:39629
app.이_작품에_흥행_프로파일을_연결했어요_도우미,이 작품에 흥행 프로파일을 연결했어요. 도우미에서 「흥행 공식 참고」를 켤 수 있어요.,1,web/app.js:39717
app.흥행_프로파일_연결을_해제했어요,흥행 프로파일 연결을 해제했어요.,1,web/app.js:39718
app.작품을_선택하면_연결_상태를_볼_수_있어요,작품을 선택하면 연결 상태를 볼 수 있어요.,1,web/app.js:39763
app.작품을_선택하면_연결할_수_있어요,작품을 선택하면 연결할 수 있어요,1,web/app.js:39768
app.연결됨_strong_escapeHtml_ti,"연결됨: <strong>${escapeHtml(title)}</strong> <span class=""linked-success-id"">(#${linkedId})</span>",1,web/app.js:39783
app.연결됨_strong_linkedId_stro,"연결됨: <strong>#${linkedId}</strong> <span class=""hint"">(상세를 불러오지 못했어요)</span>",1,web/app.js:39791
app.프로파일_linkedId,프로파일 #${linkedId},1,web/app.js:39796
app.연결된_프로파일이_없어요_스페셜_기능_흥행,"연결된 프로파일이 없어요. 스페셜 기능 › 흥행 공식 분석에서 만들거나, 아래에서 선택해 연결하세요.",1,web/app.js:39799
app.연결된_프로파일_없음_흥행_공식_분석에서_만,연결된 프로파일 없음 · 흥행 공식 분석에서 만들기,1,web/app.js:39809
app.option_value_linkedId_다,"<option value="""">${linkedId ? ""다른 프로파일로 변경…"" : ""프로파일 선택…""}</option>",1,web/app.js:39818
app.option_value_프로파일_선택_op,"<option value="""">프로파일 선택…</option>",1,web/app.js:39834
app.연결된_프로파일이_없어요,연결된 프로파일이 없어요.,1,web/app.js:39854
app.이_작품에서_흥행_프로파일_연결을_해제할까요,이 작품에서 흥행 프로파일 연결을 해제할까요?,1,web/app.js:39855
app.작품에_등장하는_인물_이름들,작품에 등장하는 인물 이름들,1,web/app.js:40016
app.확립된_세계관_설정_규칙,확립된 세계관·설정 규칙,1,web/app.js:40017
app.시간순_핵심_사건_요약,시간순 핵심 사건 요약,1,web/app.js:40018
app.아직_회수되지_않은_복선_떡밥,아직 회수되지 않은 복선/떡밥,1,web/app.js:40019
app.신체상태_소지품_관계_복선,신체상태 | 소지품 | 관계 | 복선,1,web/app.js:40022
app.인물_이름,인물 이름,1,web/app.js:40023
app.대상_예_오른팔_검,"대상 (예: 오른팔, 검)",1,web/app.js:40024
app.현재_값,현재 값,1,web/app.js:40025
app.이_값이_확정된_회차_번호,이 값이 확정된 회차 번호,1,web/app.js:40026
app.이전_값,이전 값,1,web/app.js:40027
app.몇_화,몇 화,1,web/app.js:40027
app.좋아요,좋아요,1,web/app.js:40185
app.잘_쓰셨어요,잘 쓰셨어요,1,web/app.js:40185
app.별로예요,별로예요,1,web/app.js:40185
app.반드시_이렇게_고쳐야_한다,반드시 이렇게 고쳐야 한다,1,web/app.js:40248
app.어떤_방향이든_편하게_골라주시면_이어서_함께,어떤 방향이든 편하게 골라주시면 이어서 함께 다듬어볼게요.,1,web/app.js:40361
app.작가가_지정한_주제_userTopic_에,"[작가가 지정한 주제] ""${userTopic}""에 대해 집중적으로 브레인스토밍한다.",1,web/app.js:40379
app.이번_구간에서는_설정과_어긋나는_지점이_발견,이번 구간에서는 설정과 어긋나는 지점이 발견되지 않았습니다.,1,web/app.js:40536
app.이_회차에서는_설정과_어긋나는_지점이_발견되,이 회차에서는 설정과 어긋나는 지점이 발견되지 않았습니다.,1,web/app.js:40602
app.6_사용자가_다음_방향에_대해_다음과_같은,"6. 사용자가 다음 방향에 대해 다음과 같은 힌트를 주었다면 반영한다: ""${userHint}""",1,web/app.js:40661
app.이어서_작성하면,이어서 작성하면,1,web/app.js:40665
app.다음은_이어지는_내용입니다,다음은 이어지는 내용입니다,1,web/app.js:40665
app.로_보입니다,~로 보입니다,1,web/app.js:40690
app.다듬을_필요_없음,다듬을 필요 없음,1,web/app.js:40744
app.틀렸다,틀렸다,1,web/app.js:40746
app.이미_좋은_문장이에요,이미 좋은 문장이에요,1,web/app.js:40896
app.대안_표현_클릭해_선택,대안 표현 (클릭해 선택),1,web/app.js:40897
app.원문은_이미_충분해요_바꾸고_싶을_때만_아래,원문은 이미 충분해요. 바꾸고 싶을 때만 아래 대안을 고른 뒤 반영하세요.,1,web/app.js:40898
app.다듬기_제안,다듬기 제안,1,web/app.js:40952
app.직접_수정하며_재작성_하시겠어요_그대로_쓰신,직접 수정하며 재작성 하시겠어요? 그대로 쓰신다면 작가님의 문체와,1,web/app.js:40983
app.잘_어우러지는지_별도_검사를_추천합니다,잘 어우러지는지 별도 검사를 추천합니다.,1,web/app.js:40984
app.스며듦_검사_중,스며듦 검사 중…,1,web/app.js:41044
app.스며듦_검사_중_별도_호출_잠시만_기다려_주,스며듦 검사 중… (별도 호출 · 잠시만 기다려 주세요),1,web/app.js:41048
app.스며듦_검사_완료,스며듦 검사 완료,1,web/app.js:41073
app.이미_스며듦_검사를_진행_중이에요,이미 스며듦 검사를 진행 중이에요.,1,web/app.js:41085
app.스며듦_검사에_필요한_기준_비교_텍스트가_없,스며듦 검사에 필요한 기준·비교 텍스트가 없어요.,1,web/app.js:41103
app.스며듦_검사가_끝났어요,스며듦 검사가 끝났어요.,1,web/app.js:41139
app.스며듦_검사에_실패했어요_다시_시도해_주세요,스며듦 검사에 실패했어요. 다시 시도해 주세요.,1,web/app.js:41142
app.span_class_rewrite_alt,"<span class=""rewrite-alt-label"">대안 ${i + 1}</span>",1,web/app.js:41323
app.원문은_이미_충분해요_대안을_골라_보세요,원문은 이미 충분해요. 대안을 골라 보세요.,1,web/app.js:41354
app.직접_쓴_문장의_표현_점검_결과예요_원고_위,직접 쓴 문장의 표현 점검 결과예요. 원고 위치가 없어 복사만 할 수 있어요.,1,web/app.js:41363
app.원문은_이미_충분해요_바꾸고_싶을_때만_대안,원문은 이미 충분해요. 바꾸고 싶을 때만 대안을 고른 뒤 반영하세요.,1,web/app.js:41365
app.선택한_대안_표현_수정_가능,선택한 대안 표현 (수정 가능),1,web/app.js:41377
app.복사하기,복사하기,1,web/app.js:41392
app.적용할_다듬은_결과가_없어요,적용할 다듬은 결과가 없어요.,1,web/app.js:41417
app.반영하려면_원고_또는_설정_문서를_열어_주세,반영하려면 원고 또는 설정 문서를 열어 주세요.,1,web/app.js:41423
app.편집기에_넣지_못해_결과를_복사해_두었어요,편집기에 넣지 못해 결과를 복사해 두었어요. 직접 붙여 넣어 주세요.,1,web/app.js:41480
app.선택_구간을_찾지_못해_결과를_복사해_두었어,선택 구간을 찾지 못해 결과를 복사해 두었어요. 직접 붙여 넣어 주세요.,1,web/app.js:41481
app.다듬은_문장으로_바꿨어요_자동_저장됩니다,다듬은 문장으로 바꿨어요. 자동 저장됩니다.,1,web/app.js:41493
app.이_정도_분량은_다듬기보다_새로_쓰는_쪽에,이 정도 분량은 다듬기보다 새로 쓰는 쪽에 가까워요. 이어서 쓰기나 피드백 요청을 이용해 주세요.,1,web/app.js:41554
app.이미_문장을_다듬고_있어요,이미 문장을 다듬고 있어요.,1,web/app.js:41581
app.표현을_점검_다듬는_중,표현을 점검·다듬는 중…,1,web/app.js:41623
app.선택_문장을_다듬는_중,선택 문장을 다듬는 중…,1,web/app.js:41624
app.원문_selectedText_결과_poli,【원문】 ${selectedText}  【결과】 ${polished},1,web/app.js:41693
app.다듬기_응답이_비어_있어요,다듬기 응답이 비어 있어요.,1,web/app.js:41703
app.이미_자연스러운_문장으로_보여요_필요하면_복,이미 자연스러운 문장으로 보여요 · 필요하면 복사하세요.,1,web/app.js:41706
app.이미_좋은_문장으로_보여요_대안을_고르거나,이미 좋은 문장으로 보여요 · 대안을 고르거나 유지하세요.,1,web/app.js:41707
app.표현_점검_완료_복사해_쓰실_수_있어요,표현 점검 완료 · 복사해 쓰실 수 있어요.,1,web/app.js:41710
app.다듬기_제안이_왔어요_대체_복사_유지_중_골,다듬기 제안이 왔어요 · 대체·복사·유지 중 골라 주세요.,1,web/app.js:41711
app.다듬기_방향을_적은_뒤_다듬기_를_눌러_주세,다듬기 방향을 적은 뒤 「다듬기」를 눌러 주세요.,1,web/app.js:41751
app.복사할_결과가_없어요,복사할 결과가 없어요.,1,web/app.js:41762
app.원문을_그대로_유지했어요,원문을 그대로 유지했어요.,1,web/app.js:41775
app.이미_요약을_만들고_있어요,이미 요약을 만들고 있어요.,1,web/app.js:41814
app.먼저_목차에서_씬을_열어_주세요,먼저 목차에서 씬을 열어 주세요.,1,web/app.js:41822
app.이미_요약이_있어요_토리가_새로_쓴_요약으로,이미 요약이 있어요. 토리가 새로 쓴 요약으로 바꿀까요?,1,web/app.js:41835
app.토리가_본문을_요약하는_중,토리가 본문을 요약하는 중,1,web/app.js:41851
app.토리야_요약해_줘_본문_요약_요약_칸,토리야 요약해 줘 (본문 요약 → 요약 칸),1,web/app.js:41856
app.본문을_요약하는_중,본문을 요약하는 중…,1,web/app.js:41857
app.토리가_요약을_요약_칸에_넣었어요,토리가 요약을 요약 칸에 넣었어요.,1,web/app.js:41886
app.요약_응답이_비어_있어요_다시_시도해_주세요,요약 응답이 비어 있어요. 다시 시도해 주세요.,1,web/app.js:41888
app.p_class_synopsis_list_e,"<p class=""synopsis-list-empty"">작품을 먼저 선택해 주세요.</p>",1,web/app.js:41928
app.p_class_synopsis_list_e_2,"<p class=""synopsis-list-empty"">아직 회차가 없어요. 목차에서 씬을 만들어 보세요.</p>",1,web/app.js:41933
app.요약_없음_2,요약 없음,1,web/app.js:41940
app.ep_index_화_ep_shortLabe,${ep.index}화 ${ep.shortLabel || raw},1,web/app.js:42035
app.이전_회차_prev_label,이전 회차: ${prev.label},1,web/app.js:42130
app.이전_회차_없음,이전 회차 없음,1,web/app.js:42130
app.다음_회차_next_label,다음 회차: ${next.label},1,web/app.js:42134
app.다음_회차_없음,다음 회차 없음,1,web/app.js:42134
app.씬을_열_수_없어요,씬을 열 수 없어요.,1,web/app.js:42298
app.서버에_연결할_수_없어_이_기기에_보관된_원,서버에 연결할 수 없어 이 기기에 보관된 원고를 열었습니다.,1,web/app.js:42359
app.오프라인_보관본_연결_시_동기화,오프라인 보관본 — 연결 시 동기화,1,web/app.js:42386
app.대립,대립,1,web/app.js:42465
app.등장_인물_n_명_연결됨,등장 인물 · ${n}명 연결됨,1,web/app.js:42502
app.등장_인물_n_명,등장 인물 ${n}명,1,web/app.js:42503
app.name_이_회차에_연결,${name} 이 회차에 연결,1,web/app.js:42533
app.인물_설정_열기,인물 설정 열기,1,web/app.js:42536
app.인물_povId,인물 #${povId},1,web/app.js:42559
app.연결_n_명_인물을_체크한_뒤_저장하세요,연결 ${n}명 · 인물을 체크한 뒤 저장하세요.,1,web/app.js:42618
app.체크한_등장_인물_시점_연결을_이_회차에_저,체크한 등장 인물·시점 연결을 이 회차에 저장합니다,1,web/app.js:42626
app.저장할_변경이_없어요,저장할 변경이 없어요,1,web/app.js:42627
app.저장됨_이_회차에_n_명_연결,저장됨 · 이 회차에 ${n}명 연결,1,web/app.js:42691
app.저장됨_연결된_인물_없음,저장됨 · 연결된 인물 없음,1,web/app.js:42691
app.등장_인물_n_명을_이_회차에_저장했어요,등장 인물 ${n}명을 이 회차에 저장했어요.,1,web/app.js:42694
app.이_회차_인물_연결을_저장했어요_연결된_인물,이 회차 인물 연결을 저장했어요. (연결된 인물 없음),1,web/app.js:42694
app.이_회차에_인물_연결,이 회차에 인물 연결,1,web/app.js:42724
app.새_인물_이름을_적으면_만들고_이_회차에_연,"새 인물 이름을 적으면 만들고, 이 회차에 연결한 뒤 인물 작성 페이지로 이동합니다.",1,web/app.js:42725
app.만들고_작성하기,만들고 작성하기,1,web/app.js:42728
app.인물을_만들지_못했어요_다시_시도해_주세요,인물을 만들지 못했어요. 다시 시도해 주세요.,1,web/app.js:42738
app.displayName_을_를_만들고_이_회,「${displayName}」을(를) 만들고 이 회차에 연결했어요. 인물 설정을 적어 보세요.,1,web/app.js:42757
app.연결이_불안정해_이_기기에_원고를_보관했어요,연결이 불안정해 이 기기에 원고를 보관했어요. 연결되면 자동으로 동기화합니다.,1,web/app.js:43058
app.서버_저장에_실패해_이_기기에_원고를_보관했,서버 저장에 실패해 이 기기에 원고를 보관했어요. 잠시 후 다시 시도합니다.,1,web/app.js:43059
app.이_기기_보관본_복구됨_동기화_대기,이 기기 보관본 복구됨 — 동기화 대기,1,web/app.js:43118
app.연결_전_편집_내용을_이_기기에서_복구했습니,연결 전 편집 내용을 이 기기에서 복구했습니다. 서버에 동기화합니다.,1,web/app.js:43119
app.오프라인_동기화,오프라인 동기화,1,web/app.js:43137
app.실패,실패,1,web/app.js:43156
app.오프라인,오프라인,1,web/app.js:43156
app.기기에_보관됨,기기에 보관됨,1,web/app.js:43157
app.대기,대기,1,web/app.js:43158
app.복구,복구,1,web/app.js:43158
app.중,중,1,web/app.js:43159
app.완성_처리됐어요_가상독자_댓글도_받아볼_수,완성 처리됐어요! 가상독자 댓글도 받아볼 수 있어요,1,web/app.js:43281
app.나중엔_회차_뷰어_안_가상독자_댓글_받기_버,나중엔 회차 뷰어 안 '가상독자 댓글 받기' 버튼에서 언제든 다시 볼 수 있어요,1,web/app.js:43285
app.지금_받아보기,지금 받아보기,1,web/app.js:43288
app.이_회차에_가상독자_댓글을_받아_봐요,이 회차에 가상독자 댓글을 받아 봐요,1,web/app.js:43318
app.오프라인_상태입니다_원고는_이_기기에_보관되,"오프라인 상태입니다. 원고는 이 기기에 보관되었고, 연결되면 자동 동기화됩니다.",1,web/app.js:43405
app.자동_저장됨_stamp_저장본_revisio,자동 저장됨 ${stamp} · 저장본 ${revision} · ${words}어절,1,web/app.js:43443
app.저장됨_stamp_저장본_revision_w,저장됨 ${stamp} · 저장본 ${revision} · ${words}어절,1,web/app.js:43444
app.저장했습니다,저장했습니다.,1,web/app.js:43470
app.이_기기에_보관됨_stamp_연결_시_동기화,이 기기에 보관됨 ${stamp} — 연결 시 동기화,1,web/app.js:43478
app.서버에_저장하지_못했지만_원고는_이_기기에,"서버에 저장하지 못했지만, 원고는 이 기기에 보관되어 있습니다.",1,web/app.js:43484
app.자동_저장_실패_기기에_보관_재시도_예정,자동 저장 실패 — 기기에 보관 · 재시도 예정,1,web/app.js:43491
app.수동_저장,수동 저장,1,web/app.js:43507
app.서버_저장은_보류되었지만_원고는_이_기기에,"서버 저장은 보류되었지만, 원고는 이 기기에 보관되어 있습니다.",1,web/app.js:43510
app.종료_전_저장,종료 전 저장,1,web/app.js:43622
app.연결되었습니다_보관된_원고를_서버에_동기화합,연결되었습니다. 보관된 원고를 서버에 동기화합니다.,1,web/app.js:43656
app.오프라인입니다_작성_내용은_이_기기에_계속,오프라인입니다. 작성 내용은 이 기기에 계속 저장됩니다.,1,web/app.js:43662
app.캐릭터_만들기,캐릭터 만들기,1,web/app.js:43675
app.캐릭터_이름을_적어_주세요,캐릭터 이름을 적어 주세요.,1,web/app.js:43676
app.인물_설정을_적어_보세요,인물 설정을 적어 보세요.,1,web/app.js:43686
app.한_줄_소개,한 줄 소개,1,web/app.js:43708
app.인물_설정,인물 설정,1,web/app.js:43709
app.무기_강점,무기 · 강점,1,web/app.js:43710
app.약점,약점,1,web/app.js:43711
app.지금_칸에_적어_둔_내용은_그대로_둡니다_토,지금 칸에 적어 둔 내용은 그대로 둡니다. 토리 분석만 보여 드려요. 바꿀 때만 아래 버튼을 누르세요.,1,web/app.js:43770
app.이_칸,이 칸,1,web/app.js:43804
app.새_인물_created_명을_목록에_넣었어요,새 인물 ${created}명을 목록에 넣었어요,1,web/app.js:43894
app.비어_있던_인물_설정_칸을_채웠어요,비어 있던 인물 설정 칸을 채웠어요,1,web/app.js:43895
app.비어_있던_세계관_칸을_채웠어요,비어 있던 세계관 칸을 채웠어요,1,web/app.js:43896
app.이미_적어_둔_인물_칸은_그대로_두고_새_분,이미 적어 둔 인물 칸은 그대로 두고 ‘새 분석 있음’만 표시했어요,1,web/app.js:43897
app.이미_적어_둔_세계관_칸은_그대로_두고_새,이미 적어 둔 세계관 칸은 그대로 두고 ‘새 분석 있음’만 표시했어요,1,web/app.js:43898
app.토리_parts_join,"토리 · ${parts.join("". "")}.",1,web/app.js:43900
app.span_class_hint_아직_별칭이,<span class='hint'>아직 별칭이 없어요.</span>,1,web/app.js:43969
app.인물_설정을_저장했습니다,인물 설정을 저장했습니다.,1,web/app.js:43994
app.name_인물_설정을_삭제할까요_목록에서,"「${name}」 인물 설정을 삭제할까요?  목록에서 사라지고, 회차에 연결된 등장 정보도 빠집니다.",1,web/app.js:44001
app.name_을_를_삭제했어요,「${name}」을(를) 삭제했어요.,1,web/app.js:44014
app.인물을_먼저_열어_주세요,인물을 먼저 열어 주세요.,1,web/app.js:44019
app.이미지_파일만_올릴_수_있어요,이미지 파일만 올릴 수 있어요.,1,web/app.js:44021
app.이미지를_올리는_중,이미지를 올리는 중…,1,web/app.js:44022
app.캐릭터_이미지를_넣었어요,캐릭터 이미지를 넣었어요.,1,web/app.js:44039
app.캐릭터_이미지를_제거할까요,캐릭터 이미지를 제거할까요?,1,web/app.js:44044
app.캐릭터_이미지를_제거했어요,캐릭터 이미지를 제거했어요.,1,web/app.js:44051
app.별칭을_추가했습니다,별칭을 추가했습니다.,1,web/app.js:44078
app.분할_자유_편집을_켰어요_끄기_전까지_유지됩,분할 자유 편집을 켰어요. 끄기 전까지 유지됩니다.,1,web/app.js:44110
app.분할_자유_편집을_껐어요_읽기_전용입니다,분할 자유 편집을 껐어요. 읽기 전용입니다.,1,web/app.js:44111
app.참고자료는_패널_안_편집_버튼으로_수정하세요,참고자료는 패널 안 「편집」 버튼으로 수정하세요,1,web/app.js:44139
app.자유_편집_켜짐_누르면_읽기_전용으로_돌아갑,자유 편집 켜짐 — 누르면 읽기 전용으로 돌아갑니다,1,web/app.js:44141
app.오프라인_분할_창_원고를_기기에_보관했습니다,오프라인 — 분할 창 원고를 기기에 보관했습니다.,1,web/app.js:44254
app.함께보는_회차를_저장했습니다,함께보는 회차를 저장했습니다.,1,web/app.js:44276
app.이_기기에_보관됨_연결_시_동기화,이 기기에 보관됨 — 연결 시 동기화,1,web/app.js:44282
app.자동_저장_실패_기기에_보관_재시도,자동 저장 실패 — 기기에 보관 · 재시도,1,web/app.js:44283
app.팝업_중,팝업 중 ▾,1,web/app.js:44382
app.팝업으로_보는_중_Ctrl_Alt_S_화면,팝업으로 보는 중 — Ctrl+Alt+S 화면 나누기 · Esc 닫기,1,web/app.js:44383
app.화면_나누기_중,화면 나누기 중 ▾,1,web/app.js:44385
app.화면_나누기_중_Ctrl_Alt_P_팝업_E,화면 나누기 중 — Ctrl+Alt+P 팝업 · Esc 닫기,1,web/app.js:44386
app.팝업,팝업 ▾,1,web/app.js:44406
app.보기_방식_팝업_중_Ctrl_Alt_S_나누,보기 방식 · 팝업 중 (Ctrl+Alt+S 나누기 / Esc 닫기),1,web/app.js:44407
app.나누기,나누기 ▾,1,web/app.js:44409
app.보기_방식_화면_나누기_중_Ctrl_Alt,보기 방식 · 화면 나누기 중 (Ctrl+Alt+P 팝업 / Esc 닫기),1,web/app.js:44410
app.함께볼_다른_회차나_참고자료가_없어요,함께볼 다른 회차나 참고자료가 없어요.,1,web/app.js:44904
app.팝업으로_바꿨어요,팝업으로 바꿨어요.,1,web/app.js:44926
app.화면_나누기로_바꿨어요,화면 나누기로 바꿨어요.,1,web/app.js:44926
app.큰_창_위에_분할을_팝업으로_열었어요,큰 창 위에 분할을 팝업으로 열었어요.,1,web/app.js:44929
app.큰_창_옆에_분할을_나란히_열었어요,큰 창 옆에 분할을 나란히 열었어요.,1,web/app.js:44930
app.분할을_팝업으로_열었어요,분할을 팝업으로 열었어요.,1,web/app.js:44932
app.화면을_나눠_분할을_열었어요,화면을 나눠 분할을 열었어요.,1,web/app.js:44932
app.참고자료를_팝업으로_바꿨어요,참고자료를 팝업으로 바꿨어요.,1,web/app.js:44962
app.참고자료를_화면_나누기로_바꿨어요,참고자료를 화면 나누기로 바꿨어요.,1,web/app.js:44962
app.함께볼_회차나_참고자료가_없어_분할을_닫았어,함께볼 회차나 참고자료가 없어 분할을 닫았어요.,1,web/app.js:45032
app.먼저_분할을_켜_주세요,먼저 분할을 켜 주세요.,1,web/app.js:45059
app.참고자료_파일은_뷰어_전용이에요_수정할_수,참고자료 파일은 뷰어 전용이에요. 수정할 수 없어요.,1,web/app.js:45063
app.연결_문제로_서버_저장은_보류되었지만_원고는,"연결 문제로 서버 저장은 보류되었지만, 원고는 이 기기에 보관되어 있습니다.",1,web/app.js:45269
app.문제가_생겼습니다_다시_시도해_주세요,문제가 생겼습니다. 다시 시도해 주세요.,1,web/app.js:45273
app.파일을_읽지_못했습니다,파일을 읽지 못했습니다.,1,web/app.js:45285
app.Microsoft_Word에서_열립니다,Microsoft Word에서 열립니다,1,web/app.js:45291
app.한글_2014_이상_hwpx로_저장됩니다,한글 2014 이상 · .hwpx로 저장됩니다,1,web/app.js:45292
app.Word_한글에서_열립니다,Word·한글에서 열립니다,1,web/app.js:45293
app.메모장_등에서_바로_열립니다,메모장 등에서 바로 열립니다,1,web/app.js:45294
app.마크다운_편집기에서_열립니다,마크다운 편집기에서 열립니다,1,web/app.js:45295
app.브라우저에서_바로_열립니다,브라우저에서 바로 열립니다,1,web/app.js:45296
app.SuperTORY_연결_파일,SuperTORY 연결 파일,1,web/app.js:45297
app.작품_전체만_SuperTORY에서_열림,작품 전체만 · SuperTORY에서 열림,1,web/app.js:45297
app.브라우저_다운로드로_받습니다_보통_다운로드,브라우저 다운로드로 받습니다. (보통 다운로드 폴더),1,web/app.js:45347
app.저장_위치_path,저장 위치: ${path},1,web/app.js:45349
app.경로를_비우면_다운로드_폴더에_저장됩니다,경로를 비우면 다운로드 폴더에 저장됩니다.,1,web/app.js:45351
app.저장_폴더를_적용했어요_exportPrefs,저장 폴더를 적용했어요. ${exportPrefs.export_dir},1,web/app.js:45377
app.경로를_비워_두어_다운로드_폴더로_저장합니다,경로를 비워 두어 다운로드 폴더로 저장합니다. ${exportPrefs.export_dir},1,web/app.js:45378
app.이_형식은_작품_전체_내보내기에서만_사용할,이 형식은 작품 전체 내보내기에서만 사용할 수 있어요,1,web/app.js:45447
app.p_class_export_scene_em_2,"<p class=""export-scene-empty"">내보낼 회차가 없어요. 먼저 목차에 회차를 만들어 주세요.</p>",1,web/app.js:45468
app.내보낼_회차_hint_작품_project_t,"내보낼 회차: ${hint} · 작품 「${project?.title || ""작품""}」",1,web/app.js:45507
app.내보낼_작품_project_title_작품,"내보낼 작품: ${project?.title || ""작품""} · 회차 선택",1,web/app.js:45509
app.내보낼_작품_project_title_작품_2,"내보낼 작품: ${project?.title || ""작품""} · 전체 원고",1,web/app.js:45511
app.선택한_회차만_파일로_내려받습니다_형식을_고,선택한 회차만 파일로 내려받습니다. 형식을 고르세요.,1,web/app.js:45517
app.전체_원고_또는_선택한_회차만_파일로_내려받,전체 원고 또는 선택한 회차만 파일로 내려받습니다. 받은 파일을 더블클릭하면 Word·한글·메모장 등에서 바로 열 수 있어요.,1,web/app.js:45518
app.내보낼_회차를_찾지_못했어요,내보낼 회차를 찾지 못했어요.,1,web/app.js:45542
app.ids_length_개_회차,${ids.length}개 회차,1,web/app.js:45549
app.폴더_찾아보기는_설치형_SuperTORY에서,폴더 찾아보기는 설치형 SuperTORY에서 사용할 수 있어요. 경로를 직접 입력해 주세요.,1,web/app.js:45625
app.저장_폴더를_열었어요,저장 폴더를 열었어요.,1,web/app.js:45650
app.내보낼_회차를_하나_이상_선택해_주세요,내보낼 회차를 하나 이상 선택해 주세요.,1,web/app.js:45700
app.SuperTORY_연결_파일_stg_은_작품,SuperTORY 연결 파일(.stg)은 작품 전체만 내보낼 수 있어요.,1,web/app.js:45705
app.선택한_회차_sceneIds_length_개,선택한 회차 ${sceneIds.length}개를 파일로 만드는 중…,1,web/app.js:45715
app.전체_원고_파일을_만드는_중,전체 원고 파일을 만드는 중…,1,web/app.js:45716
app.내보내기_전_저장,내보내기 전 저장,1,web/app.js:45722
app.폴더에_저장하지_못했어요,폴더에 저장하지 못했어요.,1,web/app.js:45775
app.저장됨_savedPath_선택_회차_scen,저장됨: ${savedPath} · 선택 회차 ${sceneIds.length}개,1,web/app.js:45780
app.저장됨_savedPath_전체_원고,저장됨: ${savedPath} · 전체 원고,1,web/app.js:45781
app.선택한_회차를_저장했어요_savedPath,선택한 회차를 저장했어요. ${savedPath},1,web/app.js:45784
app.작품_전체를_저장했어요_savedPath,작품 전체를 저장했어요. ${savedPath},1,web/app.js:45785
app.내보낸_파일이_비어_있어요_서버를_다시_실행,내보낸 파일이 비어 있어요. 서버를 다시 실행한 뒤 시도해 주세요.,1,web/app.js:45798
app.내보내기_응답이_파일이_아니라_오류_페이지예,내보내기 응답이 파일이 아니라 오류 페이지예요. SuperTORY 서버를 종료한 뒤 다시 실행해 주세요.,1,web/app.js:45807
app.내보낸_파일이_손상된_형식으로_내려왔어요_서,내보낸 파일이 손상된 형식으로 내려왔어요. 서버를 다시 실행한 뒤 다시 내보내 주세요.,1,web/app.js:45808
app.state_projects_find_p_p,"${(state.projects.find((p) => p.id === state.projectId)?.title || ""작품"")}.${key === ""md"" ? ""md"" : key}",1,web/app.js:45821
app.다운로드_filename_선택_회차_scen,다운로드: ${filename} · 선택 회차 ${sceneIds.length}개,1,web/app.js:45845
app.다운로드_filename_전체_원고,다운로드: ${filename} · 전체 원고,1,web/app.js:45846
app.선택한_회차를_내보냈어요,선택한 회차를 내보냈어요.,1,web/app.js:45848
app.작품_전체를_내보냈어요,작품 전체를 내보냈어요.,1,web/app.js:45848
app.나누는_중,나누는 중…,1,web/app.js:45938
app.총_count_개_씬으로_분리됩니다,총 ${count}개 씬으로 분리됩니다,1,web/app.js:45970
app.나눌_씬을_찾지_못했어요,나눌 씬을 찾지 못했어요.,1,web/app.js:45971
app.li_span_외_Math_max_0_co,"<li><span>외 ${Math.max(0, count - scenes.length)}개 더 있어요.</span></li>",1,web/app.js:45975
app.장면_index_1,장면 ${index + 1},1,web/app.js:45977
app.교정본_가져오기는_작품을_먼저_연_뒤_사용할,교정본 가져오기는 작품을 먼저 연 뒤 사용할 수 있어요. (+ 새 글쓰기 또는 작품 선택),1,web/app.js:45988
app.파일_선택하기,파일 선택하기,1,web/app.js:46029
app.적용하기,적용하기,1,web/app.js:46032
app.토리_교정_파이프라인_본문_메모_정밀_분석,토리 교정 파이프라인 (본문+메모 정밀 분석) ★권장,1,web/app.js:46087
app.option_value_챕터가_없어요_op,<option value=''>챕터가 없어요</option>,1,web/app.js:46125
app.stem_을_를_제목으로_씁니다,「${stem}」을(를) 제목으로 씁니다.,1,web/app.js:46154
app.문장_수정,문장 수정,1,web/app.js:46237
app.표현_교정,표현 교정,1,web/app.js:46238
app.교정_비교_결과입니다,교정 비교 결과입니다.,1,web/app.js:46256
app.문장_표현,문장·표현,1,web/app.js:46263
app.추가_삭제,추가·삭제,1,web/app.js:46264
app.편집_메모,편집 메모,1,web/app.js:46265
app.신뢰도_Math_round_m_confid,· 신뢰도 ${Math.round(m.confidence_score * 100)}%,1,web/app.js:46280
app.비교_대상_strong_escapeHtml,"비교 대상: <strong>${escapeHtml(String(m.matched_episode_number ?? ""?""))}화</strong>",1,web/app.js:46283
app.escapeHtml_m_matched_ti,"「${escapeHtml(m.matched_title || ""회차"")}」${escapeHtml(conf)}",1,web/app.js:46284
app.p_class_hint_추출된_편집자_메모,"<p class=""hint"">추출된 편집자 메모가 없습니다.</p>",1,web/app.js:46295
app.위치_미상,(위치 미상),1,web/app.js:46299
app.p_class_hint_눈에_띄는_수정_구,"<p class=""hint"">눈에 띄는 수정 구간이 없습니다.</p>",1,web/app.js:46310
app.가져올_파일을_먼저_골라_주세요,가져올 파일을 먼저 골라 주세요.,1,web/app.js:46357
app.먼저_작품을_만들거나_새_작품으로_만들기를,"먼저 작품을 만들거나, 새 작품으로 만들기를 골라 주세요.",1,web/app.js:46365
app.덮어쓸_씬을_먼저_열어_주세요,덮어쓸 씬을 먼저 열어 주세요.,1,web/app.js:46369
app.회차_자동_매칭은_작품을_연_뒤_사용할_수,회차 자동 매칭은 작품을 연 뒤 사용할 수 있어요.,1,web/app.js:46373
app.글을_넣을_챕터를_골라_주세요,글을 넣을 챕터를 골라 주세요.,1,web/app.js:46377
app.기존_원고가_삭제되고_새_교정본으로_교체됩니,기존 원고가 삭제되고 새 교정본으로 교체됩니다. 정말 진행할까요?,1,web/app.js:46383
app.제목을_입력해_주세요,제목을 입력해 주세요.,1,web/app.js:46413
app.토리가_회차_식별_교정_비교_중,토리가 회차 식별·교정 비교 중…,1,web/app.js:46427
app.토리가_교정_비교_중,토리가 교정 비교 중…,1,web/app.js:46429
app.토리가_회차_찾는_중,토리가 회차 찾는 중…,1,web/app.js:46431
app.가져오는_중,가져오는 중…,1,web/app.js:46432
app.신뢰도_Math_round_match_co,(신뢰도 ${Math.round(match.confidence_score * 100)}%),1,web/app.js:46476
app.토리_교정본_식별_결과,토리 · 교정본 식별 결과,1,web/app.js:46481
app.매칭_회차_match_matched_epis,"매칭 회차: ${match.matched_episode_number}화 「${match.matched_title || ""회차""}」${conf}",1,web/app.js:46483
app.식별_방법_match_method,식별 방법: ${match.method},1,web/app.js:46484
app.교정_교열_보고서_창에서_오탈자_문장_수정,교정·교열 보고서 창에서 오탈자·문장 수정·편집 메모를 확인하세요.,1,web/app.js:46486
app.원고는_덮어쓰지_않았습니다_비교_보고서만_만,원고는 덮어쓰지 않았습니다. 비교 보고서만 만들었어요.,1,web/app.js:46488
app.토리_교정_완료_정제_본문을_회차에_반영했습,토리 교정 완료 · 정제 본문을 회차에 반영했습니다.,1,web/app.js:46497
app.토리_교정_파이프라인_완료_parser,토리 교정 파이프라인 완료${parser ?,1,web/app.js:46500
app.보고서_확인_원고_미변경,": """"}. 보고서 확인 · 원고 미변경.",1,web/app.js:46500
app.토리가_교정_비교_보고서를_만들었어요_원고는,토리가 교정 비교 보고서를 만들었어요. 원고는 바꾸지 않았습니다.,1,web/app.js:46502
app.챕터_result_chapter_count,챕터 ${result.chapter_count}개 ·,1,web/app.js:46518
app.파일_result_package_name,· 파일 ${result.package_name},1,web/app.js:46519
app.신뢰도_Math_round_match_co_2,· 신뢰도 ${Math.round(match.confidence_score * 100)}%,1,web/app.js:46523
app.match_matched_episode_n,"${match.matched_episode_number}화 「${match.matched_title || ""회차""}」에 맞춰 덮어썼어요",1,web/app.js:46526
app.conf_result_word_count,${conf} · ${result.word_count || 0}어절${packageNote},1,web/app.js:46527
app.문서를_가져왔어요_purposeName,문서를 가져왔어요. ${purposeName ?,1,web/app.js:46530
app.chapters_씬_result_secti,": """"}${chapters}씬 ${result.section_count}개 · ${result.word_count}어절${packageNote}${warning}",1,web/app.js:46530
app.작품_projects_length_개,작품 ${projects.length}개,1,web/app.js:46593
app.p_class_hint_trash_empt_6,"<p class=""hint trash-empty"">삭제할 작품이 없어요. 먼저 작품을 만들어 주세요.</p>",1,web/app.js:46597
app.장르_미정,장르 미정,1,web/app.js:46605
app.현재_작품,· 현재 작품,1,web/app.js:46610
app.1분_미만,1분 미만,1,web/app.js:46630
app.약_Math_max_1_Math_round,"약 ${Math.max(1, Math.round(sec / 60))}분",1,web/app.js:46632
app.인덱싱_중_오류가_발생했습니다,인덱싱 중 오류가 발생했습니다.,1,web/app.js:46663
app.회차_인덱스_다시_만들기를_마쳤어요,회차 인덱스 다시 만들기를 마쳤어요.,1,web/app.js:46698
app.처리가_필요한_회차_pendingTotal,처리가 필요한 회차 ${pendingTotal}개,1,web/app.js:46712
app.p_class_hint_trash_empt_7,"<p class=""hint trash-empty"">작품이 없어요. 먼저 작품을 만들어 주세요.</p>",1,web/app.js:46716
app.인덱스_병합_남음,· 인덱스 병합 남음,1,web/app.js:46727
app.title_pending_total_회차,${title} (${pending}/${total} 회차 처리 필요${extra}),1,web/app.js:46728
app.선택하면_다시_인덱싱합니다,선택하면 다시 인덱싱합니다.,1,web/app.js:46735
app.이미_전부_처리된_작품입니다,이미 전부 처리된 작품입니다.,1,web/app.js:46735
app.서버가_이전_버전입니다_SuperTory를,서버가 이전 버전입니다. SuperTory를 완전히 종료한 뒤 다시 실행해 주세요.,1,web/app.js:46754
app.목록을_불러오지_못했습니다,목록을 불러오지 못했습니다.,1,web/app.js:46755
app.선택한_selected_length_개_작품,"선택한 ${selected.length}개 작품, 총 ${sceneCount}개 회차를 다시 인덱싱합니다.",1,web/app.js:46795
app.예상_소요_시간은_eta_입니다_회차당_평균,"예상 소요 시간은 ${eta}입니다. (회차당 평균 처리 시간 기준으로 계산, Gemini 호출 약 ${calls}회)",1,web/app.js:46796
app.Gemini_API_호출이_발생하니_참고해주,Gemini API 호출이 발생하니 참고해주세요.,1,web/app.js:46797
app.새_작품_제목을_입력해_주세요,새 작품 제목을 입력해 주세요.,1,web/app.js:46826
app.작품_제목을_입력해_주세요,작품 제목을 입력해 주세요.,1,web/app.js:46829
app.작품_이름을_trimmed_으_로_바꿨어요,작품 이름을 「${trimmed}」(으)로 바꿨어요.,1,web/app.js:46835
app.title_작품을_완전히_삭제할까요_목록에,「${title}」 작품을 완전히 삭제할까요?  목록에서 사라지고 다시 불러올 수 없습니다.,1,web/app.js:46846
app.title_을_를_삭제했어요,「${title}」을(를) 삭제했어요.,1,web/app.js:46851
app.새_버전_version_을_를_사용할_수_있,새 버전 ${version}을(를) 사용할 수 있습니다.,1,web/app.js:46918
app.새_업데이트가_있습니다,새 업데이트가 있습니다.,1,web/app.js:46919
app.새로운_업데이트가_있습니다,새로운 업데이트가 있습니다.,1,web/app.js:46922
app.업데이트를_나중에_할게요,업데이트를 나중에 할게요.,1,web/app.js:46927
app.다운로드_중_Math_round_percen,다운로드 중… ${Math.round(percent)}%,1,web/app.js:46934
app.업데이트_다운로드_중,업데이트 다운로드 중…,1,web/app.js:46935
app.업데이트_version,업데이트 ${version},1,web/app.js:46938
app.업데이트_다운로드,업데이트 다운로드,1,web/app.js:46938
app.백그라운드에서_받는_중,백그라운드에서 받는 중…,1,web/app.js:46939
app.설치를_위해_앱을_다시_시작합니다,설치를 위해 앱을 다시 시작합니다…,1,web/app.js:46946
app.업데이트_설치,업데이트 설치,1,web/app.js:46948
app.앱을_다시_시작합니다,앱을 다시 시작합니다…,1,web/app.js:46949
app.업데이트를_설치하기_위해_다시_시작합니다,업데이트를 설치하기 위해 다시 시작합니다.,1,web/app.js:46953
app.업데이트_확인은_설치된_데스크톱_앱에서만_사,업데이트 확인은 설치된 데스크톱 앱에서만 사용할 수 있어요.,1,web/app.js:46990
app.업데이트_확인은_설치된_앱에서만_사용할_수,업데이트 확인은 설치된 앱에서만 사용할 수 있어요.,1,web/app.js:46991
app.개발_실행_중에는_자동_업데이트가_꺼져_있어,개발 실행 중에는 자동 업데이트가 꺼져 있어요.,1,web/app.js:47000
app.개발_모드에서는_업데이트를_확인하지_않습니다,개발 모드에서는 업데이트를 확인하지 않습니다. 설치본에서 확인해 주세요.,1,web/app.js:47001
app.업데이트_서버가_설정되지_않았습니다_upda,업데이트 서버가 설정되지 않았습니다. update-feed.json을 확인해 주세요.,1,web/app.js:47004
app.업데이트_확인_실패_result_error,업데이트 확인 실패: ${result.error},1,web/app.js:47009
app.이름_없는_기능,이름 없는 기능,1,web/app.js:47187
app.숨긴_기능_n_개,숨긴 기능 ${n}개,1,web/app.js:47279
app.숨긴_기능이_없어요,숨긴 기능이 없어요.,1,web/app.js:47306
app.숨긴_기능_featureHideMap_siz,숨긴 기능 ${featureHideMap.size}개를 모두 다시 표시할까요?,1,web/app.js:47309
app.모든_기능을_다시_표시했습니다,모든 기능을 다시 표시했습니다.,1,web/app.js:47313
app.p_class_hint_trash_empt_8,"<p class=""hint trash-empty"">숨긴 기능이 없어요. 버튼에서 우클릭 → 「이 기능 숨기기」로 감출 수 있습니다.</p>",1,web/app.js:47320
app.숨길_기능을_찾지_못했어요,숨길 기능을 찾지 못했어요.,1,web/app.js:47404
app.목록_기호_선택,목록 기호 선택,1,web/app.js:47452
app.글머리_번호_스타일,글머리·번호 스타일,1,web/app.js:47453
app.형광펜_색_선택,형광펜 색 선택,1,web/app.js:47465
app.글자색_선택,글자색 선택,1,web/app.js:47465
app.팔레트_열기,팔레트 열기,1,web/app.js:47466
app.게이지_색_선택,게이지 색 선택,1,web/app.js:47512
app.SuperTory가_뭔가요,SuperTory가 뭔가요?,1,web/app.js:47580
app.소개_개요_용도_로컬_소설_에세이_원고_스크,소개 개요 용도 로컬 소설 에세이 원고 스크리브너 집필 설치 클라우드,1,web/app.js:47581
app.내_컴퓨터에_직접_설치해서_쓰는_집필_프로그,"내 컴퓨터에 직접 설치해서 쓰는 집필 프로그램이에요. 클라우드 계정 없이도 작품, 회차, 설정, 아이디어를 내 기기에 저장합니다.",1,web/app.js:47583
app.작품_구조는_이렇게_되어_있어요_작품_바인더,작품 구조는 이렇게 되어 있어요: 작품 → 바인더(목차) → 폴더(챕터) → 원고(씬). 원고 안에 또 하위 폴더를 만들어서 더 세분화할 수도 있어요.,1,web/app.js:47584
app.설정집에는_시놉시스_로그라인_세계관_장르_키,"설정집에는 시놉시스, 로그라인, 세계관, 장르·키워드, 인물, 생각수첩을 모아둘 수 있고, 원한다면 토리(Gemini 기반 AI)로 교정이나 회차 매칭도 할 수 있어요.",1,web/app.js:47585
app.시작하기,시작하기,1,web/app.js:47590
app.시작_작품_만들기_열기_종류_장르_purpo,시작 작품 만들기 열기 종류 장르 purpose 우클릭 학습,1,web/app.js:47591
app.왼쪽_바인더에서_작품을_고르거나_새로_만드세,왼쪽 바인더에서 작품을 고르거나 새로 만드세요. 작품 종류(소설·에세이 등)와 장르는 설정집 「장르·키워드」에서 언제든 바꿀 수 있어요.,1,web/app.js:47593
app.단_소설류에서_장르를_바꾸면_토리가_새_장르,"단, 소설류에서 장르를 바꾸면 → 토리가 새 장르를 다시 학습해야 한다는 안내가 떠요. 작품 종류를 바꿀 때도 똑같은 안내가 나와요.",1,web/app.js:47594
app.왼쪽_바인더_목차_에서_챕터_폴더_추가_폴더,"왼쪽 바인더 「목차」에서: +챕터 → 폴더 추가, 폴더·원고 안 + → 하위 폴더나 회차 추가. 가운데 편집기에 글을 쓰면 자동 저장돼요.",1,web/app.js:47595
app.바인더_목차,바인더 (목차),1,web/app.js:47600
app.바인더_목차_폴더_챕터_원고_씬_회차_하위폴,바인더 목차 폴더 챕터 원고 씬 회차 하위폴더 순번 드래그 우클릭 개수 tree,1,web/app.js:47601
app.목차_옆_숫자_배지_폴더_수_원고_수_우클릭,"목차 옆 숫자 배지 = 폴더 수 · 원고 수. 우클릭하면 → 제목 글자 크기 조절, 표시 숨기기 가능.",1,web/app.js:47603
app.폴더_원고는_드래그로_순서_변경_원고_씬_에,폴더/원고는 드래그로 순서 변경. 원고(씬)에서 「하위 폴더 만들기」로 그 아래에 폴더를 만들 수 있어요 (들여쓰기·연결선으로 계층 표시).,1,web/app.js:47604
app.우클릭_메뉴에서_복제_내보내기_버리기_등_순,우클릭 메뉴에서: 복제 · 내보내기 · 버리기 등. 「순번 정리」 → 챕터 제목 번호 자동 정리. 상위 폴더(권·부)로 큰 구조 단위로 묶기 가능.,1,web/app.js:47605
app.작성_화면_서식,작성 화면 · 서식,1,web/app.js:47610
app.작성_편집_서식_굵게_글자색_형광펜_목록_목,작성 편집 서식 굵게 글자색 형광펜 목록 목표 상태바 분할 팔레트,1,web/app.js:47611
app.서식_툴바_글꼴_크기_굵게_정렬_목록_글자색,서식 툴바: 글꼴·크기·굵게·정렬·목록·글자색·형광펜. 색상/목록 아이콘은 우클릭하면 팔레트가 열려요.,1,web/app.js:47613
app.본문을_드래그_후_우클릭_사전_떡밥_각주_등,본문을 드래그 후 우클릭 → 사전·떡밥·각주 등 작성 메뉴 (이 메뉴는 숨기기 기능이 없어요).,1,web/app.js:47614
app.하단_상태바에서_글자_수_목표_진행_게이지,하단 상태바에서 글자 수·목표·진행 게이지 확인. 게이지 우클릭 → 색 변경. 목표 영역 우클릭 → 일괄 적용.,1,web/app.js:47615
app.설정집_시놉시스_로그라인_세계관_장르_키워드,설정집 시놉시스 로그라인 세계관 장르 키워드 인물 아이디어 보드 메인에서보기,1,web/app.js:47621
app.왼쪽_설정_탭에서_관리_가능한_항목_시놉시스,왼쪽 설정 탭에서 관리 가능한 항목: 시놉시스 · 로그라인 · 세계관 · 소개·의도 · 장르·키워드 · 인물 · 생각수첩.,1,web/app.js:47623
app.각_상자의_메인에서_보기_가운데_화면을_넓게,각 상자의 「메인에서 보기」 → 가운데 화면을 넓게 사용. 아이디어는 포스트잇처럼 색·크기 조절 가능.,1,web/app.js:47624
app.항목도_우클릭으로_숨기거나_메뉴_열기_가능,항목도 우클릭으로 숨기거나 메뉴 열기 가능. 인물·장르·키워드는 메인 화면에서 카드형으로 정리돼요.,1,web/app.js:47625
app.토리_AI,토리 (AI),1,web/app.js:47630
app.토리_AI_제미니_gemini_도우미_이어서,토리 AI 제미니 gemini 도우미 이어서쓰기 다듬기 아이디어 브레인스토밍 피드백 설정붕괴 중복 페르소나 인덱스,1,web/app.js:47631
app.오른쪽_패널의_토리가_해주는_것들_이어서_쓰,"오른쪽 패널의 토리가 해주는 것들: 이어서 쓰기, 문장 다듬기, 다음 아이디어 제안, 피드백, 브레인스토밍, 설정 붕괴 감지기, 중복 체크.",1,web/app.js:47633
app.다음_아이디어_제안_과_브레인스토밍_은_작,「다음 아이디어 제안」과 「브레인스토밍」은 작품 인덱스·설정·누적 정보를 참고해요. 브레인스토밍은 원하는 주제를 직접 적을 수도 있어요.,1,web/app.js:47634
app.도우미_탭_우클릭_토리의_말투_페르소나_선택,도우미 탭 우클릭 → 토리의 말투(페르소나) 선택 가능. Gemini가 연결되어 있어야 작동해요 → 연결 상태는 관리자 → 정보 · 도움말에서 확인.,1,web/app.js:47635
app.교정_교정고,교정 · 교정고,1,web/app.js:47640
app.교정_교열_맞춤법_교정고_매칭_비교_파이프라,교정 교열 맞춤법 교정고 매칭 비교 파이프라인 hwp docx 정제,1,web/app.js:47641
app.맞춤법_교정은_환경에_따라_공개_검사기_또는,맞춤법·교정은 환경에 따라 공개 검사기 또는 Gemini로 동작.,1,web/app.js:47643
app.문서_가져오기에서_선택_가능한_기능_교정고,"문서 가져오기에서 선택 가능한 기능: 교정고 비교 분석 (기존 글을 덮어쓰지 않아요), 회차 매칭 후 치환, HWP/DOCX 교정 파이프라인 (매칭 → 정제 → 비교).",1,web/app.js:47644
app.파이프라인은_교정고_본문을_정리하고_회차에,"파이프라인은 교정고 본문을 정리하고, 회차에 맞춘 뒤, 비교 보고서를 만들어줘요. 실제 적용 여부는 가져오기 옵션에서 확인하세요.",1,web/app.js:47645
app.가져오기_내보내기,가져오기 · 내보내기,1,web/app.js:47650
app.가져오기_내보내기_워드_hwp_docx_문서,가져오기 내보내기 워드 hwp docx 문서 stg 패키지 word,1,web/app.js:47651
app.상단_메뉴에서_문서_가져오기_내보내기_Wor,상단 + 메뉴에서 문서 가져오기 / 내보내기(Word·한글·텍스트 등).,1,web/app.js:47653
app.작품은_projects_폴더의_stg_패키지,작품은 projects 폴더의 .stg 패키지 핸들로도 열 수 있어요. 원고 본문 원본은 로컬 DB(data)에 저장돼요.,1,web/app.js:47654
app.뷰어_테마,뷰어 · 테마,1,web/app.js:47659
app.뷰어_pdf_책_폰_전자잉크_eink_다크모,뷰어 pdf 책 폰 전자잉크 eink 다크모드 테마 미리보기,1,web/app.js:47660
app.원고를_PDF_책_휴대폰_전자잉크_스타일로,원고를 PDF · 책 · 휴대폰 · 전자잉크 스타일로 미리보기 가능 (모드마다 페이지 색·잉크 설정이 따로 적용돼요).,1,web/app.js:47662
app.상단_테마_버튼_데이_다크_UI_전환_뷰어,상단 테마 버튼 → 데이/다크 UI 전환. 뷰어 설정은 이 기기에 기억돼요.,1,web/app.js:47663
app.기능_숨기기_화면_정리,기능 숨기기 · 화면 정리,1,web/app.js:47668
app.숨기기_우클릭_숨긴기능_활성화_관리자,숨기기 우클릭 숨긴기능 활성화 관리자,1,web/app.js:47669
app.대부분의_기능_버튼_표시_폴더_원고_개수_포,대부분의 기능 버튼·표시(폴더/원고 개수 포함)에서 우클릭 → 「이 기능 숨기기」로 화면을 단순하게 만들 수 있어요.,1,web/app.js:47671
app.메뉴가_이미_많은_버튼은_우클릭_메뉴_맨_아,메뉴가 이미 많은 버튼은 우클릭 메뉴 맨 아래에 숨기기가 있어요.,1,web/app.js:47672
app.숨긴_항목_되돌리기_왼쪽_위_톱니바퀴_관리자,숨긴 항목 되돌리기: 왼쪽 위 톱니바퀴(관리자) → 「설정 옵션」 → 「숨긴 기능」 → 목록에서 「활성화」.,1,web/app.js:47673
app.휴지통_버리기_복원_삭제_폴더_cascade,휴지통 버리기 복원 삭제 폴더 cascade,1,web/app.js:47679
app.바인더에서_버린_폴더_원고는_휴지통에_보관돼,바인더에서 버린 폴더·원고는 휴지통에 보관돼요. 폴더를 버리면 안에 있던 원고·하위 폴더도 함께 이동해요.,1,web/app.js:47681
app.관리자_휴지통에서_복원하기_휴지통_비우기_로,"관리자 → 휴지통에서: 복원하기, 「휴지통 비우기」로 완전 삭제 (되돌릴 수 없어요).",1,web/app.js:47682
app.저장_안전,저장 · 안전,1,web/app.js:47687
app.저장_자동저장_로컬_초안_백업_안전_inde,저장 자동저장 로컬 초안 백업 안전 indexeddb env api,1,web/app.js:47688
app.편집할_때_기기_저장소에_먼저_초안을_남긴,편집할 때 기기 저장소에 먼저 초안을 남긴 뒤 로컬 서버에 저장돼요. 서버에 오류가 나도 작성 중이던 글이 바로 사라지지 않도록 설계되어 있어요.,1,web/app.js:47690
app.중요한_작품은_내보내기나_기기_백업을_정기적,"중요한 작품은 내보내기나 기기 백업을 정기적으로 해두세요. .env의 API 키, 실제 DB 파일은 공유하거나 커밋하지 마세요.",1,web/app.js:47691
app.관리자_정보_도움말_사용자_숨긴기능_휴지통,관리자 정보 도움말 사용자 숨긴기능 휴지통 업데이트 문의,1,web/app.js:47697
app.왼쪽_위_톱니바퀴를_누르면_관리자_모드가_열,왼쪽 위 톱니바퀴를 누르면 관리자 모드가 열려요. 탭 순서: 정보 · 도움말 → 설정 옵션 → 사용자 관리 → 작품 관리 → 휴지통.,1,web/app.js:47699
app.정보_도움말_버전_Gemini_상태_사용_설,정보 · 도움말: 버전 · Gemini 상태 · 사용 설명서 검색 · 문의 메일. 사용자 관리: 향후 계정·플랜용 자리 (지금은 로컬 미리보기만 가능).,1,web/app.js:47700
app.데이터가_어디에_저장되나요,데이터가 어디에 저장되나요?,1,web/app.js:47709
app.이_기기의_로컬_DB에_저장됩니다_클라우드,"이 기기의 로컬 DB에 저장됩니다. 클라우드 필수 계정은 없습니다. 작품 핸들은 projects/*.stg 이고, 원고 원본은 data 폴더의 SQLite에 있습니다.",1,web/app.js:47710
app.원고_아래_하위_폴더는_어떻게_만드나요,원고 아래 하위 폴더는 어떻게 만드나요?,1,web/app.js:47714
app.바인더에서_원고_씬_를_우클릭_하위_폴더_만,"바인더에서 원고(씬)를 우클릭 → 「하위 폴더 만들기」를 고르거나, 해당 위치의 +로 추가합니다. 들여쓰기와 연결선으로 계층이 보입니다.",1,web/app.js:47715
app.장르는_어떻게_바꾸나요,장르는 어떻게 바꾸나요?,1,web/app.js:47719
app.설정집_장르_키워드_에서_작품_종류_메인_하,설정집 「장르·키워드」에서 작품 종류·메인·하위 장르 버튼을 우클릭해 고릅니다. 바꾸면 토리가 새 장르 기준으로 다시 학습해야 한다는 확인이 나옵니다. 작품 종류(에세이 등) 변경 시에도 같은 안내가 있습니다.,1,web/app.js:47720
app.다음_아이디어_브레인스토밍은_무엇을_보나요,다음 아이디어·브레인스토밍은 무엇을 보나요?,1,web/app.js:47724
app.작품_인덱스_설정_누적_정보를_참고해_제안해,작품 인덱스·설정·누적 정보를 참고해 제안해요. 브레인스토밍은 원하는 주제를 직접 적을 수도 있어요. Gemini 연결이 필요합니다.,1,web/app.js:47725
app.HWP_DOCX_교정고는_어떻게_넣나요,HWP/DOCX 교정고는 어떻게 넣나요?,1,web/app.js:47729
app.문서_가져오기에서_교정고_비교_분석_또는_H,문서 가져오기에서 「교정고 비교 분석」 또는 「HWP/DOCX 교정 파이프라인」을 선택합니다. 파이프라인은 매칭 → 정제 → 비교까지 한 흐름으로 처리합니다.,1,web/app.js:47730
app.버튼을_숨겼는데_어떻게_다시_켜나요,버튼을 숨겼는데 어떻게 다시 켜나요?,1,web/app.js:47734
app.관리자_모드_설정_옵션_숨긴_기능_에서_항목,관리자 모드 → 「설정 옵션」 → 「숨긴 기능」에서 항목별 「활성화」를 누릅니다. 숨기려면 해당 버튼을 우클릭 → 「이 기능 숨기기」입니다.,1,web/app.js:47735
app.버린_원고를_되돌릴_수_있나요,버린 원고를 되돌릴 수 있나요?,1,web/app.js:47739
app.관리자_휴지통에서_복원할_수_있습니다_휴지통,관리자 → 휴지통에서 복원할 수 있습니다. 「휴지통 비우기」를 하면 완전히 삭제되어 되돌릴 수 없습니다.,1,web/app.js:47740
app.데스크톱_앱_Electron,데스크톱 앱 (Electron),1,web/app.js:47773
app.브라우저_로컬_서버,브라우저 · 로컬 서버,1,web/app.js:47773
app.이_기기,이 기기,1,web/app.js:47780
app.로컬_저장_AI_구성_시_가져오기_내보내기,로컬 저장 · AI(구성 시) · 가져오기/내보내기,1,web/app.js:47785
app.검색_결과_matched_length_개,검색 결과 ${matched.length}개,1,web/app.js:47805
app.검색_결과가_없습니다_다른_단어를_시도해_보,검색 결과가 없습니다. 다른 단어를 시도해 보세요.,1,web/app.js:47805
app.설명서_HELP_MANUAL_SECTIONS,설명서 ${HELP_MANUAL_SECTIONS.length}개 항목,1,web/app.js:47806
app.p_class_hint_trash_empt_9,"<p class=""hint trash-empty"">일치하는 도움말이 없습니다.</p>",1,web/app.js:47809
app.SuperTory_문의_v_ver,[SuperTory] 문의 (v${ver}),1,web/app.js:47845
app.앱_버전_ver_실행_window_elect,"앱 버전: ${ver} 실행: ${window.electronAPI ? ""Electron"" : ""브라우저""}  문의 내용:",1,web/app.js:47847
app.메일_작성_창을_열었습니다,메일 작성 창을 열었습니다.,1,web/app.js:47858
app.메일_앱을_열_수_없습니다_시스템_기본_메일,메일 앱을 열 수 없습니다. 시스템 기본 메일 설정을 확인해 주세요.,1,web/app.js:47860
app.지난_일주일_글자_수를_확인해요_우클릭하면,지난 일주일 글자 수를 확인해요. 우클릭하면 더 많은 설정이 있어요.,1,web/app.js:47942
app.클릭하면_목차를_한눈에_볼_수_있어요_우클릭,클릭하면 목차를 한눈에 볼 수 있어요. 우클릭으로 바인더 글자 크기도 조절할 수 있어요.,1,web/app.js:47951
app.토리_모드를_설정할_수_있어요_팩폭_잘하는,토리 모드를 설정할 수 있어요. 팩폭 잘하는 투덜이는 어때요?,1,web/app.js:47960
app.떡밥을_던져_놓으면_회수_시기를_놓치지_않아,떡밥을 던져 놓으면 회수 시기를 놓치지 않아요. 사용해보실래요?,1,web/app.js:47969
app.폴더와_원고를_자유자재로_배치해요_끌어다_놓,폴더와 원고를 자유자재로 배치해요. 끌어다 놓기만 하세요.,1,web/app.js:47978
app.안_쓰는_기능은_숨길_수_있어요_미니멀리스트,안 쓰는 기능은 숨길 수 있어요. 미니멀리스트를 위한 팁입니당~,1,web/app.js:47987
app.완료,완료,1,web/app.js:48020
app.기본_Warm_Stone_Gray,기본 · Warm Stone Gray,1,web/app.js:48144
app.웜_스톤_그레이_눈_편한_차콜,웜 스톤 그레이 / 눈 편한 차콜,1,web/app.js:48145
app.쿨한_슬레이트_대신_따뜻한_스톤_그레이로_눈,쿨한 슬레이트 대신 따뜻한 스톤 그레이로 눈이 편한 기본 화면,1,web/app.js:48146
app.화이트_패널과_웜_딥차콜_대비로_가독성을_높,화이트 패널과 웜 딥차콜 대비로 가독성을 높인 기본 테마,1,web/app.js:48147
app.오트밀_샌드_따뜻한_베이지,오트밀 샌드 / 따뜻한 베이지,1,web/app.js:48155
app.이전_연베이지_오트밀_기본_톤을_그대로_쓸,이전 연베이지·오트밀 기본 톤을 그대로 쓸 수 있어요.,1,web/app.js:48156
app.따뜻하고_부드러운_베이지_분위기를_원할_때,따뜻하고 부드러운 베이지 분위기를 원할 때,1,web/app.js:48157
app.기본_다크_모드_작성_화면_바탕_기본은_R6,기본 다크 모드. 작성 화면 바탕 기본은 R63 G59 B54예요.,1,web/app.js:48166
app.기본_야간_다크_화면으로_전환합니다,기본 야간(다크) 화면으로 전환합니다.,1,web/app.js:48167
app.숲속_오두막,숲속 오두막,1,web/app.js:48173
app.토리의_숲속_오두막,토리의 숲속 오두막,1,web/app.js:48174
app.세이지_그린_피로_회복,세이지 그린 / 피로 회복,1,web/app.js:48175
app.세이지_그린_UI_연한_민트_작성_바탕으로,세이지 그린 UI + 연한 민트 작성 바탕으로 시각적 피로를 줄여 오랜 작업에 좋아요.,1,web/app.js:48176
app.눈이_자주_피로해지는_긴_집필_시간에_가장,눈이 자주 피로해지는 긴 집필 시간에 가장 추천하는 테마,1,web/app.js:48177
app.비밀_서재,비밀 서재,1,web/app.js:48183
app.토리의_비밀_서재,토리의 비밀 서재,1,web/app.js:48184
app.빈티지_세피아_아날로그_감성,빈티지 세피아 / 아날로그 감성,1,web/app.js:48185
app.클래식한_토리의_서재로_초대해요,클래식한 토리의 서재로 초대해요.,1,web/app.js:48186
app.베이지보다_한_톤_더_예스럽고_은은한_아날로,베이지보다 한 톤 더 예스럽고 은은한 아날로그 감성을 원할 때,1,web/app.js:48187
app.새벽_도서관,새벽 도서관,1,web/app.js:48193
app.토리의_새벽_도서관,토리의 새벽 도서관,1,web/app.js:48194
app.블루_그레이_몰입과_집중,블루 그레이 / 몰입과 집중,1,web/app.js:48195
app.소프트_블루_그레이_바탕에_차분한_슬레이트,"소프트 블루 그레이 바탕에 차분한 슬레이트 블루 포인트를 살려, 집중력이나 이성적인 글쓰기를 선호하는 작가님께 추천해요!",1,web/app.js:48196
app.따뜻한_톤보다_서늘하고_차분한_몰입감을_원할,따뜻한 톤보다 서늘하고 차분한 몰입감을 원할 때,1,web/app.js:48197
app.추억_교실,추억 교실,1,web/app.js:48203
app.나무_갈색_바탕_초록_박스_선,나무 갈색 바탕 / 초록 박스 선,1,web/app.js:48206
app.나무_책상_같은_갈색_바탕에_초록_테두리_칠,나무 책상 같은 갈색 바탕에 초록 테두리·칠판 액센트로 교실 감성을 살려요. 작성 화면 바탕은 기본이 칠판 모드예요.,1,web/app.js:48207
app.빈티지하면서도_편안한_집필_분위기를_원할_때,빈티지하면서도 편안한 집필 분위기를 원할 때,1,web/app.js:48208
app.심야_다락방,심야 다락방,1,web/app.js:48214
app.토리의_심야_다락방,토리의 심야 다락방,1,web/app.js:48215
app.네이비_차콜_야간_눈부심_방지,네이비 차콜 / 야간 눈부심 방지,1,web/app.js:48216
app.야간_작업_시_눈부심을_완벽하게_잡아줘요_작,야간 작업 시 눈부심을 완벽하게 잡아줘요. 작성 화면 바탕 기본은 차분한 회색(R217 G217 B217)이에요.,1,web/app.js:48217
app.밤늦게_조명을_낮추고_작업하는_야간_집필용,밤늦게 조명을 낮추고 작업하는 야간 집필용,1,web/app.js:48218
app.화이트_블랙,화이트 / 블랙,1,web/app.js:48226
app.E_ink_화면을_쓰시는_작가님들을_위해_마,E ink 화면을 쓰시는 작가님들을 위해 마련했어요 ❤️,1,web/app.js:48227
app.전자잉크_고대비_단순_화면이_필요할_때,전자잉크·고대비 단순 화면이 필요할 때,1,web/app.js:48228
app.구름_산책,구름 산책,1,web/app.js:48234
app.토리의_구름_산책,토리의 구름 산책,1,web/app.js:48235
app.소프트_스카이_파스텔_청량한_하늘색,소프트 스카이 파스텔 / 청량한 하늘색,1,web/app.js:48236
app.탁_트인_하늘처럼_머리가_맑아지고_마음이_가,탁 트인 하늘처럼 머리가 맑아지고 마음이 가벼워져요.,1,web/app.js:48237
app.머리를_환기하고_가볍게_집필하고_싶을_때,머리를 환기하고 가볍게 집필하고 싶을 때,1,web/app.js:48238
app.봄날_정원,봄날 정원,1,web/app.js:48244
app.토리의_봄날_정원,토리의 봄날 정원,1,web/app.js:48245
app.소프트_베이비_핑크_따스한_로즈_톤,소프트 베이비 핑크 / 따스한 로즈 톤,1,web/app.js:48246
app.따스하고_포근한_핑크빛으로_달콤한_상상력을,따스하고 포근한 핑크빛으로 달콤한 상상력을 채워줘요.,1,web/app.js:48247
app.포근하고_달콤한_분위기에서_상상력을_펼치고,포근하고 달콤한 분위기에서 상상력을 펼치고 싶을 때,1,web/app.js:48248
app.노을빛_창가,노을빛 창가,1,web/app.js:48254
app.토리의_노을빛_창가,토리의 노을빛 창가,1,web/app.js:48255
app.따뜻한_노을_샌드_소프트_오렌지_앰버,따뜻한 노을 샌드 / 소프트 오렌지 앰버,1,web/app.js:48256
app.해_질_녘_창가처럼_따스하고_감성적인_몰입을,해 질 녘 창가처럼 따스하고 감성적인 몰입을 선사해요. 작성 화면 바탕은 기본이 세피아예요.,1,web/app.js:48257
app.따뜻하고_감성적인_분위기에서_몰입하고_싶을,따뜻하고 감성적인 분위기에서 몰입하고 싶을 때,1,web/app.js:48258
app.은빛_안개,은빛 안개,1,web/app.js:48264
app.토리의_은빛_안개,토리의 은빛 안개,1,web/app.js:48265
app.순수_무채색_그레이_미니멀,순수 무채색 그레이 / 미니멀,1,web/app.js:48266
app.푸른_기운을_뺀_맑은_그레이로_군더더기_없는,푸른 기운을 뺀 맑은 그레이로 군더더기 없는 몰입을 선사해요.,1,web/app.js:48267
app.따뜻함보다_정갈하고_미니멀한_화면을_원할_때,따뜻함보다 정갈하고 미니멀한 화면을 원할 때,1,web/app.js:48268
app.몽상_시간,몽상 시간,1,web/app.js:48274
app.소프트_라벤더_몽환적_영감,소프트 라벤더 / 몽환적 영감,1,web/app.js:48277
app.아득한_영감을_불러오는_소프트_라벤더로_몽환,"아득한 영감을 불러오는 소프트 라벤더로, 몽환적인 상상과 감성적인 문장이 피어나요.",1,web/app.js:48278
app.아득하고_오묘한_분위기_속에서_영감을_따라가,아득하고 오묘한 분위기 속에서 영감을 따라가고 싶을 때,1,web/app.js:48279
app.테마_선택_닫기_지금_label,테마 선택 닫기 · 지금: ${label},1,web/app.js:48354
app.테마_선택_지금_label,테마 선택 · 지금: ${label},1,web/app.js:48354
app.테마_선택_닫기_지금은_label,테마 선택 닫기. 지금은 ${label},1,web/app.js:48356
app.테마_선택_지금은_label,테마 선택. 지금은 ${label},1,web/app.js:48357
app.테마,테마,1,web/app.js:48566
app.uiThemeToastLabel_next,「${uiThemeToastLabel(next)}」로 바꿨어요.,1,web/app.js:48743
app.가져온_글,가져온 글,1,web/app.js:49003
index.새_작품을_만듭니다,새 작품을 만듭니다,1,web/index.html:232
index.원고_초고_파일을_작품으로_불러옵니다,원고·초고 파일을 작품으로 불러옵니다,1,web/index.html:246
index.편집_교정고_토리가_회차_식별_후_비교합니다,편집 교정고 · 토리가 회차 식별 후 비교합니다,1,web/index.html:262
index.Word_한글_텍스트_등으로_저장,Word·한글·텍스트 등으로 저장,1,web/index.html:276
index.목차_개수_표시,목차 개수 표시,1,web/index.html:331
index.폴,폴,1,web/index.html:332
index.폴더_개수_표시,폴더 개수 표시,1,web/index.html:332
index.회,회,1,web/index.html:334
index.원고_개수_표시,원고 개수 표시,1,web/index.html:334
index.폴더_폴더_추가_안쪽_하위_폴더_폴더_원고,+폴더: 폴더 추가 · 안쪽 +: 하위 폴더 · 폴더·원고는 끌어 원하는 위치에 놓기 (무한 중첩 가능) · 우클릭: 기능 더 보기,1,web/index.html:375
index.삽입_위치가_표시됩니다,삽입 위치가 표시됩니다,1,web/index.html:379
index.작품_설정_묶음입니다_박스를_눌러_펼치세요,작품 설정 묶음입니다. 박스를 눌러 펼치세요.,1,web/index.html:392
index.로_설정_폴더_순서를_바꿀_수_있어요,⋮⋮ 로 설정 폴더 순서를 바꿀 수 있어요.,1,web/index.html:393
index.줄거리_개요,줄거리 개요,1,web/index.html:471
index.전체_줄거리나_결말_방향을_간단히_적어두면,"전체 줄거리나 결말 방향을 간단히 적어두면, 투고·공모전용 시놉시스 작성 시 더 정확한 결과를 받을 수 있어요.",1,web/index.html:473
index.작품_종류와_메인_하위_장르를_정해요_버튼을,작품 종류와 메인·하위 장르를 정해요. 버튼을,1,web/index.html:505
index.해_바꿉니다,해 바꿉니다.,1,web/index.html:505
index.태그를_고르면_이_작품_키워드로_저장됩니다,태그를 고르면 이 작품 키워드로 저장됩니다. 나중에 더 추가할 수 있어요.,1,web/index.html:571
index.아래_다섯_칸에_맞춰_적어두면_AI_보조가,아래 다섯 칸에 맞춰 적어두면 AI 보조가 세계관을 더 정확히 읽어요. 예시는 지우고 작품에 맞게 바꿔 주세요.,1,web/index.html:615
index.1_무대_및_시대,1. 무대 및 시대,1,web/index.html:618
index.2_세계의_특이점,2. 세계의 특이점,1,web/index.html:637
index.3_영향을_주는_극단적_요소,3. 영향을 주는 극단적 요소,1,web/index.html:656
index.평범한_일상을_위협하거나_전체_시스템을_흔드,평범한 일상을 위협하거나 전체 시스템을 흔드는 가장 거대한 변수입니다.,1,web/index.html:657
index.4_기본_체계_및_사회,4. 기본 체계 및 사회,1,web/index.html:670
index.5_세력_및_갈등,5. 세력 및 갈등,1,web/index.html:689
index.구조에_맞지_않던_이전_세계관_텍스트입니다,구조에 맞지 않던 이전 세계관 텍스트입니다. 위 칸으로 옮겨 정리해도 됩니다.,1,web/index.html:704
index.인물을_눌러_설정을_수정하거나_오른쪽_아이콘,"인물을 눌러 설정을 수정하거나, 오른쪽 → 아이콘으로 메인에서 볼 수 있어요.",1,web/index.html:730
index.본문_드래그_우클릭,본문 드래그 → 우클릭,1,web/index.html:751
index.또는_떡밥으로,", 또는 + 떡밥으로",1,web/index.html:751
index.작성_전_아이디어,작성 전 아이디어,1,web/index.html:751
index.를_적어_두세요,를 적어 두세요.,1,web/index.html:751
index.흥행_공식_분석으로_만든_프로파일을_이_작품,"흥행 공식 분석으로 만든 프로파일을 이 작품에 연결하면, 도우미의 흥행 공식 참고·피드백에 활용할 수 있어요.",1,web/index.html:777
index.프로파일_선택,프로파일 선택,1,web/index.html:783
index.토리와_이야기하다_나온_아이디어를,토리와 이야기하다 나온 아이디어를,1,web/index.html:810
index.하면_여기에_쌓입니다,하면 여기에 쌓입니다.,1,web/index.html:810
index.링크_출처_또는_PDF_Word_한글_텍스트,링크 출처 또는 PDF·Word·한글·텍스트,1,web/index.html:830
index.파일_업로드,파일 업로드,1,web/index.html:830
index.파일은_작성_중_옆에_펼쳐_볼_수_있어요,. 파일은 작성 중 옆에 펼쳐 볼 수 있어요(뷰어 전용).,1,web/index.html:830
index.수퍼_스토리,수퍼 스토리,1,web/index.html:954
index.이렇게_시작하면_좋아요,이렇게 시작하면 좋아요,1,web/index.html:959
index.작품_시작하기,작품 시작하기,1,web/index.html:963
index.왼쪽_위_버튼으로_새_글을_시작하거나_기존,"왼쪽 위 + 버튼으로 새 글을 시작하거나, 기존 원고를 편하게 불러오세요.",1,web/index.html:964
index.차근차근_회차_쓰기,차근차근 회차 쓰기,1,web/index.html:968
index.왼쪽_바인더에서_챕터와_씬을_만들고_가운데,"왼쪽 바인더에서 챕터와 씬을 만들고, 가운데 본문 창에서 자유롭게 이야기를 펼쳐보세요.",1,web/index.html:969
index.토리와_함께_쓰기,토리와 함께 쓰기,1,web/index.html:973
index.오른쪽_SuperTORY는_글이_막힐_때_언,"오른쪽 SuperTORY는 글이 막힐 때 언제든 도와주는 AI 창작 파트너예요. 스토리 확장, 설정 스캔, 자유 대화까지 집필의 모든 순간을 함께합니다.",1,web/index.html:974
index.알아두면_유용한_팁,알아두면 유용한 팁,1,web/index.html:978
index.작성_중인_글은_이_기기에_자동으로_안심_저,"작성 중인 글은 이 기기에 자동으로 안심 저장돼요. 본문에서 마우스 우클릭을 하면 북마크, 이미지, 떡밥 메모 등 유용한 메뉴를 바로 쓸 수 있답니다.",1,web/index.html:979
index.포스트잇_메모를_크게_펼쳐_한눈에_볼_수_있,포스트잇 메모를 크게 펼쳐 한눈에 볼 수 있어요.,1,web/index.html:991
index.위_클립으로_색,위 클립으로 색,1,web/index.html:991
index.모서리로_크기,모서리로 크기,1,web/index.html:991
index.고정핀으로_목록_하단에_고정,고정핀으로 목록 하단에 고정,1,web/index.html:991
index.을_바꿀_수_있습니다,을 바꿀 수 있습니다.,1,web/index.html:991
index.위에서_작품_종류_장르를_보고_바꾸고_아래에,"위에서 작품 종류·장르를 보고 바꾸고, 아래에서 분위기 태그를 고르세요. 선택한 태그는 자동 저장됩니다.",1,web/index.html:1007
index.목록,목록,1,web/index.html:1040
index.작가메모,작가메모,1,web/index.html:1319
index.등장인물,등장인물,1,web/index.html:1331
index.세계관_캐릭터_설정과_어긋나는_지점을_찾아요,세계관·캐릭터 설정과 어긋나는 지점을 찾아요,1,web/index.html:1384
index.앞뒤_4회차와_같은_표현_비슷한_내용을_찾아,앞뒤 4회차와 같은 표현·비슷한 내용을 찾아요,1,web/index.html:1388
index.직접_작성,직접 작성,1,web/index.html:1397
index.자주_쓰는_분석_요청을_바로_실행_메뉴에_직,자주 쓰는 분석 요청을 [바로 실행] 메뉴에 직접 넣어요,1,web/index.html:1398
index.타자기,타자기,1,web/index.html:1441
index.편집_화면_옆에_나란히_둡니다,편집 화면 옆에 나란히 둡니다,1,web/index.html:1510
index.떠_있는_창으로_참고합니다,떠 있는 창으로 참고합니다,1,web/index.html:1514
index.분할을_끝냅니다,분할을 끝냅니다,1,web/index.html:1518
index.회차_설정집에서_우클릭으로_추가해요_이유_칸,회차·설정집에서 우클릭으로 추가해요. 이유 칸에 메모를 적을 수 있어요.,1,web/index.html:1573
index.선택,선택,1,web/index.html:1585
index.구상중,구상중,1,web/index.html:1601
index.초고_작성_중,초고 작성 중,1,web/index.html:1602
index.고치는_중,고치는 중,1,web/index.html:1603
index.요약,요약 ▾,1,web/index.html:1630
index.도구_아이콘_2,도구 아이콘 ▾,1,web/index.html:1639
index.서식,서식 ▾,1,web/index.html:1648
index.씬,씬,1,web/index.html:1681
index.공백_포함,공백 포함,1,web/index.html:1704
index.공백_제외,공백 제외,1,web/index.html:1705
index.단어_수,단어 수,1,web/index.html:1706
index.이_회차_등장_인물,이 회차 등장 인물,1,web/index.html:1740
index.설정집에서_만든_인물을_체크한_뒤,설정집에서 만든 인물을 체크한 뒤,1,web/index.html:1741
index.을_누르면_이_회차에_연결됩니다,을 누르면 이 회차에 연결됩니다.,1,web/index.html:1741
index.인물,+ 인물,1,web/index.html:1743
index.이_회차_시점_인물,이 회차 시점 인물,1,web/index.html:1747
index.시점_인물_없음,시점 인물 없음,1,web/index.html:1749
index.만_검사합니다,만 검사합니다.,1,web/index.html:1763
index.Gemini_검사기_또는_바른한글_검사기,"「Gemini 검사기」 또는 「바른한글 검사기」를 누르면 결과가 표시됩니다. 제안은 참고용이니, 작품의 문체와 고유명사는 직접 확인하고 결정해 주세요.",1,web/index.html:1764
index.앞부분_약_8_000자까지,"앞부분 약 8,000자까지",1,web/index.html:1770
index.문체_고유명사를_덜_건드리는_편,문체·고유명사를 덜 건드리는 편,1,web/index.html:1771
index.비교적_안정,비교적 안정,1,web/index.html:1772
index.바른한글_검사기로_보조_검사_전환,바른한글 검사기로 보조 검사 전환,1,web/index.html:1773
index.바른한글_검사기,바른한글 검사기,1,web/index.html:1777
index.앞부분_약_12_000자까지,"앞부분 약 12,000자까지",1,web/index.html:1779
index.전통적_맞춤법_규칙_기반,전통적 맞춤법 규칙 기반,1,web/index.html:1780
index.막히는_경우_있음,막히는 경우 있음,1,web/index.html:1781
index.Gemini_검사기로_보조_검사_전환,Gemini 검사기로 보조 검사 전환,1,web/index.html:1782
index.브라우저_빨간_밑줄_체크는_별개로_브라우저,"브라우저 빨간 밑줄 체크는 별개로, 브라우저 자체 철자 표시용입니다.",1,web/index.html:1786
index.검사를_누르면_결과가_여기에_표시됩니다,검사를 누르면 결과가 여기에 표시됩니다.,1,web/index.html:1791
index.링크와_파일을_나눠_저장합니다_설정집,링크와 파일을 나눠 저장합니다. 설정집,1,web/index.html:1798
index.에도_함께_보관됩니다,에도 함께 보관됩니다.,1,web/index.html:1798
index.링크,+ 링크,1,web/index.html:1800
index.파일,+ 파일,1,web/index.html:1801
index.끌어서_이동,끌어서 이동,1,web/index.html:1842
index.옆에_나란히_둡니다,옆에 나란히 둡니다,1,web/index.html:1868
index.떠_있는_창으로_둡니다,떠 있는 창으로 둡니다,1,web/index.html:1872
index.분할를_끝냅니다,분할를 끝냅니다,1,web/index.html:1876
index.내보내기,내보내기 ▾,1,web/index.html:1924
index.수정본을_Word로,수정본을 Word로,1,web/index.html:1926
index.한글_hwpx,한글 (.hwpx),1,web/index.html:1927
index.수정본을_한글로,수정본을 한글로,1,web/index.html:1927
index.텍스트_txt,텍스트 (.txt),1,web/index.html:1928
index.메모장,메모장,1,web/index.html:1928
index.마크다운,마크다운,1,web/index.html:1929
index.Word_한글_호환,Word·한글 호환,1,web/index.html:1930
index.브라우저,브라우저,1,web/index.html:1931
index.캐릭터_설정,캐릭터 설정,1,web/index.html:1975
index.인물_설정을_가운데에서_자세히_편집합니다,인물 설정을 가운데에서 자세히 편집합니다.,1,web/index.html:1976
index.인물_삭제,인물 삭제,1,web/index.html:1980
index.인물_설정_저장,인물 설정 저장,1,web/index.html:1981
index.이미지_없음,이미지 없음,1,web/index.html:1997
index.이미지_추가,이미지 추가,1,web/index.html:2000
index.이미지_제거,이미지 제거,1,web/index.html:2001
index.인물_참고용_사진_일러스트를_붙일_수_있어요,인물 참고용 사진·일러스트를 붙일 수 있어요.,1,web/index.html:2003
index.다른_이름_별칭,다른 이름 / 별칭,1,web/index.html:2039
index.별칭_추가,별칭 추가,1,web/index.html:2043
index.무대_특이점_극단_요소_사회_세력_다섯_박스,무대·특이점·극단 요소·사회·세력 다섯 박스로 정리합니다. 예시는 지우고 작품에 맞게 바꿔 주세요.,1,web/index.html:2296
index.인물_카드를_누르면_가운데에서_상세_설정을,인물 카드를 누르면 가운데에서 상세 설정을 편집합니다.,1,web/index.html:2314
index.원고_선택됨,원고 선택됨,1,web/index.html:2353
index.연결_해제,연결 해제,1,web/index.html:2356
index.소통방,소통방,1,web/index.html:2376
index.작성중,작성중,1,web/index.html:2407
index.직접요청,직접요청,1,web/index.html:2422
index.선택하기,선택하기,1,web/index.html:2430
index.결과보기,결과보기,1,web/index.html:2438
index.토리와_확인해요,토리와 확인해요,1,web/index.html:2458
index.반전_amp_개연성_검사기,반전 &amp; 개연성 검사기,1,web/index.html:2461
index.토리와_구상해요,토리와 구상해요,1,web/index.html:2466
index.토리와_함께_써요,토리와 함께 써요,1,web/index.html:2473
index.토리와_새_무대를_찾아요,토리와 새 무대를 찾아요,1,web/index.html:2483
index.영상_각본으로_바꾸기_준비중,🔒 영상 각본으로 바꾸기 · 준비중,1,web/index.html:2484
index.오디오북_낭독_대본으로_바꾸기_준비중,🔒 오디오북 낭독 대본으로 바꾸기 · 준비중,1,web/index.html:2485
index.다국어_번역하기_준비중,🔒 다국어 번역하기 · 준비중,1,web/index.html:2486
index.이_기능은_설정_창에서_진행해요,이 기능은 설정 창에서 진행해요.,1,web/index.html:2493
index.흥행_공식_분석은_단계_안내_창에서_진행해요,흥행 공식 분석은 단계 안내 창에서 진행해요.,1,web/index.html:2497
index.글럼프_응급실은_단계_안내_창에서_진행해요,글럼프 응급실은 단계 안내 창에서 진행해요.,1,web/index.html:2500
index.흥행_공식_분석_열기,흥행 공식 분석 열기,1,web/index.html:2505
index.요청_크게보기,요청 크게보기,1,web/index.html:2518
index.크게보기,크게보기,1,web/index.html:2519
index.흥행_공식_참고_선택,흥행 공식 참고 (선택),1,web/index.html:2528
index.AI_결과,AI 결과,1,web/index.html:2549
index.스타일별_초안,스타일별 초안,1,web/index.html:2553
index.후킹형_전개형_전환형_중_하나를_골라_원고에,후킹형 · 전개형 · 전환형 중 하나를 골라 원고에 넣을 수 있어요.,1,web/index.html:2554
index.선택한_스타일_이어_쓰기_결과,선택한 스타일 이어 쓰기 결과,1,web/index.html:2561
index.이_버전을_원고에_넣기,이 버전을 원고에 넣기,1,web/index.html:2565
index.원고_끝에_넣기,원고 끝에 넣기,1,web/index.html:2571
index.누구와_대화할까요,누구와 대화할까요?,1,web/index.html:2588
index.토리와_대화하기,토리와 대화하기,1,web/index.html:2591
index.플롯_문체_막히는_장면_1_1로_편하게_물어,"플롯·문체·막히는 장면, 1:1로 편하게 물어봐요",1,web/index.html:2592
index.설정집_인물과_이야기하거나_여러_명을_골라,"설정집 인물과 이야기하거나, 여러 명을 골라 단톡방으로",1,web/index.html:2596
index.가상_독자와_대화하기,가상 독자와 대화하기,1,web/index.html:2599
index.독자_시점으로_반응을_들어_봐요,독자 시점으로 반응을 들어 봐요,1,web/index.html:2600
index.시뮬레이션,시뮬레이션,1,web/index.html:2607
index.한_명_또는_여러_명을_고르면_단톡방으로_이,한 명 또는 여러 명을 고르면 단톡방으로 이야기할 수 있어요.,1,web/index.html:2619
index.대화_시작,대화 시작,1,web/index.html:2622
index.어떤_상황인가요,어떤 상황인가요?,1,web/index.html:2631
index.대화_시뮬레이션,대화 시뮬레이션,1,web/index.html:2639
index.전체_복사하기,전체 복사하기,1,web/index.html:2640
index.인물_다시_고르기,인물 다시 고르기,1,web/index.html:2646
index.다른_상황으로,다른 상황으로,1,web/index.html:2648
index.독자를_한_명_고른_뒤_대화를_시작해요,독자를 한 명 고른 뒤 대화를 시작해요.,1,web/index.html:2668
index.대화_시작하기,대화 시작하기,1,web/index.html:2673
index.토론_시작하기,토론 시작하기,1,web/index.html:2681
index.토론_진행_화면은_곧_연결돼요_지금은_고른,토론 진행 화면은 곧 연결돼요. 지금은 고른 독자만 확인해요.,1,web/index.html:2694
index.다른_독자와_대화하기,← 다른 독자와 대화하기,1,web/index.html:2699
index.첨부됨,첨부됨,1,web/index.html:2710
index.흥행요인_분석가_세션_일반_대화와_히스토리가,흥행요인 분석가 세션 · 일반 대화와 히스토리가 분리됩니다,1,web/index.html:2780
index.일반_대화로,일반 대화로,1,web/index.html:2781
index.켜짐,켜짐,1,web/index.html:2821
index.수동,수동,1,web/index.html:2823
index.대화_히스토리,대화 히스토리,1,web/index.html:2846
index.대화_지우기로_비운_내용이_여기에_보관됩니다,대화 지우기로 비운 내용이 여기에 보관됩니다. 열어 보거나 다시 이어갈 수 있어요.,1,web/index.html:2849
index.이_대화_이어가기,이 대화 이어가기,1,web/index.html:2859
index.바인더에서_회차를_고르면_이_독자에게_함께,바인더에서 회차를 고르면 이 독자에게 함께 보여 줘요. 첨부 없이도 대화할 수 있어요.,1,web/index.html:2875
index.카드를_누르면_그_독자와_대화를_시작해요_소,카드를 누르면 그 독자와 대화를 시작해요. 소개는 잘리지 않고 전부 보여 줍니다.,1,web/index.html:2895
index.0명_선택됨,0명 선택됨,1,web/index.html:2912
index.부담_없이_또렷한_존댓말,부담 없이 또렷한 존댓말,1,web/index.html:2935
index.격식_있는_보고서_톤,격식 있는 보고서 톤,1,web/index.html:2939
index.편한_찐친_리액션_활발,편한 찐친 · 리액션 활발,1,web/index.html:2943
index.우쭈쭈_이모지_적극,우쭈쭈 · 이모지 적극,1,web/index.html:2947
index.차분한_조언_피드백,차분한 조언·피드백,1,web/index.html:2951
index.팩폭_시니컬한_칭찬_단점_직설,팩폭 · 시니컬한 칭찬 · 단점 직설,1,web/index.html:2955
index.크게_보기,크게 보기,1,web/index.html:2963
index.작업_목적에_맞는_범위에서_문체_톤_등에_참,작업 목적에 맞는 범위에서 문체·톤 등에 참고합니다.,1,web/index.html:2985
index.글쓰기_기록,글쓰기 기록,1,web/index.html:3009
index.달력,달력,1,web/index.html:3013
index.집계,집계,1,web/index.html:3014
index.일,일,1,web/index.html:3028
index.화,화,1,web/index.html:3028
index.수,수,1,web/index.html:3028
index.목,목,1,web/index.html:3028
index.금,금,1,web/index.html:3028
index.토,토,1,web/index.html:3028
index.색이_진할수록_그날_더_많이_썼어요_순수_집,색이 진할수록 그날 더 많이 썼어요. 순수 집필 시간만 집계됩니다.,1,web/index.html:3031
index.기록_전체_삭제,기록 전체 삭제,1,web/index.html:3038
index.선택_취소,선택 취소,1,web/index.html:3049
index.선택한_기록_삭제,선택한 기록 삭제,1,web/index.html:3050
index.날짜를_선택하세요,날짜를 선택하세요,1,web/index.html:3054
index.SuperTORY를_설치하고_글쓰기_친구_토,SuperTORY를 설치하고 글쓰기 친구 토리를 처음 만난 날이에요.,1,web/index.html:3061
index.쓴_글자,쓴 글자,1,web/index.html:3065
index.시작_시각,시작 시각,1,web/index.html:3066
index.세션_수,세션 수,1,web/index.html:3068
index.SuperTORY를_켜_두어도_입력이_없으면,SuperTORY를 켜 두어도 입력이 없으면 시간이 차감됩니다.,1,web/index.html:3070
index.일간_주간_월별_글자_수와_집필_시간을_한눈,일간 · 주간 · 월별 글자 수와 집필 시간을 한눈에 봅니다. (순수 집필 시간 · 순증가 글자),1,web/index.html:3076
index.일간_집계,일간 집계,1,web/index.html:3079
index.주간_집계,주간 집계,1,web/index.html:3083
index.월별_집계,월별 집계,1,web/index.html:3087
index.글자수_집필_시간_집계_방식_목표_알림_미입,"글자수·집필 시간 집계 방식, 목표 알림, 미입력 시간 차감을 조절합니다.",1,web/index.html:3093
index.집계_방식,집계 방식,1,web/index.html:3095
index.체크_시_기록_버튼을_누르지_않아도_장면_본,체크 시 기록 버튼을 누르지 않아도 장면 본문 순증가 글자를 집계합니다. 해제하면 글자수 수동집계 —,1,web/index.html:3100
index.을_눌러야_글자수_집계가_시작됩니다,을 눌러야 글자수 집계가 시작됩니다.,1,web/index.html:3100
index.기본은_해제_수동,기본은 해제(수동):,1,web/index.html:3105
index.을_눌렀을_때만_집필_시간을_셉니다_체크하면,을 눌렀을 때만 집필 시간을 셉니다. 체크하면 기록 없이 입력 중일 때도 시간이 쌓입니다.,1,web/index.html:3105
index.기본_30분_직접_바꿀_수_있습니다_이_시간,기본 30분 — 직접 바꿀 수 있습니다. 이 시간 동안 키 입력이 없으면 집필 시간에서 제외합니다.,1,web/index.html:3124
index.끄면_기록_중일_때_버튼에_기록중_만_표시됩,끄면 기록 중일 때 버튼에 「기록중」만 표시됩니다.,1,web/index.html:3129
index.설정_저장,설정 저장,1,web/index.html:3131
index.체크하면_휴대폰_앱에서_쓴_글자수_집필_시간,체크하면 휴대폰 앱에서 쓴 글자수·집필 시간도 달력·통계에 합산합니다.,1,web/index.html:3144
index.연동_코드,연동 코드,1,web/index.html:3147
index.코드_발급,코드 발급,1,web/index.html:3150
index.코드를_발급하면_앱_연동_준비_상태가_됩니다,코드를 발급하면 앱 연동 준비 상태가 됩니다.,1,web/index.html:3152
index.받은_글,받은 글,1,web/index.html:3153
index.고민_길어지면_토리한테_힌트_달라고_하기,고민 길어지면 토리한테 힌트 달라고 하기 🎲,1,web/index.html:3174
index.SuperTORY_결과,SuperTORY 결과,1,web/index.html:3181
index.결과를_넓게_읽어요_닫아도_결과_옆_히스토리,결과를 넓게 읽어요. 닫아도 「결과」옆 히스토리에서 다시 볼 수 있어요.,1,web/index.html:3184
index.원고에_넣기,원고에 넣기,1,web/index.html:3198
index.마음에_드는_소제목을_골라_바로_적용하거나,마음에 드는 소제목을 골라 바로 적용하거나 복사해 보세요.,1,web/index.html:3211
index.다시_추천받기,다시 추천받기,1,web/index.html:3217
index.토리의_오프닝_아이디어,토리의 오프닝 아이디어,1,web/index.html:3227
index.마음에_드는_첫_문장을_골라_보세요_클릭하면,마음에 드는 첫 문장을 골라 보세요. 클릭하면 바로 원고에 들어가요.,1,web/index.html:3230
index.다시_만들기,다시 만들기,1,web/index.html:3237
index.요청을_넓게_적어요_아래_버튼으로_바로_토리,요청을 넓게 적어요. 아래 버튼으로 바로 토리에게 물어볼 수 있어요.,1,web/index.html:3250
index.도우미_설정,도우미 설정,1,web/index.html:3270
index.단서가_원고에_심겼는지_를_봐요_반전이_설,「단서가 원고에 심겼는지」를 봐요. 반전이 설득력 있는지는 반전 &amp; 개연성 검사기를 이용해 주세요.,1,web/index.html:3277
index.지금_편집_중인_회차_끝에서_이어_씁니다,지금 편집 중인 회차 끝에서 이어 씁니다.,1,web/index.html:3320
index.분량과_상관없이_장면이_자연스럽게_끝나는_지,"분량과 상관없이, 장면이 자연스럽게 끝나는 지점까지 이어 써요.",1,web/index.html:3346
index.다듬을_문장_입력_방식,다듬을 문장 입력 방식,1,web/index.html:3368
index.문장_입력_방식,문장 입력 방식,1,web/index.html:3370
index.본문에서_선택,본문에서 선택,1,web/index.html:3373
index.직접_쓰기,직접 쓰기,1,web/index.html:3377
index.회차_주제는_브레인스토밍_설정_창에서_고를,회차·주제는 브레인스토밍 설정 창에서 고를 수 있어요.,1,web/index.html:3396
index.묘사할_대상을_구체적으로_적어_주세요_지금,묘사할 대상을 구체적으로 적어 주세요. 지금 작성 중인 회차의 문체를 참고해서 써 드려요.,1,web/index.html:3403
index.단계_안내,단계 안내,1,web/index.html:3433
index.모두,모두,1,web/index.html:3448
index.화수_기준_최대,화수 기준: 최대,1,web/index.html:3451
index.50화,50화,1,web/index.html:3451
index.추천_30화,(추천 30화),1,web/index.html:3451
index.글자수_기준_최대,글자수 기준: 최대,1,web/index.html:3452
index.300_000자,"300,000자",1,web/index.html:3452
index.추천_180_000자,"(추천 180,000자)",1,web/index.html:3452
index.회차_분량이_짧으면_화수를_회차_분량이_길면,"회차 분량이 짧으면 화수를, 회차 분량이 길면 글자수를 더 눈여겨봐 주세요.",1,web/index.html:3454
index.작품_규모를_어떤_기준으로_적을지_골라_주세,작품 규모를 어떤 기준으로 적을지 골라 주세요. (하나만 선택),1,web/index.html:3464
index.구간_추천을_위해_회차로_환산해요_예_20권,구간 추천을 위해 회차로 환산해요. 예: 20권 × 10화 = 200화,1,web/index.html:3487
index.다음_단계에서_구간_범위를_자동_추천할_때,다음 단계에서 구간 범위를 자동 추천할 때 사용해요.,1,web/index.html:3490
index.분석할_구간을_고르세요_복수_선택_가능,분석할 구간을 고르세요. (복수 선택 가능),1,web/index.html:3494
index.합계_0화_최대_50화,합계: 0화 / 최대 50화,1,web/index.html:3505
index.총_글자_0_최대_300_000,"총 글자: 0 / 최대 300,000",1,web/index.html:3514
index.분석_시작,분석 시작,1,web/index.html:3524
index.글이_안_풀릴_때_지금_바로_꺼내_쓰거나_막,"글이 안 풀릴 때, 지금 바로 꺼내 쓰거나 막힌 지점부터 짚어 보세요.",1,web/index.html:3542
index.뭐부터_할지_모르겠다면_진단부터,"뭐부터 할지 모르겠다면, 진단부터",1,web/index.html:3551
index.토리가_문진표_들고_등장_증상_말하면_처방전,"토리가 문진표 들고 등장, 증상 말하면 처방전 발급",1,web/index.html:3552
index.막장주의,⚠ 막장주의,1,web/index.html:3556
index.막힌_전개에_사이다_대신_벼락_투척_감당은,"막힌 전개에 사이다 대신 벼락 투척, 감당은 작가님 몫",1,web/index.html:3557
index.수정_금지_일단_뇌_끄고_손가락만_굴리기,수정 금지! 일단 뇌 끄고 손가락만 굴리기,1,web/index.html:3561
index.엔터치면_핑_토리가_퐁_어느새_초안_뚝딱,"엔터치면 핑, 토리가 퐁, 어느새 초안 뚝딱",1,web/index.html:3565
index.뼈대는_토리가_디테일은_작가님이_퀘스트_깨듯,"뼈대는 토리가, 디테일은 작가님이 — 퀘스트 깨듯 쓱쓱",1,web/index.html:3569
index.마음에_안_들면_또_뽑기_3번_넘으면_그냥,"마음에 안 들면 또 뽑기, 3번 넘으면 그냥 운명",1,web/index.html:3573
index.주인공_소환해서_너_진짜_어디로_갈_건데_추,주인공 소환해서 '너 진짜 어디로 갈 건데' 추궁하기,1,web/index.html:3577
index.너_진짜_어디로_갈_건데,너 진짜 어디로 갈 건데,1,web/index.html:3577
index.타이핑_말고_클릭만_캐릭터랑_잠깐_놀아요,"타이핑 말고 클릭만, 캐릭터랑 잠깐 놀아요",1,web/index.html:3581
index.내가_쓴_명대사_복습하고_캐릭터한테_응원_받,내가 쓴 명대사 복습하고 캐릭터한테 응원 받기,1,web/index.html:3585
index.지금_뭐가_막히세요,지금 뭐가 막히세요?,1,web/index.html:3591
index.다음_장면이_안_그려져요,다음 장면이 안 그려져요,1,web/index.html:3593
index.완벽하게_써야_할_것_같아요,완벽하게 써야 할 것 같아요,1,web/index.html:3594
index.내_글이_별로인_것_같아요,내 글이 별로인 것 같아요,1,web/index.html:3595
index.오늘은_쓰기_너무_힘들어요,오늘은 쓰기 너무 힘들어요,1,web/index.html:3596
index.조금_더_구체적으로요,조금 더 구체적으로요,1,web/index.html:3604
index.다음에_무슨_일이_일어날지_모르겠어요,다음에 무슨 일이 일어날지 모르겠어요,1,web/index.html:3606
index.문장이_안_풀려요,문장이 안 풀려요,1,web/index.html:3607
index.첫_문장부터_안_써져요,첫 문장부터 안 써져요,1,web/index.html:3608
index.혼자_밀고_가기_버거워요,혼자 밀고 가기 버거워요,1,web/index.html:3609
index.조금이라도_써볼래요,조금이라도 써볼래요,1,web/index.html:3620
index.손가락_놀이_할래요,손가락 놀이 할래요,1,web/index.html:3621
index.오늘은_그냥_쉴래요,오늘은 그냥 쉴래요,1,web/index.html:3622
index.와일드카드_스파크_받아보기,와일드카드 스파크 받아보기,1,web/index.html:3625
index.멘탈_비타민_받아보기,멘탈 비타민 받아보기,1,web/index.html:3626
index.빈칸_채우기_시작하기,빈칸 채우기 시작하기,1,web/index.html:3627
index.핑퐁_릴레이_시작하기,핑퐁 릴레이 시작하기,1,web/index.html:3628
index.캐릭터_1_1_청문회_시작하기,캐릭터 1:1 청문회 시작하기,1,web/index.html:3630
index.10분_동안_수정_없이_막_써_내려가요,10분 동안 수정 없이 막 써 내려가요,1,web/index.html:3633
index.이_도구는_곧_열어요_지금은_진단만_확인하시,이 도구는 곧 열어요. 지금은 진단만 확인하시면 돼요.,1,web/index.html:3635
index.처음부터,처음부터,1,web/index.html:3638
index.완성해서_원고에_넣기,완성해서 원고에 넣기,1,web/index.html:3681
index.계속_이어갈까요,계속 이어갈까요,1,web/index.html:3697
index.토리에게_넘기기,토리에게 넘기기,1,web/index.html:3703
index.이_문장으로_시작하기,이 문장으로 시작하기,1,web/index.html:3723
index.전개_힌트_보기,전개 힌트 보기,1,web/index.html:3738
index.원고에는_안_들어가요_보고만_있어도_돼요,원고에는 안 들어가요. 보고만 있어도 돼요.,1,web/index.html:3749
index.내_캐릭터한테_어울리는_색_AI가_골라드려요,"내 캐릭터한테 어울리는 색, AI가 골라드려요",1,web/index.html:3753
index.없는_노래를_만들어서_분위기만_느껴_볼게요,없는 노래를 만들어서 분위기만 느껴 볼게요,1,web/index.html:3757
index.사진만_슬쩍_보다가_나와도_돼요,사진만 슬쩍 보다가 나와도 돼요,1,web/index.html:3761
index.장르_단어를_입안에서만_굴려_볼게요,장르 단어를 입안에서만 굴려 볼게요,1,web/index.html:3765
index.내_캐릭터_운명_타로로_한_번_봐드릴게요,"내 캐릭터 운명, 타로로 한 번 봐드릴게요",1,web/index.html:3769
index.이름이_안_떠오를_때_동양_서양_현대_한_번,"이름이 안 떠오를 때, 동양·서양·현대 한 번에 쭉 보기",1,web/index.html:3773
index.다른_딴짓도_볼래요,🎲 다른 딴짓도 볼래요,1,web/index.html:3786
index.이제_좀_써볼까요,✍️ 이제 좀 써볼까요,1,web/index.html:3787
index.그냥_나갈래요,🚪 그냥 나갈래요,1,web/index.html:3788
index.모드를_고르면_지금_열려_있는_원고에서_바로,모드를 고르면 지금 열려 있는 원고에서 바로 시작해요.,1,web/index.html:3799
index.10분_동안_백스페이스_없이_막_써_내려가요,10분 동안 백스페이스 없이 막 써 내려가요,1,web/index.html:3803
index.10분_동안_방금_쓴_문장이_흐려져서_다시,10분 동안 방금 쓴 문장이 흐려져서 다시 읽을 수 없어요,1,web/index.html:3807
index.500자_쓸_때까지_백스페이스가_봉인돼요,500자 쓸 때까지 백스페이스가 봉인돼요,1,web/index.html:3811
index.스프린트_완료,스프린트 완료,1,web/index.html:3828
index.원고에_반영하기,원고에 반영하기,1,web/index.html:3831
index.조금_더_쓰기,조금 더 쓰기,1,web/index.html:3832
index.결과_히스토리,결과 히스토리,1,web/index.html:3847
index.이_작품에서_받은_SuperTORY_결과를,이 작품에서 받은 SuperTORY 결과를 모아 둡니다. 항목을 누르면 다시 읽을 수 있어요.,1,web/index.html:3850
index.다시_열기,다시 열기,1,web/index.html:3861
index.전체_비우기,전체 비우기,1,web/index.html:3865
index.원문,원문,1,web/index.html:3886
index.분량이_꽤_많아요,분량이 꽤 많아요,1,web/index.html:3919
index.선택_다시_하기,선택 다시 하기,1,web/index.html:3927
index.계속_진행,계속 진행,1,web/index.html:3928
index.작품을_선택해_주세요,작품을 선택해 주세요.,1,web/index.html:3944
index.저장_경로,저장 경로,1,web/index.html:3948
index.비우면_다운로드_폴더,비우면 다운로드 폴더,1,web/index.html:3949
index.찾아보기,찾아보기,1,web/index.html:3960
index.적용,적용,1,web/index.html:3961
index.이_PC_폴더에_바로_저장,이 PC 폴더에 바로 저장,1,web/index.html:3969
index.저장_후_폴더_위치_표시,저장 후 폴더 위치 표시,1,web/index.html:3973
index.작품_전체_회차,작품 전체 회차,1,web/index.html:3984
index.원하는_회차만,원하는 회차만,1,web/index.html:3988
index.전체_선택,전체 선택,1,web/index.html:3996
index.선택_해제,선택 해제,1,web/index.html:3997
index.파일_형식,파일 형식,1,web/index.html:4003
index.작품_제목과_종류_장르를_정하면_바로_쓸_수,작품 제목과 종류·장르를 정하면 바로 쓸 수 있어요. 종류와 장르는 나중에 바꿀 수 있습니다.,1,web/index.html:4019
index.어떤_방식으로_할까요,어떤 방식으로 할까요?,1,web/index.html:4110
index.토리_교정_파이프라인_본문_메모_정밀_분석,토리 교정 파이프라인 (본문+메모 정밀 분석),1,web/index.html:4116
index.권장,★권장,1,web/index.html:4117
index.꼼꼼하게_다_해줄게요,꼼꼼하게 다 해줄게요.,1,web/index.html:4119
index.토리가_원고의_제목과_내용을_읽어_해당_회차,"토리가 원고의 제목과 내용을 읽어 해당 회차를 자동으로 찾아내요. 공백이나 서식을 깨끗하게 정제한 뒤, 기존 원고와 어디가 달라졌는지 한눈에 보는 비교 보고서까지 완성해 드립니다.",1,web/index.html:4120
index.안전,안전,1,web/index.html:4128
index.원고는_건드리지_않고_바뀐_부분만_보여줄게요,"원고는 건드리지 않고, 바뀐 부분만 보여줄게요.",1,web/index.html:4130
index.토리가_올려주신_파일과_기존_원고를_대조하여,토리가 올려주신 파일과 기존 원고를 대조하여 수정된 내역(비교 보고서)만 깔끔하게 정리해서 보여드립니다.,1,web/index.html:4131
index.주의,⚠ 주의,1,web/index.html:4139
index.회차만_찾아서_바로_교체할게요,회차만 찾아서 바로 교체할게요.,1,web/index.html:4141
index.토리가_파일에_맞는_회차를_알아서_찾아낸_뒤,"토리가 파일에 맞는 회차를 알아서 찾아낸 뒤, 복잡한 비교 절차 없이 기존 원고를 새 교정본 내용으로 덮어써 드립니다. 이미 검수가 끝난 최종 확정 원고에 추천해요.",1,web/index.html:4142
index.가져온_문서와_동일해요,가져온 문서와 동일해요,1,web/index.html:4154
index.직접_작성할래요,직접 작성할래요,1,web/index.html:4158
index.제목_직접_입력,제목 직접 입력,1,web/index.html:4162
index.교정고_맞는_회차_찾아_덮어쓰기,교정고 → 맞는 회차 찾아 덮어쓰기,1,web/index.html:4231
index.교정고_비교_분석_덮어쓰기_안_함,교정고 비교 분석 (덮어쓰기 안 함),1,web/index.html:4232
index.HWP_DOCX_교정_파이프라인_매칭_정제,HWP/DOCX 교정 파이프라인 (매칭·정제·비교),1,web/index.html:4233
index.자동_목차_권_부_회차,자동 (목차 → 권/부/회차),1,web/index.html:4264
index.목차_차례_대로_권_부_회차_만들기,목차(차례)대로 권·부·회차 만들기,1,web/index.html:4265
index.제목_제1장_등_마다_챕터로_나누기,"제목(#, 제1장 등)마다 챕터로 나누기",1,web/index.html:4266
index.씬_구분_기준으로_나누기,씬 구분 기준으로 나누기,1,web/index.html:4267
index.통째로_한_씬,통째로 한 씬,1,web/index.html:4268
index.여러_개를_고르면_그중_하나라도_맞으면_새,여러 개를 고르면 그중 하나라도 맞으면 새 씬으로 나눕니다. 웹소설처럼 한 줄 쓰고 한 줄 띄우는 문체면 빈 줄을 2줄 이상으로 올려 주세요.,1,web/index.html:4278
index.빈_줄,빈 줄,1,web/index.html:4295
index.이_내용으로_바꾸기,이 내용으로 바꾸기,1,web/index.html:4338
index.교정_교열_보고서,교정 · 교열 보고서,1,web/index.html:4347
index.해당_회차_열기,해당 회차 열기,1,web/index.html:4362
index.이_원고_아래에_새_하위_원고를_만들어요,이 원고 아래에 새 하위 원고를 만들어요,1,web/index.html:4372
index.하위_폴더_만들기,하위 폴더 만들기,1,web/index.html:4375
index.이_원고_아래에_새_폴더를_만들어요,이 원고 아래에 새 폴더를 만들어요,1,web/index.html:4376
index.상위_밖으로_빼기,상위 밖으로 빼기,1,web/index.html:4379
index.하위_관계를_끊고_폴더_최상위로_올려요,하위 관계를 끊고 폴더 최상위로 올려요,1,web/index.html:4380
index.이_회차_제목을_수정해요,이 회차 제목을 수정해요,1,web/index.html:4385
index.복제하기,복제하기,1,web/index.html:4396
index.바로_아래에_같은_원고_사본을_만들어요,바로 아래에 같은 원고 사본을 만들어요,1,web/index.html:4397
index.이_회차_내보내기,이 회차 내보내기,1,web/index.html:4401
index.회차_버리기,회차 버리기,1,web/index.html:4406
index.휴지통으로_옮겨요_하위_원고_포함_나중에_복,"휴지통으로 옮겨요 (하위 원고 포함, 나중에 복원 가능)",1,web/index.html:4407
index.목록_제목_크기,목록 제목 크기,1,web/index.html:4412
index.폴더_원고_제목_글자_크기를_바꿔요,폴더·원고 제목 글자 크기를 바꿔요.,1,web/index.html:4427
index.목록_줄간격,목록 줄간격,1,web/index.html:4429
index.목차_행_사이_간격을_바꿔요,목차 행 사이 간격을 바꿔요.,1,web/index.html:4444
index.개수_표시_숨기기,개수 표시 숨기기,1,web/index.html:4447
index.목차_옆_폴더_회차_개수를_화면에서_감춰요,목차 옆 폴더·회차 개수를 화면에서 감춰요,1,web/index.html:4448
index.목차_글자_줄간격_조절_버튼을_화면에서_감춰,목차 글자·줄간격 조절 버튼을 화면에서 감춰요,1,web/index.html:4453
index.이_폴더_아래에_새_회차를_만들어요,이 폴더 아래에 새 회차를 만들어요,1,web/index.html:4461
index.안의_원고까지_휴지통으로_옮겨요,안의 원고까지 휴지통으로 옮겨요,1,web/index.html:4486
index.하위_폴더_추가,하위 폴더 추가,1,web/index.html:4493
index.이_상자_안에_새_하위_폴더를_만들어요,이 상자 안에 새 하위 폴더를 만들어요,1,web/index.html:4494
index.안의_하위_폴더_원고까지_휴지통으로_옮겨요,안의 하위 폴더·원고까지 휴지통으로 옮겨요,1,web/index.html:4519
index.폴더_우클릭_색상_변경,폴더 우클릭 → 색상 변경,1,web/index.html:4545
index.가운데_화면에서_크게_열어요,가운데 화면에서 크게 열어요,1,web/index.html:4556
index.문서로_내보내기_Word,문서로 내보내기 · Word,1,web/index.html:4560
index.이_설정_내용을_docx로_내려받아요,이 설정 내용을 .docx로 내려받아요,1,web/index.html:4561
index.문서로_내보내기_한글,문서로 내보내기 · 한글,1,web/index.html:4564
index.이_설정_내용을_hwpx로_내려받아요,이 설정 내용을 .hwpx로 내려받아요,1,web/index.html:4565
index.문서로_내보내기_텍스트,문서로 내보내기 · 텍스트,1,web/index.html:4568
index.이_설정_내용을_txt로_내려받아요,이 설정 내용을 .txt로 내려받아요,1,web/index.html:4569
index.설정집_관련_버튼을_화면에서_감춰요,설정집 관련 버튼을 화면에서 감춰요,1,web/index.html:4574
index.북마크한_항목으로_이동해요,북마크한 항목으로 이동해요,1,web/index.html:4582
index.상단_목록에서_제거해요,상단 목록에서 제거해요,1,web/index.html:4586
index.이_북마크_칩을_화면에서_감춰요,이 북마크 칩을 화면에서 감춰요,1,web/index.html:4591
index.색_선택,색 선택,1,web/index.html:4596
index.팔레트,팔레트…,1,web/index.html:4605
index.지우기,지우기,1,web/index.html:4606
index.형광펜_글자색_음영상자_버튼을_화면에서_감춰,형광펜·글자색·음영상자 버튼을 화면에서 감춰요,1,web/index.html:4612
index.목록_해제,목록 해제,1,web/index.html:4622
index.글머리_기호_버튼을_화면에서_감춰요,글머리 기호 버튼을 화면에서 감춰요,1,web/index.html:4627
index.특수문자_버튼을_화면에서_감춰요,특수문자 버튼을 화면에서 감춰요,1,web/index.html:4637
index.전체_문서,전체 문서,1,web/index.html:4642
index.전체_문서에_적용,전체 문서에 적용,1,web/index.html:4643
index.글꼴_크기_선택_항목을_화면에서_감춰요,글꼴·크기 선택 항목을 화면에서 감춰요,1,web/index.html:4647
index.모든_씬에_이_목표_적용,모든 씬에 이 목표 적용,1,web/index.html:4653
index.목표_기준_공백_단어_등_함께_적용,목표 + 기준(공백/단어 등) 함께 적용,1,web/index.html:4654
index.목표_입력_영역을_화면에서_감춰요,목표 입력 영역을 화면에서 감춰요,1,web/index.html:4658
index.진행_중_단색,진행 중 · 단색,1,web/index.html:4663
index.진행_중_그라데이션,진행 중 · 그라데이션,1,web/index.html:4665
index.달성_단색,달성 · 단색,1,web/index.html:4668
index.달성_그라데이션,달성 · 그라데이션,1,web/index.html:4670
index.초과_단색,초과 · 단색,1,web/index.html:4673
index.초과_그라데이션,초과 · 그라데이션,1,web/index.html:4675
index.테마_기본_색으로,테마 기본 색으로,1,web/index.html:4678
index.진행_게이지를_화면에서_감춰요,진행 게이지를 화면에서 감춰요,1,web/index.html:4682
index.원본_서식_유지,원본 서식 유지,1,web/index.html:4703
index.서식_병합,서식 병합,1,web/index.html:4704
index.텍스트만_유지,텍스트만 유지,1,web/index.html:4705
index.선택_문장,선택 문장,1,web/index.html:4712
index.이_회차만_내보내기,이 회차만 내보내기,1,web/index.html:4719
index.본문_편집,본문 편집,1,web/index.html:4723
index.단어_문장에서_비슷한_표현을_토리가_찾아_줘,단어·문장에서 비슷한 표현을 토리가 찾아 줘요,1,web/index.html:4729
index.본문_페이지_색_적용_범위,본문 페이지 색 · 적용 범위,1,web/index.html:4760
index.전체_작품,전체 작품,1,web/index.html:4764
index.현재_회차만,현재 회차만,1,web/index.html:4768
index.테마_기본,테마 기본,1,web/index.html:4812
index.대비,대비,1,web/index.html:4815
index.본문_글자를_순수_검정_흰색으로_진하게_표시,본문 글자를 순수 검정/흰색으로 진하게 표시합니다,1,web/index.html:4821
index.화면에서_감춰요_관리자_설정_옵션_숨긴_기능,화면에서 감춰요 · 관리자 → 설정 옵션 → 숨긴 기능에서 다시 켤 수 있어요,1,web/index.html:4832
index.정보,정보,1,web/index.html:4860
index.앱_버전과_사용_안내_문의_창구입니다,"앱 버전과 사용 안내, 문의 창구입니다.",1,web/index.html:4861
index.앱_이름,앱 이름,1,web/index.html:4877
index.버전,버전,1,web/index.html:4881
index.실행_환경,실행 환경,1,web/index.html:4885
index.로컬,로컬,1,web/index.html:4886
index.데이터_보관,데이터 보관,1,web/index.html:4889
index.이_기기_클라우드_필수_계정_없음,이 기기 (클라우드 필수 계정 없음),1,web/index.html:4890
index.Gemini_연결,Gemini 연결,1,web/index.html:4893
index.확인_중,확인 중…,1,web/index.html:4894
index.Gemini_모델,Gemini 모델,1,web/index.html:4897
index.업데이트_확인,업데이트 확인,1,web/index.html:4902
index.설치된_앱에서_새_버전을_확인합니다_개발_실,설치된 앱에서 새 버전을 확인합니다. (개발 실행·서버 미설정 시 안내가 표시됩니다.),1,web/index.html:4903
index.SuperTory_사용_가이드,SuperTory 사용 가이드,1,web/index.html:4908
index.도움말_검색,도움말 검색,1,web/index.html:4910
index.자주_묻는_질문_Q_amp_A,자주 묻는 질문 (Q&amp;A),1,web/index.html:4925
index.자주_묻는_내용만_모았습니다_더_자세한_설명,자주 묻는 내용만 모았습니다. 더 자세한 설명은 위 사용 설명서를 검색해 보세요.,1,web/index.html:4926
index.개발자에게_문의하기,개발자에게 문의하기,1,web/index.html:4931
index.오류_제보_개선_제안_사용_문의가_있으면_메,오류 제보·개선 제안·사용 문의가 있으면 메일 앱이 열립니다. 연락처는 화면에 표시되지 않습니다.,1,web/index.html:4932
index.문의_메일_작성,문의 메일 작성,1,web/index.html:4933
index.튜토리얼,튜토리얼,1,web/index.html:4937
index.놓치기_쉬운_숨겨진_기능을_화살표로_짚어_줍,놓치기 쉬운 숨겨진 기능을 화살표로 짚어 줍니다.,1,web/index.html:4938
index.튜토리얼_다시_보기,튜토리얼 다시 보기,1,web/index.html:4939
index.테마_변경,테마 변경,1,web/index.html:4949
index.앱_전체_화면_분위기_크롬_를_바꿉니다_원고,앱 전체 화면 분위기(크롬)를 바꿉니다. 원고지 색은 별도로 유지됩니다.,1,web/index.html:4950
index.화면에서_감춘_버튼_표시_항목입니다,화면에서 감춘 버튼·표시 항목입니다.,1,web/index.html:4967
index.활성화,활성화,1,web/index.html:4967
index.하면_다시_나타납니다_숨기려면_앱_안_버튼을,하면 다시 나타납니다. 숨기려면 앱 안 버튼을,1,web/index.html:4967
index.하세요,하세요.,1,web/index.html:4967
index.숨긴_기능이_없어요_버튼에서_우클릭_이_기능,숨긴 기능이 없어요. 버튼에서 우클릭 → 「이 기능 숨기기」로 감출 수 있습니다.,1,web/index.html:4975
index.숨긴_안내,숨긴 안내,1,web/index.html:4982
index.처음에만_보이는_설명_문구를_숨긴_목록입니다,처음에만 보이는 설명 문구를 숨긴 목록입니다.,1,web/index.html:4983
index.다시_표시,다시 표시,1,web/index.html:4983
index.하면_해당_화면에_안내가_돌아옵니다,하면 해당 화면에 안내가 돌아옵니다.,1,web/index.html:4983
index.숨긴_안내가_없어요_안내_옆_로_감출_수_있,숨긴 안내가 없어요. 안내 옆 × 로 감출 수 있습니다.,1,web/index.html:4991
index.판매_구독_시_본인_계정_플랜_결제_정보를,판매·구독 시 본인 계정·플랜·결제 정보를 확인할 공간입니다. 현재는 로컬 전용 미리보기입니다.,1,web/index.html:5002
index.회원_정보,회원 정보,1,web/index.html:5008
index.상태,상태,1,web/index.html:5010
index.표시_이름,표시 이름,1,web/index.html:5011
index.계정,계정,1,web/index.html:5012
index.온라인_계정_연동_시_여기에_프로필이_표시됩,온라인 계정 연동 시 여기에 프로필이 표시됩니다.,1,web/index.html:5014
index.플랜_정보,플랜 정보,1,web/index.html:5017
index.현재_플랜,현재 플랜,1,web/index.html:5019
index.이용_기간,이용 기간,1,web/index.html:5020
index.혜택,혜택,1,web/index.html:5021
index.로컬_저장_AI_키_내장_시_내보내기,로컬 저장 · AI(키 내장 시) · 내보내기,1,web/index.html:5021
index.유료_플랜_출시_후_여기에서_변경_비교할_수,유료 플랜 출시 후 여기에서 변경·비교할 수 있습니다.,1,web/index.html:5023
index.결제_정보,결제 정보,1,web/index.html:5026
index.결제_수단,결제 수단,1,web/index.html:5028
index.최근_결제,최근 결제,1,web/index.html:5029
index.영수증,영수증,1,web/index.html:5030
index.결제_내역_영수증_다운로드는_추후_업데이트됩,결제 내역·영수증 다운로드는 추후 업데이트됩니다.,1,web/index.html:5032
index.로컬에_저장된_작품의_이름을_바꾸거나_목록에,로컬에 저장된 작품의 이름을 바꾸거나 목록에서 지웁니다.,1,web/index.html:5046
index.삭제한_작품은_선택_목록에서_사라집니다,삭제한 작품은 선택 목록에서 사라집니다.,1,web/index.html:5046
index.tracked_facts가_비어_있는_회차만,tracked_facts가 비어 있는 회차만 다시 인덱싱합니다. 이미 처리된 회차는 건너뜁니다.,1,web/index.html:5062
index.선택_작품_재인덱싱,선택 작품 재인덱싱,1,web/index.html:5074
index.버린_원고가_보관됩니다_복원하면_바인더로_돌,버린 원고가 보관됩니다. 복원하면 바인더로 돌아갑니다.,1,web/index.html:5085
index.휴지통_비우기,휴지통 비우기,1,web/index.html:5089
index.작품을_선택하면_휴지통을_볼_수_있어요,작품을 선택하면 휴지통을 볼 수 있어요.,1,web/index.html:5093
index.시작,시작,1,web/index.html:5114
index.요약_목록,요약 목록,1,web/index.html:5124
index.바인더_순서대로_각_씬의_요약만_모았습니다,바인더 순서대로 각 씬의 요약만 모았습니다. 항목을 누르면 해당 씬으로 이동합니다.,1,web/index.html:5127
index.줄거리_개요_확인,줄거리 개요 확인,1,web/index.html:5140
index.설정집에서_입력하기,설정집에서 입력하기,1,web/index.html:5148
index.그래도_실행,그래도 실행,1,web/index.html:5149
index.글자수_제한,글자수 제한,1,web/index.html:5159
index.제한이_없으면_비워_두세요_비어_있으면_길이,제한이 없으면 비워 두세요. 비어 있으면 길이 제한 없이 작성합니다.,1,web/index.html:5162
index.폴더_원고_구조를_한눈에_봅니다_원고를_누르,폴더·원고 구조를 한눈에 봅니다. 원고를 누르면 해당 회차로 이동해요.,1,web/index.html:5190
index.작성에_집중하는_편집_화면입니다_닫아도_내용,작성에 집중하는 편집 화면입니다. 닫아도 내용은 본문에 반영됩니다.,1,web/index.html:5205
index.뷰어_모드,뷰어 모드,1,web/index.html:5265
index.읽기_전용_미리보기입니다,읽기 전용 미리보기입니다.,1,web/index.html:5266
index.가상독자_댓글_받기,가상독자 댓글 받기,1,web/index.html:5285
index.A4_비율_고정_크기로_확대_축소_스크롤로,A4 비율 고정 · 크기로 확대/축소 · 스크롤로 다음 장,1,web/index.html:5326
index.크림,크림,1,web/index.html:5352
index.백지,백지,1,web/index.html:5353
index.오래된_종이,오래된 종이,1,web/index.html:5354
index.펼친_양면_모서리_드래그로_크기_조절,펼친 양면 · 모서리 드래그로 크기 조절,1,web/index.html:5358
index.아이보리,아이보리,1,web/index.html:5380
index.연회색,연회색,1,web/index.html:5382
index.다크,다크,1,web/index.html:5383
index.세피아_다크,세피아 다크,1,web/index.html:5384
index.종이_화이트,종이 화이트,1,web/index.html:5416
index.화이트,화이트,1,web/index.html:5418
index.다크_E_ink,다크 E-ink,1,web/index.html:5419
index.중복체크,중복체크,1,web/index.html:5465
index.기준_회차의_앞뒤_4회차까지_함께_살펴_겹치,"기준 회차의 앞뒤 4회차까지 함께 살펴, 겹치는 표현이나 설명을 찾아 드려요.",1,web/index.html:5468
index.회차의_감정_곡선과_엔딩_훅을_살펴봐요_완성,회차의 감정 곡선과 엔딩 훅을 살펴봐요. 완성 여부와 상관없이 언제든 쓸 수 있어요.,1,web/index.html:5501
index.선택한_회차의_감정_곡선과_엔딩_훅을_살펴봐,선택한 회차의 감정 곡선과 엔딩 훅을 살펴봐요. 완성 여부와 상관없이 언제든 쓸 수 있어요.,1,web/index.html:5534
index.현재_회차를_읽고_있어요,현재 회차를 읽고 있어요…,1,web/index.html:5535
index.X축은_회차_진행률_Y축은_긴장도_0_10,"X축은 회차 진행률, Y축은 긴장도(0~10)예요. 점을 올리면 구간 설명을 볼 수 있어요.",1,web/index.html:5543
index.엔딩_훅,엔딩 훅,1,web/index.html:5546
index.더_강한_훅으로_바꿔보기,더 강한 훅으로 바꿔보기,1,web/index.html:5550
index.개작_제안,개작 제안,1,web/index.html:5554
index.다시_분석하기,다시 분석하기,1,web/index.html:5561
index.막힌_지점에서_다음_전개로_이어질_아이디어를,막힌 지점에서 다음 전개로 이어질 아이디어를 제안해 드려요.,1,web/index.html:5573
index.다음_아이디어가_필요한_부분은_어디인가요,다음 아이디어가 필요한 부분은 어디인가요?,1,web/index.html:5574
index.주제를_적으면_그_방향으로_집중하고_비우면,"주제를 적으면 그 방향으로 집중하고, 비우면 플롯·인물·세계관·주제 등 여러 층위를 자유롭게 제안합니다.",1,web/index.html:5628
index.어떤_회차를_피드백_받을까요,어떤 회차를 피드백 받을까요?,1,web/index.html:5646
index.최대_3개_비연속_선택_가능,최대 3개 · 비연속 선택 가능,1,web/index.html:5672
index.선택한_회차를_다시_읽지_않아도_되게_자세히,선택한 회차를 다시 읽지 않아도 되게 자세히 요약해요.,1,web/index.html:5689
index.어떤_회차를_요약해_드릴까요,어떤 회차를 요약해 드릴까요?,1,web/index.html:5690
index.최대_20개_비연속_선택_가능,최대 20개 · 비연속 선택 가능,1,web/index.html:5713
index.캐릭터나_세계관_설정이_원고_안에서_흔들리지,캐릭터나 세계관 설정이 원고 안에서 흔들리지 않았는지 짚어 드려요.,1,web/index.html:5730
index.어떤_회차의_설정_붕괴가_걱정되세요,어떤 회차의 설정 붕괴가 걱정되세요?,1,web/index.html:5731
index.최대_5개_비연속_선택_가능,최대 5개 · 비연속 선택 가능,1,web/index.html:5754
index.분석_항목_직접_추가,분석 항목 직접 추가,1,web/index.html:5768
index.자주_쓰는_분석_요청을_메뉴에_넣어_두고_한,"자주 쓰는 분석 요청을 메뉴에 넣어 두고, 한 번에 실행할 수 있어요.",1,web/index.html:5771
index.메뉴에_추가,메뉴에 추가,1,web/index.html:5781
index.선택_문장이_설정집,선택 문장이 설정집,1,web/index.html:5794
index.에_들어갑니다,에 들어갑니다.,1,web/index.html:5794
index.아직_미정,(아직 미정),1,web/index.html:5819
index.미정,(미정),1,web/index.html:5829
index.회수_예정_회차를_열_때_토리_알림_받기,회수 예정 회차를 열 때 토리 알림 받기,1,web/index.html:5837
index.알림_받기_선택_시_해당_회차를_열면_토리가,"알림 받기 선택 시, 해당 회차를 열면 토리가 팝업으로 알려 줍니다.",1,web/index.html:5839
index.1일_후_다시_알림,1일 후 다시 알림,1,web/index.html:5877
index.다음에_이_회차_열_때_다시_알림,다음에 이 회차 열 때 다시 알림,1,web/index.html:5878
index.지정한_회차를_열_때_토리가_팝업으로_알려,지정한 회차를 열 때 토리가 팝업으로 알려 줍니다. 떡밥 회수 알림과 함께 오른쪽 알림 센터에 모입니다.,1,web/index.html:5892
index.아직_미정_목록에만_저장,(아직 미정 — 목록에만 저장),1,web/index.html:5903
index.해당_회차_열_때_토리_팝업_문구,해당 회차 열 때 토리 팝업 문구,1,web/index.html:5912
index.링크_출처를_적거나_PDF_Word_한글_텍,"링크 출처를 적거나, PDF·Word·한글·텍스트 파일을 올려 작성 중 옆에 펼쳐 볼 수 있어요. 파일은 이 기기에 저장되며 뷰어 전용입니다.",1,web/index.html:5930
index.PDF_DOCX_HWP_HWPX_TXT_최대,PDF · DOCX · HWP/HWPX · TXT (최대 15MB) · 뷰어 전용,1,web/index.html:5944
index.목록_번호_재정렬,목록 번호 재정렬,1,web/index.html:5963
index.1장_제목,1장 제목,1,web/index.html:5972
index.제1장_제목,제1장 제목,1,web/index.html:5973
index.1_제목,1. 제목,1,web/index.html:5974
index.아니오,아니오,1,web/index.html:5978
index.예_재정렬,"예, 재정렬",1,web/index.html:5979
main.백엔드를_찾을_수_없습니다,백엔드를 찾을 수 없습니다.,1,electron/main.js:219
main.번들_resources_SERVER_DIR,번들: resources/${SERVER_DIR_NAME}/${SERVER_EXE_NAME},1,electron/main.js:220
main.또는_개발용_appPy,또는 개발용: ${appPy},1,electron/main.js:221
main.앱이_종료되어_서버_대기를_중단했습니다,앱이 종료되어 서버 대기를 중단했습니다.,1,electron/main.js:230
main.백엔드_서버가_timeoutMs_1000_초,백엔드 서버가 ${timeoutMs / 1000}초 안에 응답하지 않았습니다. (${host}:${port}),1,electron/main.js:242
main.alert_백엔드_서버가_종료되었습니다_앱을,"alert(""백엔드 서버가 종료되었습니다. 앱을 다시 시작해 주세요. (code=${code})"")",1,electron/main.js:297
main.나중에,나중에,1,electron/main.js:473
main.새_버전_version_현재_버전_curre,새 버전: ${version} 현재 버전: ${current}  확인하면 백그라운드에서 받은 뒤 앱을 다시 시작해 설치합니다.,1,electron/main.js:480
main.현재_버전_current_확인하면_백그라운드,현재 버전: ${current}  확인하면 백그라운드에서 받은 뒤 앱을 다시 시작해 설치합니다.,1,electron/main.js:481
main.업데이트를_다운로드하는_중,업데이트를 다운로드하는 중…,1,electron/main.js:503
main.업데이트를_설치하기_위해_앱을_다시_시작합니,업데이트를 설치하기 위해 앱을 다시 시작합니다…,1,electron/main.js:535
main.업데이트_설치를_시작하지_못했습니다_앱을_종,업데이트 설치를 시작하지 못했습니다. 앱을 종료한 뒤 다시 실행해 주세요.,1,electron/main.js:549
main.업데이트_서버_GitHub_Release,(업데이트 서버·GitHub Release·권한을 확인해 주세요.),1,electron/main.js:632
main.업데이트_다운로드_중_문제가_생겼습니다,업데이트 다운로드 중 문제가 생겼습니다.,1,electron/main.js:639
main.업데이트_확인_중_문제가_생겼습니다_conf,업데이트 확인 중 문제가 생겼습니다.${configHint},1,electron/main.js:640
main.업데이트_다운로드_중_pct,업데이트 다운로드 중… ${pct}%,1,electron/main.js:652
main.다운로드_완료_설치를_위해_앱을_다시_시작합,다운로드 완료. 설치를 위해 앱을 다시 시작합니다…,1,electron/main.js:664
main.supertory_auto_update_c,[supertory] auto update check disabled; use admin「업데이트 확인」,1,electron/main.js:679
main.내보내기_폴더_선택,내보내기 폴더 선택,1,electron/main.js:732
main.업데이트_서버가_설정되지_않았습니다_upda,업데이트 서버가 설정되지 않았습니다. update-feed.json 또는 SUPERTORY_UPDATE_OWNER/REPO를 설정해 주세요.,1,electron/main.js:748
main.SuperTory_시작_실패,SuperTory 시작 실패,1,electron/main.js:803
main.설치_파일이_손상되었거나_백엔드가_포함되지,설치 파일이 손상되었거나 백엔드가 포함되지 않았을 수 있습니다.,1,electron/main.js:805
main.개발_중이라면_python_scripts_b,개발 중이라면: python scripts/build_backend.py 후 다시 실행해 주세요.,1,electron/main.js:806
